episode,campaign_id,epsilon,total_reward,n_steps,precision,recall,f1,avg_loss
1,cicids2017_fri_c0,0.999525,-82.70000000000002,59,0.6071428571428571,0.4857142857142857,0.5396825396825397,
2,cicids2017_wed_c1,0.99905,-29.899999999999977,45,0.3157894736842105,0.5454545454545454,0.39999999999999997,4.631278569389915
3,cicids2017_wed_c0,0.998575,-104.10000000000001,52,0.6190476190476191,0.37142857142857144,0.4642857142857143,2.7994281519608175
4,cicids2017_tue_c0,0.9981,-47.49999999999999,56,0.7857142857142857,0.6285714285714286,0.6984126984126985,2.538322673065623
5,cicids2017_tue_c0,0.997625,-41.59999999999999,55,0.7931034482758621,0.6571428571428571,0.71875,2.2608266625267333
6,cicids2017_wed_c1,0.99715,-33.099999999999994,35,0.2857142857142857,0.5454545454545454,0.37499999999999994,2.544345961267257
7,cicids2017_fri_c0,0.996675,-75.80000000000001,57,0.6428571428571429,0.5142857142857142,0.5714285714285714,2.318913261875784
8,cicids2017_wed_c0,0.9962,-94.10000000000002,54,0.6,0.42857142857142855,0.5,2.4328516063273553
9,cicids2017_fri_c0,0.995725,-78.00000000000001,57,0.6,0.5142857142857142,0.5538461538461538,2.5674751312948323
10,cicids2017_fri_c0,0.99525,-99.80000000000004,57,0.5833333333333334,0.4,0.4745762711864407,2.605041574966755
11,cicids2017_wed_c0,0.994775,-54.39999999999999,53,0.6470588235294118,0.6285714285714286,0.6376811594202899,2.663207436892101
12,cicids2017_wed_c1,0.9943,-47.09999999999999,42,0.2,0.2727272727272727,0.23076923076923075,2.5302862144910128
13,cicids2017_wed_c0,0.993825,-110.10000000000002,58,0.48148148148148145,0.37142857142857144,0.41935483870967744,2.7659198602723936
14,cicids2017_wed_c1,0.99335,-24.699999999999992,37,0.35,0.6363636363636364,0.45161290322580644,2.7988268807742664
15,cicids2017_wed_c0,0.992875,-50.79999999999998,56,0.7096774193548387,0.6285714285714286,0.6666666666666666,2.788217327477954
16,cicids2017_wed_c1,0.9924,-40.29999999999998,45,0.22727272727272727,0.45454545454545453,0.30303030303030304,2.6823290512747913
17,cicids2017_wed_c0,0.991925,-62.09999999999999,52,0.7142857142857143,0.5714285714285714,0.634920634920635,2.9117090483716797
18,cicids2017_fri_c0,0.99145,-126.10000000000002,56,0.45454545454545453,0.2857142857142857,0.3508771929824561,2.841713266686581
19,cicids2017_wed_c1,0.990975,-53.59999999999998,43,0.14285714285714285,0.2727272727272727,0.18749999999999997,2.686343991437859
20,cicids2017_tue_c0,0.9905,-89.10000000000002,55,0.5925925925925926,0.45714285714285713,0.5161290322580645,2.710012322063571
21,cicids2017_wed_c0,0.990025,-76.0,55,0.6428571428571429,0.5142857142857142,0.5714285714285714,2.761021204401501
22,cicids2017_tue_c0,0.98955,-78.0,57,0.6,0.5142857142857142,0.5538461538461538,2.8274276799348166
23,cicids2017_fri_c0,0.989075,-72.0,57,0.6129032258064516,0.5428571428571428,0.5757575757575757,2.8070417239713903
24,cicids2017_wed_c1,0.9886,-34.79999999999999,40,0.2608695652173913,0.5454545454545454,0.3529411764705882,2.8125428618316293
25,cicids2017_wed_c1,0.988125,-28.599999999999987,42,0.2916666666666667,0.6363636363636364,0.4,2.8323496394039025
26,cicids2017_wed_c0,0.98765,-94.0,55,0.6,0.42857142857142855,0.5,2.641811034352552
27,cicids2017_tue_c0,0.987175,-90.0,57,0.5714285714285714,0.45714285714285713,0.5079365079365079,2.641589474742278
28,cicids2017_wed_c1,0.9867,-10.100000000000005,41,0.45,0.8181818181818182,0.5806451612903226,2.693344549785285
29,cicids2017_wed_c0,0.986225,-105.80000000000001,57,0.5652173913043478,0.37142857142857144,0.4482758620689655,2.5762201265517852
30,cicids2017_tue_c0,0.98575,-69.9,56,0.6551724137931034,0.5428571428571428,0.5937499999999999,2.7824742223206513
31,cicids2017_tue_c0,0.985275,-93.00000000000001,54,0.625,0.42857142857142855,0.5084745762711864,2.6872561029957924
32,cicids2017_fri_c0,0.9848,-47.19999999999999,54,0.6764705882352942,0.6571428571428571,0.6666666666666666,2.7588952565645863
33,cicids2017_fri_c0,0.984325,-44.89999999999999,55,0.71875,0.6571428571428571,0.6865671641791045,2.655093789750251
34,cicids2017_wed_c0,0.98385,-68.70000000000002,57,0.6785714285714286,0.5428571428571428,0.603174603174603,2.588509515984122
35,cicids2017_wed_c1,0.983375,-39.3,33,0.25,0.45454545454545453,0.3225806451612903,2.547151200030861
36,cicids2017_fri_c0,0.9829,-73.1,57,0.59375,0.5428571428571428,0.5671641791044776,2.6004401250304996
37,cicids2017_wed_c1,0.982425,-27.299999999999983,44,0.30434782608695654,0.6363636363636364,0.411764705882353,2.667659949839759
38,cicids2017_wed_c1,0.98195,-30.899999999999977,46,0.3,0.5454545454545454,0.3870967741935483,2.5793185773614273
39,cicids2017_tue_c0,0.981475,-79.7,56,0.68,0.4857142857142857,0.5666666666666667,2.687206702564635
40,cicids2017_wed_c0,0.981,-42.69999999999999,55,0.7666666666666667,0.6571428571428571,0.7076923076923077,2.740995575614739
41,cicids2017_fri_c0,0.980525,-80.69999999999999,57,0.6538461538461539,0.4857142857142857,0.5573770491803278,2.549657103991795
42,cicids2017_wed_c1,0.98005,-39.999999999999986,37,0.23809523809523808,0.45454545454545453,0.31249999999999994,2.5117175723117793
43,cicids2017_wed_c0,0.979575,-77.60000000000005,55,0.7391304347826086,0.4857142857142857,0.5862068965517241,2.5464003315663626
44,cicids2017_tue_c0,0.9791,-93.90000000000003,56,0.6,0.42857142857142855,0.5,2.6777339945503646
45,cicids2017_fri_c0,0.978625,-63.79999999999999,57,0.6666666666666666,0.5714285714285714,0.6153846153846153,2.4625356899264785
46,cicids2017_wed_c1,0.97815,-39.89999999999999,44,0.21428571428571427,0.5454545454545454,0.30769230769230765,2.642111455721757
47,cicids2017_tue_c0,0.977675,-80.10000000000002,52,0.68,0.4857142857142857,0.5666666666666667,2.599127953997458
48,cicids2017_wed_c1,0.9772,-32.59999999999998,34,0.35714285714285715,0.45454545454545453,0.4,2.5561680928745947
49,cicids2017_wed_c0,0.976725,-48.29999999999999,54,0.6571428571428571,0.6571428571428571,0.6571428571428571,2.604831818325408
50,cicids2017_wed_c1,0.97625,-37.499999999999986,40,0.2631578947368421,0.45454545454545453,0.3333333333333333,2.4777434591642695
51,cicids2017_wed_c1,0.9757750000000001,-41.29999999999998,46,0.21739130434782608,0.45454545454545453,0.29411764705882354,2.4971012463257862
52,cicids2017_fri_c0,0.9753000000000001,-97.0,58,0.5357142857142857,0.42857142857142855,0.47619047619047616,2.5587283456758976
53,cicids2017_tue_c0,0.974825,-103.80000000000005,55,0.6190476190476191,0.37142857142857144,0.4642857142857143,2.4114877922171125
54,cicids2017_tue_c0,0.97435,-91.1,57,0.5517241379310345,0.45714285714285713,0.5,2.5226564992462452
55,cicids2017_tue_c0,0.973875,-78.20000000000002,55,0.6,0.5142857142857142,0.5538461538461538,2.4081660007501506
56,cicids2017_fri_c0,0.9734,-87.70000000000002,58,0.6153846153846154,0.45714285714285713,0.5245901639344263,2.398135867556974
57,cicids2017_wed_c0,0.972925,-68.39999999999999,55,0.5882352941176471,0.5714285714285714,0.5797101449275363,2.415024366133894
58,cicids2017_fri_c0,0.97245,-61.49999999999999,58,0.7142857142857143,0.5714285714285714,0.634920634920635,2.524843710939991
59,cicids2017_wed_c0,0.971975,-78.20000000000002,55,0.6,0.5142857142857142,0.5538461538461538,2.4730872361661516
60,cicids2017_wed_c0,0.9715,-70.30000000000001,58,0.5555555555555556,0.5714285714285714,0.5633802816901409,2.50830232702579
61,cicids2017_wed_c1,0.971025,-38.59999999999999,40,0.25,0.45454545454545453,0.3225806451612903,2.423069661555854
62,cicids2017_wed_c0,0.97055,-102.10000000000002,56,0.5384615384615384,0.4,0.45901639344262296,2.5096941638224686
63,cicids2017_tue_c0,0.970075,-40.999999999999986,56,0.6857142857142857,0.6857142857142857,0.6857142857142857,2.6116355637016446
64,cicids2017_wed_c1,0.9696,-34.29999999999999,39,0.3125,0.45454545454545453,0.3703703703703703,2.405940819163147
65,cicids2017_tue_c0,0.969125,-49.099999999999994,51,0.7586206896551724,0.6285714285714286,0.6875,2.438168093818705
66,cicids2017_tue_c0,0.96865,-75.6,54,0.5588235294117647,0.5428571428571428,0.5507246376811593,2.446100704544494
67,cicids2017_wed_c1,0.968175,-44.69999999999999,45,0.19230769230769232,0.45454545454545453,0.27027027027027023,2.4564456305337576
68,cicids2017_tue_c0,0.9677,-80.10000000000001,52,0.68,0.4857142857142857,0.5666666666666667,2.3978392560372837
69,cicids2017_fri_c0,0.967225,-57.699999999999996,58,0.6774193548387096,0.6,0.6363636363636364,2.4431403486471384
70,cicids2017_tue_c0,0.96675,-75.0,54,0.6666666666666666,0.5142857142857142,0.5806451612903226,2.6579583304525705
71,cicids2017_wed_c1,0.966275,-28.399999999999984,38,0.35294117647058826,0.5454545454545454,0.42857142857142855,2.468408119891316
72,cicids2017_fri_c0,0.9658,-106.80000000000003,58,0.5416666666666666,0.37142857142857144,0.44067796610169496,2.3148821369433574
73,cicids2017_tue_c0,0.965325,-98.9,55,0.6086956521739131,0.4,0.48275862068965525,2.486985851382865
74,cicids2017_fri_c0,0.96485,-83.8,59,0.5862068965517241,0.4857142857142857,0.53125,2.452985248365105
75,cicids2017_wed_c0,0.964375,-61.79999999999998,55,0.7142857142857143,0.5714285714285714,0.634920634920635,2.5659290203741585
76,cicids2017_tue_c0,0.9639,-73.50000000000001,53,0.59375,0.5428571428571428,0.5671641791044776,2.5120927404470357
77,cicids2017_tue_c0,0.963425,-64.89999999999999,57,0.6451612903225806,0.5714285714285714,0.606060606060606,2.538316093584743
78,cicids2017_fri_c0,0.96295,-73.5,58,0.6923076923076923,0.5142857142857142,0.5901639344262295,2.4748324105333523
79,cicids2017_wed_c0,0.962475,-41.899999999999984,52,0.7931034482758621,0.6571428571428571,0.71875,2.3548295814818094
80,cicids2017_wed_c0,0.962,-104.20000000000002,57,0.5,0.4,0.4444444444444445,2.464578340668991
81,cicids2017_wed_c1,0.961525,-28.799999999999986,34,0.35294117647058826,0.5454545454545454,0.42857142857142855,2.5183981998359175
82,cicids2017_tue_c0,0.96105,-96.3,54,0.5555555555555556,0.42857142857142855,0.48387096774193544,2.505776054610946
83,cicids2017_fri_c0,0.960575,-98.60000000000001,58,0.6086956521739131,0.4,0.48275862068965525,2.4921945719062477
84,cicids2017_wed_c1,0.9601,-30.499999999999986,39,0.3157894736842105,0.5454545454545454,0.39999999999999997,2.4559682652697217
85,cicids2017_wed_c0,0.959625,-97.20000000000005,56,0.5357142857142857,0.42857142857142855,0.47619047619047616,2.529938124251055
86,cicids2017_wed_c0,0.95915,-90.30000000000004,54,0.5714285714285714,0.45714285714285713,0.5079365079365079,2.5204701303068586
87,cicids2017_fri_c0,0.958675,-64.9,57,0.6451612903225806,0.5714285714285714,0.606060606060606,2.5072788660754424
88,cicids2017_tue_c0,0.9582,-85.4,54,0.5666666666666667,0.4857142857142857,0.523076923076923,2.6118872229436825
89,cicids2017_wed_c1,0.957725,-50.999999999999986,42,0.16,0.36363636363636365,0.2222222222222222,2.623887048996378
90,cicids2017_wed_c1,0.95725,-42.99999999999998,45,0.2222222222222222,0.36363636363636365,0.27586206896551724,2.681147895064515
91,cicids2017_tue_c0,0.956775,-39.79999999999998,57,0.7058823529411765,0.6857142857142857,0.6956521739130436,2.4385151328027233
92,cicids2017_wed_c1,0.9563,-29.499999999999986,44,0.28,0.6363636363636364,0.3888888888888889,2.3375454800824125
93,cicids2017_wed_c1,0.955825,-40.399999999999984,44,0.22727272727272727,0.45454545454545453,0.30303030303030304,2.455320180801934
94,cicids2017_tue_c0,0.95535,-114.00000000000003,57,0.5,0.34285714285714286,0.4067796610169492,2.388469213625313
95,cicids2017_wed_c1,0.954875,-20.0,35,0.36363636363636365,0.7272727272727273,0.4848484848484849,2.444167788267199
96,cicids2017_tue_c0,0.9544,-95.70000000000002,54,0.7,0.4,0.509090909090909,2.510271364743181
97,cicids2017_fri_c0,0.953925,-105.10000000000002,59,0.4827586206896552,0.4,0.43750000000000006,2.3936444029212143
98,cicids2017_wed_c0,0.95345,-62.69999999999999,57,0.6896551724137931,0.5714285714285714,0.625,2.4087312337634588
99,cicids2017_wed_c0,0.952975,-85.30000000000001,55,0.5666666666666667,0.4857142857142857,0.523076923076923,2.459224413999022
100,cicids2017_fri_c0,0.9525,-56.199999999999996,57,0.6111111111111112,0.6285714285714286,0.619718309859155,2.39547412747067
101,cicids2017_wed_c1,0.952025,-33.89999999999999,38,0.2727272727272727,0.5454545454545454,0.3636363636363636,2.430870689266887
102,cicids2017_fri_c0,0.95155,-92.80000000000003,56,0.625,0.42857142857142855,0.5084745762711864,2.421130039894105
103,cicids2017_wed_c1,0.951075,-21.19999999999999,39,0.4117647058823529,0.6363636363636364,0.5,2.3864996109603616
104,cicids2017_fri_c0,0.9506,-68.7,57,0.6785714285714286,0.5428571428571428,0.603174603174603,2.466580277127495
105,cicids2017_wed_c1,0.950125,-37.49999999999998,40,0.2631578947368421,0.45454545454545453,0.3333333333333333,2.5504273150777275
106,cicids2017_wed_c1,0.94965,-26.39999999999999,42,0.3181818181818182,0.6363636363636364,0.4242424242424242,2.4241254510459465
107,cicids2017_wed_c1,0.949175,-31.79999999999999,37,0.3,0.5454545454545454,0.3870967741935483,2.4500648623604757
108,cicids2017_wed_c0,0.9487,-56.39999999999999,55,0.6111111111111112,0.6285714285714286,0.619718309859155,2.5002511201073307
109,cicids2017_tue_c0,0.948225,-91.90000000000003,54,0.6521739130434783,0.42857142857142855,0.5172413793103448,2.4218240015038077
110,cicids2017_wed_c0,0.94775,-57.39999999999999,50,0.7,0.6,0.6461538461538462,2.4762630766769655
111,cicids2017_tue_c0,0.947275,-57.999999999999986,55,0.6774193548387096,0.6,0.6363636363636364,2.4987031952904464
112,cicids2017_wed_c1,0.9468,-36.399999999999984,40,0.2777777777777778,0.45454545454545453,0.3448275862068966,2.487405006842116
113,cicids2017_wed_c0,0.946325,-78.80000000000001,54,0.7083333333333334,0.4857142857142857,0.576271186440678,2.4308885277257835
114,cicids2017_tue_c0,0.94585,-86.00000000000003,53,0.6666666666666666,0.45714285714285713,0.5423728813559322,2.471354944485763
115,cicids2017_wed_c0,0.945375,-81.5,55,0.5454545454545454,0.5142857142857142,0.5294117647058822,2.4748627861752563
116,cicids2017_wed_c0,0.9449,-87.20000000000002,52,0.64,0.45714285714285713,0.5333333333333333,2.3654582565126985
117,cicids2017_fri_c0,0.944425,-96.30000000000001,54,0.5555555555555556,0.42857142857142855,0.48387096774193544,2.5181930008775555
118,cicids2017_fri_c0,0.94395,-99.80000000000001,57,0.5833333333333334,0.4,0.4745762711864407,2.3976017559924343
119,cicids2017_fri_c0,0.9434750000000001,-73.8,55,0.6923076923076923,0.5142857142857142,0.5901639344262295,2.407763686888565
120,cicids2017_fri_c0,0.9430000000000001,-74.80000000000001,56,0.6666666666666666,0.5142857142857142,0.5806451612903226,2.409760182862448
121,cicids2017_tue_c0,0.9425250000000001,-94.20000000000002,53,0.6,0.42857142857142855,0.5,2.4696130369964435
122,cicids2017_wed_c0,0.94205,-87.90000000000002,56,0.6153846153846154,0.45714285714285713,0.5245901639344263,2.3344713696310966
123,cicids2017_wed_c0,0.941575,-45.69999999999998,58,0.696969696969697,0.6571428571428571,0.676470588235294,2.4379901452527215
124,cicids2017_tue_c0,0.9411,-60.19999999999999,55,0.6363636363636364,0.6,0.6176470588235293,2.2720353235142605
125,cicids2017_wed_c1,0.940625,-33.9,38,0.2727272727272727,0.5454545454545454,0.3636363636363636,2.4808030340376463
126,cicids2017_wed_c0,0.94015,-71.19999999999999,54,0.6333333333333333,0.5428571428571428,0.5846153846153846,2.3644210187814445
127,cicids2017_fri_c0,0.939675,-78.90000000000002,59,0.5806451612903226,0.5142857142857142,0.5454545454545455,2.3274351635401085
128,cicids2017_wed_c1,0.9392,-25.399999999999984,41,0.3333333333333333,0.6363636363636364,0.43749999999999994,2.355427918882709
129,cicids2017_wed_c0,0.938725,-93.10000000000004,53,0.625,0.42857142857142855,0.5084745762711864,2.381303563421825
130,cicids2017_wed_c0,0.93825,-86.80000000000001,56,0.64,0.45714285714285713,0.5333333333333333,2.4726514006874525
131,cicids2017_wed_c0,0.937775,-52.599999999999994,49,0.6875,0.6285714285714286,0.6567164179104478,2.4336356014716167
132,cicids2017_wed_c0,0.9373,-100.70000000000005,59,0.56,0.4,0.4666666666666667,2.402752606269637
133,cicids2017_fri_c0,0.936825,-91.70000000000002,56,0.6521739130434783,0.42857142857142855,0.5172413793103448,2.4433268900563045
134,cicids2017_wed_c0,0.93635,-71.9,58,0.6129032258064516,0.5428571428571428,0.5757575757575757,2.5857544744894865
135,cicids2017_wed_c1,0.935875,-27.69999999999999,40,0.30434782608695654,0.6363636363636364,0.411764705882353,2.538134634543824
136,cicids2017_tue_c0,0.9354,-74.4,55,0.5757575757575758,0.5428571428571428,0.5588235294117646,2.6182239079091327
137,cicids2017_wed_c0,0.934925,-70.9,57,0.6333333333333333,0.5428571428571428,0.5846153846153846,2.465686123540189
138,cicids2017_fri_c0,0.93445,-68.80000000000001,56,0.6785714285714286,0.5428571428571428,0.603174603174603,2.4269765663885985
139,cicids2017_tue_c0,0.933975,-80.2,51,0.68,0.4857142857142857,0.5666666666666667,2.4394502058532592
140,cicids2017_tue_c0,0.9335,-62.69999999999998,57,0.6896551724137931,0.5714285714285714,0.625,2.5577090629735113
141,cicids2017_wed_c1,0.933025,-39.499999999999986,42,0.23809523809523808,0.45454545454545453,0.31249999999999994,2.378755783321713
142,cicids2017_fri_c0,0.93255,-59.099999999999994,55,0.65625,0.6,0.626865671641791,2.4298959684834647
143,cicids2017_tue_c0,0.932075,-33.8,57,0.7142857142857143,0.7142857142857143,0.7142857142857143,2.387718241033421
144,cicids2017_tue_c0,0.9316,-84.19999999999999,55,0.5862068965517241,0.4857142857142857,0.53125,2.5360859619552536
145,cicids2017_wed_c1,0.931125,-41.599999999999994,43,0.21739130434782608,0.45454545454545453,0.29411764705882354,2.493655476156782
146,cicids2017_wed_c1,0.93065,-38.499999999999986,41,0.25,0.45454545454545453,0.3225806451612903,2.532962732093441
147,cicids2017_fri_c0,0.930175,-70.00000000000003,55,0.6551724137931034,0.5428571428571428,0.5937499999999999,2.4341142934263473
148,cicids2017_fri_c0,0.9297,-114.2,55,0.5,0.34285714285714286,0.4067796610169492,2.48961978358155
149,cicids2017_wed_c1,0.929225,-8.800000000000002,32,0.5,0.8181818181818182,0.6206896551724137,2.4054598644252203
150,cicids2017_fri_c0,0.92875,-57.79999999999999,57,0.6774193548387096,0.6,0.6363636363636364,2.4976499970964094
151,cicids2017_wed_c1,0.928275,-34.899999999999984,33,0.3125,0.45454545454545453,0.3703703703703703,2.4018695182347796
152,cicids2017_tue_c0,0.9278,-95.30000000000001,53,0.5769230769230769,0.42857142857142855,0.4918032786885245,2.294358207894957
153,cicids2017_wed_c1,0.927325,-31.599999999999987,39,0.3,0.5454545454545454,0.3870967741935483,2.474821530409944
154,cicids2017_tue_c0,0.92685,-77.1,55,0.6206896551724138,0.5142857142857142,0.5625,2.468160322735958
155,cicids2017_tue_c0,0.926375,-94.4,57,0.5,0.45714285714285713,0.4776119402985075,2.413582134671527
156,cicids2017_wed_c0,0.9259,-89.2,54,0.5925925925925926,0.45714285714285713,0.5161290322580645,2.3046678369246583
157,cicids2017_fri_c0,0.9254249999999999,-92.60000000000004,58,0.625,0.42857142857142855,0.5084745762711864,2.3111444615834547
158,cicids2017_wed_c0,0.92495,-96.30000000000001,54,0.5555555555555556,0.42857142857142855,0.48387096774193544,2.342385602067953
159,cicids2017_wed_c0,0.924475,-71.2,54,0.6333333333333333,0.5428571428571428,0.5846153846153846,2.367792559520176
160,cicids2017_wed_c1,0.924,-32.999999999999986,47,0.2727272727272727,0.5454545454545454,0.3636363636363636,2.434928035375861
161,cicids2017_wed_c1,0.923525,-32.399999999999984,42,0.2857142857142857,0.5454545454545454,0.37499999999999994,2.3136073842788067
162,cicids2017_wed_c0,0.92305,-54.999999999999986,52,0.75,0.6,0.6666666666666665,2.478288700078439
163,cicids2017_tue_c0,0.922575,-58.9,57,0.65625,0.6,0.626865671641791,2.3484525404765635
164,cicids2017_tue_c0,0.9221,-120.00000000000003,57,0.4782608695652174,0.3142857142857143,0.3793103448275862,2.3652097913606704
165,cicids2017_tue_c0,0.921625,-62.899999999999984,55,0.6896551724137931,0.5714285714285714,0.625,2.3873048965062624
166,cicids2017_wed_c1,0.92115,-13.600000000000003,39,0.391304347826087,0.8181818181818182,0.5294117647058824,2.3489784867894463
167,cicids2017_tue_c0,0.920675,-86.10000000000002,58,0.5483870967741935,0.4857142857142857,0.5151515151515151,2.490586782446244
168,cicids2017_fri_c0,0.9202,-101.00000000000003,56,0.56,0.4,0.4666666666666667,2.3633321253138897
169,cicids2017_tue_c0,0.919725,-80.5,54,0.5625,0.5142857142857142,0.5373134328358209,2.397357445060695
170,cicids2017_fri_c0,0.91925,-63.599999999999994,59,0.6666666666666666,0.5714285714285714,0.6153846153846153,2.3575710075622065
171,cicids2017_fri_c0,0.918775,-81.70000000000002,58,0.6296296296296297,0.4857142857142857,0.5483870967741936,2.3782926621452987
172,cicids2017_fri_c0,0.9183,-97.0,58,0.5357142857142857,0.42857142857142855,0.47619047619047616,2.416887358070843
173,cicids2017_wed_c1,0.917825,-14.600000000000003,40,0.375,0.8181818181818182,0.5142857142857142,2.377680715633801
174,cicids2017_wed_c0,0.91735,-87.80000000000004,57,0.6153846153846154,0.45714285714285713,0.5245901639344263,2.4164065329684266
175,cicids2017_wed_c0,0.916875,-76.90000000000003,57,0.6206896551724138,0.5142857142857142,0.5625,2.4062884471909998
176,cicids2017_tue_c0,0.9164,-94.0,55,0.6,0.42857142857142855,0.5,2.47751056790873
177,cicids2017_wed_c0,0.915925,-87.20000000000003,58,0.53125,0.4857142857142857,0.5074626865671641,2.549011512405902
178,cicids2017_fri_c0,0.91545,-92.3,56,0.5333333333333333,0.45714285714285713,0.4923076923076923,2.4796759283897507
179,cicids2017_wed_c1,0.914975,-45.79999999999998,33,0.23076923076923078,0.2727272727272727,0.24999999999999994,2.6255075136668173
180,cicids2017_wed_c0,0.9145,-82.3,52,0.6296296296296297,0.4857142857142857,0.5483870967741936,2.4635161394799288
181,cicids2017_wed_c1,0.914025,-28.399999999999984,38,0.35294117647058826,0.5454545454545454,0.42857142857142855,2.4655765176862694
182,cicids2017_fri_c0,0.91355,-79.19999999999999,56,0.5806451612903226,0.5142857142857142,0.5454545454545455,2.3324139815083385
183,cicids2017_tue_c0,0.913075,-66.80000000000001,54,0.7307692307692307,0.5428571428571428,0.6229508196721311,2.4849547487273917
184,cicids2017_wed_c0,0.9126,-84.9,53,0.6956521739130435,0.45714285714285713,0.5517241379310345,2.5460284788180907
185,cicids2017_tue_c0,0.912125,-74.90000000000003,55,0.6666666666666666,0.5142857142857142,0.5806451612903226,2.3418663980891887
186,cicids2017_tue_c0,0.91165,-58.09999999999999,54,0.6774193548387096,0.6,0.6363636363636364,2.5799990238230492
187,cicids2017_fri_c0,0.911175,-65.49999999999997,56,0.76,0.5428571428571428,0.6333333333333332,2.462778969285599
188,cicids2017_tue_c0,0.9107000000000001,-53.09999999999999,55,0.6666666666666666,0.6285714285714286,0.6470588235294118,2.6142352722887234
189,cicids2017_fri_c0,0.9102250000000001,-47.3,59,0.5853658536585366,0.6857142857142857,0.6315789473684211,2.410718637661448
190,cicids2017_tue_c0,0.9097500000000001,-97.3,55,0.5357142857142857,0.42857142857142855,0.47619047619047616,2.4389264407515365
191,cicids2017_wed_c0,0.909275,-51.09999999999999,53,0.7096774193548387,0.6285714285714286,0.6666666666666666,2.4929646932124596
192,cicids2017_wed_c0,0.9088,-72.00000000000003,57,0.6129032258064516,0.5428571428571428,0.5757575757575757,2.392993072467967
193,cicids2017_wed_c0,0.908325,-52.99999999999999,56,0.6666666666666666,0.6285714285714286,0.6470588235294118,2.6235012487954132
194,cicids2017_tue_c0,0.90785,-61.09999999999999,51,0.7407407407407407,0.5714285714285714,0.6451612903225806,2.4255968485340884
195,cicids2017_wed_c1,0.907375,-36.29999999999999,41,0.2777777777777778,0.45454545454545453,0.3448275862068966,2.499438751017744
196,cicids2017_fri_c0,0.9069,-61.1,57,0.6176470588235294,0.6,0.608695652173913,2.624406936311469
197,cicids2017_tue_c0,0.906425,-50.199999999999996,57,0.6216216216216216,0.6571428571428571,0.6388888888888888,2.4844437172929927
198,cicids2017_fri_c0,0.90595,-98.2,57,0.5172413793103449,0.42857142857142855,0.46875000000000006,2.364210737391972
199,cicids2017_tue_c0,0.905475,-84.1,56,0.5862068965517241,0.4857142857142857,0.53125,2.3662671447370474
200,cicids2017_wed_c1,0.905,-40.79999999999999,40,0.22727272727272727,0.45454545454545453,0.30303030303030304,2.5537194495431903
201,cicids2017_tue_c0,0.904525,-63.099999999999994,53,0.6896551724137931,0.5714285714285714,0.625,2.4060755106937615
202,cicids2017_wed_c1,0.90405,-14.700000000000001,39,0.375,0.8181818181818182,0.5142857142857142,2.490948949624016
203,cicids2017_tue_c0,0.903575,-88.00000000000003,55,0.6153846153846154,0.45714285714285713,0.5245901639344263,2.5227843623914685
204,cicids2017_wed_c0,0.9031,-57.5,55,0.5945945945945946,0.6285714285714286,0.611111111111111,2.578604178294652
205,cicids2017_tue_c0,0.902625,-74.19999999999999,51,0.6923076923076923,0.5142857142857142,0.5901639344262295,2.5835480194202907
206,cicids2017_tue_c0,0.90215,-67.5,53,0.6060606060606061,0.5714285714285714,0.588235294117647,2.394705950969346
207,cicids2017_wed_c1,0.901675,-32.29999999999999,31,0.5714285714285714,0.36363636363636365,0.4444444444444444,2.375551767704194
208,cicids2017_wed_c1,0.9012,-31.099999999999994,33,0.3157894736842105,0.5454545454545454,0.39999999999999997,2.580263436945262
209,cicids2017_tue_c0,0.900725,-29.79999999999999,53,0.8064516129032258,0.7142857142857143,0.7575757575757576,2.5059133430751843
210,cicids2017_wed_c1,0.90025,-32.19999999999998,44,0.2857142857142857,0.5454545454545454,0.37499999999999994,2.586408236031591
211,cicids2017_tue_c0,0.899775,-90.6,51,0.5714285714285714,0.45714285714285713,0.5079365079365079,2.447926702298805
212,cicids2017_wed_c0,0.8993,-59.19999999999999,54,0.65625,0.6,0.626865671641791,2.4838604115137746
213,cicids2017_wed_c1,0.898825,-21.0,42,0.3,0.8181818181818182,0.43902439024390244,2.6345258482617235
214,cicids2017_tue_c0,0.89835,-77.30000000000001,53,0.6206896551724138,0.5142857142857142,0.5625,2.4657064123091805
215,cicids2017_wed_c0,0.897875,-85.5,53,0.5666666666666667,0.4857142857142857,0.523076923076923,2.4527622865322583
216,cicids2017_tue_c0,0.8974,-88.00000000000001,55,0.6153846153846154,0.45714285714285713,0.5245901639344263,2.5097430236481513
217,cicids2017_fri_c0,0.896925,-79.0,58,0.5806451612903226,0.5142857142857142,0.5454545454545455,2.4186040409186558
218,cicids2017_fri_c0,0.89645,-64.89999999999999,57,0.6451612903225806,0.5714285714285714,0.606060606060606,2.4004562936402927
219,cicids2017_tue_c0,0.895975,-76.10000000000001,54,0.6428571428571429,0.5142857142857142,0.5714285714285714,2.5815737683063644
220,cicids2017_wed_c1,0.8955,-38.39999999999999,42,0.25,0.45454545454545453,0.3225806451612903,2.411231192079272
221,cicids2017_fri_c0,0.895025,-57.89999999999999,56,0.6774193548387096,0.6,0.6363636363636364,2.4462713094641475
222,cicids2017_tue_c0,0.89455,-82.90000000000003,57,0.6071428571428571,0.4857142857142857,0.5396825396825397,2.4706210476288226
223,cicids2017_wed_c0,0.894075,-78.5,52,0.6,0.5142857142857142,0.5538461538461538,2.352672143448056
224,cicids2017_fri_c0,0.8936,-68.4,55,0.5882352941176471,0.5714285714285714,0.5797101449275363,2.402843358146467
225,cicids2017_wed_c0,0.893125,-99.5,55,0.5,0.42857142857142855,0.4615384615384615,2.41121741800113
226,cicids2017_tue_c0,0.8926499999999999,-62.099999999999994,52,0.7142857142857143,0.5714285714285714,0.634920634920635,2.3205373573377925
227,cicids2017_wed_c1,0.8921749999999999,-47.399999999999984,45,0.18181818181818182,0.36363636363636365,0.24242424242424246,2.284424021697909
228,cicids2017_wed_c0,0.8917,-85.5,53,0.5666666666666667,0.4857142857142857,0.523076923076923,2.558090166227941
229,cicids2017_wed_c0,0.891225,-100.20000000000005,53,0.5833333333333334,0.4,0.4745762711864407,2.372997895792642
230,cicids2017_fri_c0,0.89075,-66.0,57,0.625,0.5714285714285714,0.5970149253731343,2.682516142552599
231,cicids2017_tue_c0,0.890275,-71.10000000000002,55,0.6333333333333333,0.5428571428571428,0.5846153846153846,2.439961607491418
232,cicids2017_wed_c1,0.8898,-28.19999999999998,46,0.2916666666666667,0.6363636363636364,0.4,2.4249358983615426
233,cicids2017_fri_c0,0.889325,-77.9,58,0.6,0.5142857142857142,0.5538461538461538,2.437183031574836
234,cicids2017_wed_c1,0.88885,-36.09999999999998,43,0.2777777777777778,0.45454545454545453,0.3448275862068966,2.4391081326331254
235,cicids2017_tue_c0,0.888375,-54.3,54,0.6470588235294118,0.6285714285714286,0.6376811594202899,2.3935249369625726
236,cicids2017_wed_c0,0.8879,-52.19999999999999,53,0.6875,0.6285714285714286,0.6567164179104478,2.5365703574504828
237,cicids2017_wed_c0,0.887425,-57.999999999999986,55,0.6774193548387096,0.6,0.6363636363636364,2.380465388741413
238,cicids2017_tue_c0,0.88695,-70.4,51,0.6551724137931034,0.5428571428571428,0.5937499999999999,2.423420362498324
239,cicids2017_tue_c0,0.886475,-62.899999999999984,55,0.6896551724137931,0.5714285714285714,0.625,2.615339652247467
240,cicids2017_wed_c0,0.886,-101.30000000000001,53,0.56,0.4,0.4666666666666667,2.568434108520806
241,cicids2017_fri_c0,0.885525,-60.89999999999999,59,0.6176470588235294,0.6,0.608695652173913,2.369612633950238
242,cicids2017_wed_c0,0.88505,-75.1,53,0.6666666666666666,0.5142857142857142,0.5806451612903226,2.5097858608320376
243,cicids2017_fri_c0,0.884575,-70.8,58,0.6333333333333333,0.5428571428571428,0.5846153846153846,2.354434206276869
244,cicids2017_wed_c0,0.8841,-47.09999999999999,55,0.6764705882352942,0.6571428571428571,0.6666666666666666,2.4394095924532633
245,cicids2017_wed_c0,0.883625,-89.00000000000004,56,0.5925925925925926,0.45714285714285713,0.5161290322580645,2.4683018444130718
246,cicids2017_fri_c0,0.88315,-45.69999999999998,58,0.696969696969697,0.6571428571428571,0.676470588235294,2.5651162528378877
247,cicids2017_wed_c1,0.882675,-40.59999999999999,42,0.22727272727272727,0.45454545454545453,0.30303030303030304,2.3746254976214143
248,cicids2017_tue_c0,0.8822,-75.20000000000002,52,0.6666666666666666,0.5142857142857142,0.5806451612903226,2.4719756315161536
249,cicids2017_wed_c1,0.881725,-7.2000000000000055,43,0.4166666666666667,0.9090909090909091,0.5714285714285715,2.484732645378151
250,cicids2017_fri_c0,0.88125,-53.89999999999999,58,0.6470588235294118,0.6285714285714286,0.6376811594202899,2.434951453885092
251,cicids2017_fri_c0,0.880775,-45.8,57,0.696969696969697,0.6571428571428571,0.676470588235294,2.5004704868601504
252,cicids2017_tue_c0,0.8803,-73.70000000000002,56,0.6923076923076923,0.5142857142857142,0.5901639344262295,2.3963611341469067
253,cicids2017_fri_c0,0.879825,-69.2,58,0.5714285714285714,0.5714285714285714,0.5714285714285714,2.5475344491686216
254,cicids2017_tue_c0,0.87935,-72.10000000000002,56,0.6129032258064516,0.5428571428571428,0.5757575757575757,2.406035820437274
255,cicids2017_wed_c0,0.878875,-79.2,56,0.5806451612903226,0.5142857142857142,0.5454545454545455,2.505452749677603
256,cicids2017_fri_c0,0.8784,-55.099999999999994,57,0.6285714285714286,0.6285714285714286,0.6285714285714286,2.418381748435897
257,cicids2017_wed_c0,0.877925,-75.30000000000001,57,0.5588235294117647,0.5428571428571428,0.5507246376811593,2.478242016252267
258,cicids2017_fri_c0,0.8774500000000001,-85.00000000000003,58,0.5666666666666667,0.4857142857142857,0.523076923076923,2.504060261893785
259,cicids2017_fri_c0,0.8769750000000001,-50.3,56,0.6216216216216216,0.6571428571428571,0.6388888888888888,2.491067118390597
260,cicids2017_wed_c0,0.8765000000000001,-73.30000000000001,55,0.59375,0.5428571428571428,0.5671641791044776,2.4794391919139445
261,cicids2017_wed_c1,0.876025,-21.099999999999987,40,0.4117647058823529,0.6363636363636364,0.5,2.4507574094252966
262,cicids2017_fri_c0,0.87555,-91.3,55,0.5517241379310345,0.45714285714285713,0.5,2.7038369924149928
263,cicids2017_tue_c0,0.875075,-51.99999999999999,55,0.6875,0.6285714285714286,0.6567164179104478,2.414923082182118
264,cicids2017_wed_c1,0.8746,-30.599999999999987,38,0.3157894736842105,0.5454545454545454,0.39999999999999997,2.4094270089134646
265,cicids2017_wed_c1,0.874125,-37.09999999999999,33,0.2777777777777778,0.45454545454545453,0.3448275862068966,2.5458053033809707
266,cicids2017_wed_c0,0.87365,-45.09999999999999,53,0.71875,0.6571428571428571,0.6865671641791045,2.5676879641249672
267,cicids2017_tue_c0,0.873175,-86.1,52,0.6666666666666666,0.45714285714285713,0.5423728813559322,2.45109084446806
268,cicids2017_tue_c0,0.8727,-62.199999999999996,57,0.6,0.6,0.6,2.513242856271427
269,cicids2017_wed_c0,0.872225,-42.39999999999999,53,0.6666666666666666,0.6857142857142857,0.676056338028169,2.2629100142549925
270,cicids2017_wed_c0,0.87175,-44.39999999999999,55,0.631578947368421,0.6857142857142857,0.6575342465753424,2.360486655149495
271,cicids2017_tue_c0,0.871275,-57.099999999999994,53,0.7,0.6,0.6461538461538462,2.3344649586495883
272,cicids2017_fri_c0,0.8708,-66.4,53,0.625,0.5714285714285714,0.5970149253731343,2.4013050599532515
273,cicids2017_fri_c0,0.870325,-46.89999999999999,57,0.6764705882352942,0.6571428571428571,0.6666666666666666,2.536026437697382
274,cicids2017_wed_c1,0.86985,-21.299999999999997,44,0.3333333333333333,0.7272727272727273,0.4571428571428572,2.4510795894768296
275,cicids2017_tue_c0,0.869375,-41.49999999999999,51,0.6857142857142857,0.6857142857142857,0.6857142857142857,2.29762440129413
276,cicids2017_tue_c0,0.8689,-46.099999999999994,54,0.696969696969697,0.6571428571428571,0.676470588235294,2.405375258825361
277,cicids2017_tue_c0,0.868425,-70.00000000000003,55,0.6551724137931034,0.5428571428571428,0.5937499999999999,2.3668940574553896
278,cicids2017_wed_c1,0.86795,-51.39999999999998,49,0.15384615384615385,0.36363636363636365,0.21621621621621623,2.4482864790767302
279,cicids2017_fri_c0,0.867475,-42.69999999999999,55,0.7666666666666667,0.6571428571428571,0.7076923076923077,2.461333248917169
280,cicids2017_fri_c0,0.867,-14.799999999999994,56,0.7567567567567568,0.8,0.7777777777777778,2.4332491564235394
281,cicids2017_tue_c0,0.866525,-18.899999999999995,53,0.7941176470588235,0.7714285714285715,0.782608695652174,2.4325678820153
282,cicids2017_tue_c0,0.86605,-57.79999999999999,57,0.6774193548387096,0.6,0.6363636363636364,2.4405112055743396
283,cicids2017_wed_c0,0.865575,-82.40000000000003,56,0.7619047619047619,0.45714285714285713,0.5714285714285714,2.3156398855444564
284,cicids2017_tue_c0,0.8651,-25.0,52,0.7878787878787878,0.7428571428571429,0.7647058823529412,2.4569801970639302
285,cicids2017_tue_c0,0.864625,-48.099999999999994,56,0.6571428571428571,0.6571428571428571,0.6571428571428571,2.4575533723811227
286,cicids2017_wed_c1,0.86415,-35.499999999999986,44,0.25,0.5454545454545454,0.34285714285714286,2.484653161517878
287,cicids2017_fri_c0,0.863675,-81.8,57,0.6296296296296297,0.4857142857142857,0.5483870967741936,2.4573999898482284
288,cicids2017_wed_c0,0.8632,-70.90000000000002,57,0.6333333333333333,0.5428571428571428,0.5846153846153846,2.4543946409184905
289,cicids2017_wed_c0,0.862725,-66.0,57,0.625,0.5714285714285714,0.5970149253731343,2.396405315408772
290,cicids2017_tue_c0,0.86225,-77.9,52,0.7391304347826086,0.4857142857142857,0.5862068965517241,2.5171594792195715
291,cicids2017_wed_c1,0.861775,-29.899999999999984,34,0.3333333333333333,0.5454545454545454,0.41379310344827586,2.5429502681774405
292,cicids2017_tue_c0,0.8613,-77.0,56,0.6206896551724138,0.5142857142857142,0.5625,2.5502986690384217
293,cicids2017_wed_c1,0.860825,-41.59999999999999,43,0.21739130434782608,0.45454545454545453,0.29411764705882354,2.3369223846147076
294,cicids2017_tue_c0,0.86035,-60.09999999999999,56,0.6363636363636364,0.6,0.6176470588235293,2.448425031704134
295,cicids2017_wed_c0,0.859875,-38.099999999999994,52,0.75,0.6857142857142857,0.7164179104477612,2.366221542608169
296,cicids2017_wed_c0,0.8594,-75.1,53,0.6666666666666666,0.5142857142857142,0.5806451612903226,2.509737979261772
297,cicids2017_wed_c1,0.858925,-25.69999999999999,38,0.3333333333333333,0.6363636363636364,0.43749999999999994,2.3305640689910905
298,cicids2017_tue_c0,0.85845,-84.20000000000003,55,0.5862068965517241,0.4857142857142857,0.53125,2.4760471174325005
299,cicids2017_tue_c0,0.857975,-62.79999999999999,56,0.6896551724137931,0.5714285714285714,0.625,2.471871583798208
300,cicids2017_fri_c0,0.8575,-77.1,55,0.6206896551724138,0.5142857142857142,0.5625,2.4816289097640856
301,cicids2017_tue_c0,0.857025,-67.10000000000002,51,0.7307692307692307,0.5428571428571428,0.6229508196721311,2.466612242188184
302,cicids2017_wed_c1,0.85655,-27.599999999999987,35,0.375,0.5454545454545454,0.4444444444444444,2.521575218912786
303,cicids2017_fri_c0,0.856075,-70.30000000000001,58,0.5555555555555556,0.5714285714285714,0.5633802816901409,2.601040973538385
304,cicids2017_wed_c1,0.8556,-38.49999999999999,41,0.25,0.45454545454545453,0.3225806451612903,2.4487411450955845
305,cicids2017_wed_c0,0.855125,-52.599999999999994,55,0.5897435897435898,0.6571428571428571,0.6216216216216216,2.58827305943138
306,cicids2017_fri_c0,0.85465,-38.99999999999999,54,0.7272727272727273,0.6857142857142857,0.7058823529411764,2.6569302970536333
307,cicids2017_tue_c0,0.854175,-37.69999999999998,56,0.75,0.6857142857142857,0.7164179104477612,2.4931919792518995
308,cicids2017_wed_c0,0.8537,-78.0,51,0.7391304347826086,0.4857142857142857,0.5862068965517241,2.6419307957772036
309,cicids2017_tue_c0,0.853225,-43.999999999999986,53,0.7419354838709677,0.6571428571428571,0.6969696969696969,2.2886340804755534
310,cicids2017_fri_c0,0.85275,-49.79999999999999,55,0.7333333333333333,0.6285714285714286,0.6769230769230768,2.420611261813114
311,cicids2017_wed_c0,0.852275,-107.30000000000001,53,0.5416666666666666,0.37142857142857144,0.44067796610169496,2.4453985233704807
312,cicids2017_wed_c0,0.8518,-91.30000000000001,55,0.5517241379310345,0.45714285714285713,0.5,2.440276017387557
313,cicids2017_fri_c0,0.851325,-41.1,55,0.6857142857142857,0.6857142857142857,0.6857142857142857,2.4026181018497677
314,cicids2017_tue_c0,0.85085,-60.09999999999999,56,0.6363636363636364,0.6,0.6176470588235293,2.4362833406906383
315,cicids2017_fri_c0,0.850375,-80.3,56,0.5625,0.5142857142857142,0.5373134328358209,2.489534297501674
316,cicids2017_wed_c0,0.8499,-72.30000000000001,54,0.6129032258064516,0.5428571428571428,0.5757575757575757,2.4404216980715034
317,cicids2017_wed_c0,0.849425,-70.5,56,0.5555555555555556,0.5714285714285714,0.5633802816901409,2.428837453824379
318,cicids2017_wed_c0,0.84895,-57.39999999999999,56,0.5945945945945946,0.6285714285714286,0.611111111111111,2.4043476936552293
319,cicids2017_wed_c1,0.848475,-26.79999999999999,38,0.3181818181818182,0.6363636363636364,0.4242424242424242,2.387422112860209
320,cicids2017_wed_c1,0.848,-31.69999999999998,38,0.3,0.5454545454545454,0.3870967741935483,2.504643491359181
321,cicids2017_tue_c0,0.847525,-83.4,52,0.6071428571428571,0.4857142857142857,0.5396825396825397,2.5931873051295913
322,cicids2017_fri_c0,0.84705,-70.0,55,0.6551724137931034,0.5428571428571428,0.5937499999999999,2.3720589176806377
323,cicids2017_wed_c0,0.846575,-76.2,53,0.6428571428571429,0.5142857142857142,0.5714285714285714,2.522569267001433
324,cicids2017_wed_c1,0.8461,-36.59999999999999,38,0.2777777777777778,0.45454545454545453,0.3448275862068966,2.5918166441283845
325,cicids2017_wed_c1,0.8456250000000001,-34.79999999999999,40,0.2608695652173913,0.5454545454545454,0.3529411764705882,2.6925908181364315
326,cicids2017_fri_c0,0.8451500000000001,-75.69999999999999,58,0.6428571428571429,0.5142857142857142,0.5714285714285714,2.4970641734835692
327,cicids2017_fri_c0,0.8446750000000001,-49.3,55,0.6388888888888888,0.6571428571428571,0.647887323943662,2.423354227373212
328,cicids2017_fri_c0,0.8442000000000001,-70.99999999999999,56,0.6333333333333333,0.5428571428571428,0.5846153846153846,2.2454546806438773
329,cicids2017_fri_c0,0.8437250000000001,-70.1,54,0.6551724137931034,0.5428571428571428,0.5937499999999999,2.505594518261082
330,cicids2017_wed_c0,0.84325,-57.49999999999999,55,0.5945945945945946,0.6285714285714286,0.611111111111111,2.489689088093671
331,cicids2017_wed_c0,0.842775,-35.999999999999986,57,0.6756756756756757,0.7142857142857143,0.6944444444444444,2.417651725592001
332,cicids2017_tue_c0,0.8423,-104.10000000000002,58,0.5,0.4,0.4444444444444445,2.5036233527419127
333,cicids2017_tue_c0,0.841825,-82.00000000000003,55,0.6296296296296297,0.4857142857142857,0.5483870967741936,2.5278099028498824
334,cicids2017_wed_c1,0.84135,-33.999999999999986,31,0.3333333333333333,0.45454545454545453,0.3846153846153846,2.4521610547009716
335,cicids2017_tue_c0,0.840875,-68.80000000000003,56,0.6785714285714286,0.5428571428571428,0.603174603174603,2.378175025367628
336,cicids2017_wed_c1,0.8404,-48.999999999999986,40,0.17391304347826086,0.36363636363636365,0.2352941176470588,2.4117807925490213
337,cicids2017_wed_c1,0.839925,-34.499999999999986,43,0.2608695652173913,0.5454545454545454,0.3529411764705882,2.5562463037290217
338,cicids2017_tue_c0,0.83945,-55.199999999999996,50,0.75,0.6,0.6666666666666665,2.5176422327740937
339,cicids2017_fri_c0,0.838975,-46.0,55,0.696969696969697,0.6571428571428571,0.676470588235294,2.3970445117079016
340,cicids2017_wed_c1,0.8385,-45.39999999999999,43,0.2,0.36363636363636365,0.25806451612903225,2.44943509970955
341,cicids2017_wed_c0,0.838025,-74.60000000000001,53,0.5757575757575758,0.5428571428571428,0.5588235294117646,2.4926233035868215
342,cicids2017_tue_c0,0.83755,-40.19999999999999,53,0.7058823529411765,0.6857142857142857,0.6956521739130436,2.438313369676388
343,cicids2017_wed_c0,0.837075,-87.9,56,0.6153846153846154,0.45714285714285713,0.5245901639344263,2.406074754577719
344,cicids2017_wed_c0,0.8366,-50.999999999999986,54,0.7096774193548387,0.6285714285714286,0.6666666666666666,2.339847908582244
345,cicids2017_wed_c1,0.836125,-28.69999999999999,35,0.35294117647058826,0.5454545454545454,0.42857142857142855,2.2940238204429724
346,cicids2017_tue_c0,0.83565,-29.699999999999996,54,0.8064516129032258,0.7142857142857143,0.7575757575757576,2.349916745853929
347,cicids2017_wed_c1,0.835175,-19.799999999999994,37,0.36363636363636365,0.7272727272727273,0.4848484848484849,2.2876147172359182
348,cicids2017_wed_c1,0.8347,-11.500000000000004,38,0.42857142857142855,0.8181818181818182,0.5625,2.437013934566617
349,cicids2017_fri_c0,0.834225,-80.3,56,0.5625,0.5142857142857142,0.5373134328358209,2.521732644357796
350,cicids2017_fri_c0,0.83375,-55.099999999999994,57,0.6285714285714286,0.6285714285714286,0.6285714285714286,2.557059895085026
351,cicids2017_wed_c0,0.833275,-54.09999999999999,56,0.6470588235294118,0.6285714285714286,0.6376811594202899,2.455849617506042
352,cicids2017_fri_c0,0.8328,-78.4,58,0.7083333333333334,0.4857142857142857,0.576271186440678,2.3771201060835923
353,cicids2017_tue_c0,0.832325,-42.59999999999998,56,0.7666666666666667,0.6571428571428571,0.7076923076923077,2.5654167944531028
354,cicids2017_tue_c0,0.83185,-36.59999999999999,56,0.7741935483870968,0.6857142857142857,0.7272727272727272,2.463511016548719
355,cicids2017_wed_c1,0.831375,-33.99999999999999,43,0.2413793103448276,0.6363636363636364,0.35,2.490954335952878
356,cicids2017_wed_c1,0.8309,-26.599999999999987,40,0.3181818181818182,0.6363636363636364,0.4242424242424242,2.433657935294569
357,cicids2017_fri_c0,0.830425,-68.7,57,0.6785714285714286,0.5428571428571428,0.603174603174603,2.5138661657567223
358,cicids2017_wed_c1,0.82995,-28.599999999999984,42,0.2916666666666667,0.6363636363636364,0.4,2.3826647344288743
359,cicids2017_fri_c0,0.829475,-68.1,58,0.5882352941176471,0.5714285714285714,0.5797101449275363,2.6705061832631105
360,cicids2017_wed_c0,0.829,-49.09999999999999,57,0.6388888888888888,0.6571428571428571,0.647887323943662,2.476988750406984
361,cicids2017_wed_c1,0.828525,-38.49999999999998,41,0.25,0.45454545454545453,0.3225806451612903,2.4844746907086983
362,cicids2017_wed_c1,0.82805,-36.79999999999999,36,0.2777777777777778,0.45454545454545453,0.3448275862068966,2.502034877397336
363,cicids2017_fri_c0,0.827575,-18.5,57,0.7941176470588235,0.7714285714285715,0.782608695652174,2.458997094356604
364,cicids2017_wed_c1,0.8271,-27.69999999999998,40,0.30434782608695654,0.6363636363636364,0.411764705882353,2.5612346149422054
365,cicids2017_fri_c0,0.8266249999999999,-34.99999999999999,56,0.6944444444444444,0.7142857142857143,0.7042253521126761,2.4789153256369874
366,cicids2017_wed_c0,0.82615,-67.2,56,0.6060606060606061,0.5714285714285714,0.588235294117647,2.3919708041925305
367,cicids2017_tue_c0,0.825675,-45.9,56,0.696969696969697,0.6571428571428571,0.676470588235294,2.432996050149426
368,cicids2017_tue_c0,0.8252,-95.10000000000002,55,0.5769230769230769,0.42857142857142855,0.4918032786885245,2.5448209939412383
369,cicids2017_fri_c0,0.824725,-45.699999999999996,58,0.696969696969697,0.6571428571428571,0.676470588235294,2.506397872392587
370,cicids2017_wed_c1,0.82425,-32.399999999999984,42,0.2857142857142857,0.5454545454545454,0.37499999999999994,2.5572089856386446
371,cicids2017_tue_c0,0.823775,-52.99999999999999,56,0.6666666666666666,0.6285714285714286,0.6470588235294118,2.3749588643167825
372,cicids2017_wed_c0,0.8233,-76.20000000000002,53,0.6428571428571429,0.5142857142857142,0.5714285714285714,2.3845401063617992
373,cicids2017_tue_c0,0.822825,-52.09999999999999,54,0.6875,0.6285714285714286,0.6567164179104478,2.4126707866365695
374,cicids2017_tue_c0,0.82235,-65.0,56,0.6451612903225806,0.5714285714285714,0.606060606060606,2.473825507422371
375,cicids2017_wed_c1,0.821875,-19.799999999999994,37,0.36363636363636365,0.7272727272727273,0.4848484848484849,2.222641146583465
376,cicids2017_fri_c0,0.8214,-55.099999999999994,57,0.6285714285714286,0.6285714285714286,0.6285714285714286,2.4333764234917736
377,cicids2017_wed_c0,0.820925,-64.1,54,0.6666666666666666,0.5714285714285714,0.6153846153846153,2.420955527859567
378,cicids2017_wed_c0,0.82045,-86.1,58,0.5483870967741935,0.4857142857142857,0.5151515151515151,2.365353499702437
379,cicids2017_tue_c0,0.819975,-42.199999999999996,55,0.6666666666666666,0.6857142857142857,0.676056338028169,2.3995629348877063
380,cicids2017_tue_c0,0.8195,-46.099999999999994,54,0.696969696969697,0.6571428571428571,0.676470588235294,2.4385014732114088
381,cicids2017_fri_c0,0.819025,-74.6,58,0.6666666666666666,0.5142857142857142,0.5806451612903226,2.22298194055141
382,cicids2017_wed_c1,0.81855,-36.69999999999999,43,0.24,0.5454545454545454,0.3333333333333333,2.4482263750163398
383,cicids2017_wed_c1,0.818075,-46.099999999999994,36,0.2,0.36363636363636365,0.25806451612903225,2.3552902850444237
384,cicids2017_fri_c0,0.8176,-79.1,57,0.5806451612903226,0.5142857142857142,0.5454545454545455,2.45125779961283
385,cicids2017_fri_c0,0.817125,-55.199999999999996,56,0.6285714285714286,0.6285714285714286,0.6285714285714286,2.344005021172542
386,cicids2017_fri_c0,0.81665,-85.00000000000001,58,0.5666666666666667,0.4857142857142857,0.523076923076923,2.42887434335725
387,cicids2017_fri_c0,0.816175,-49.69999999999999,56,0.7333333333333333,0.6285714285714286,0.6769230769230768,2.4217138107569283
388,cicids2017_wed_c1,0.8157,-21.799999999999997,39,0.3333333333333333,0.7272727272727273,0.4571428571428572,2.4083732709409715
389,cicids2017_wed_c1,0.815225,-24.999999999999993,34,0.35,0.6363636363636364,0.45161290322580644,2.442801886431906
390,cicids2017_fri_c0,0.81475,-62.199999999999996,57,0.6,0.6,0.6,2.376874514856131
391,cicids2017_wed_c0,0.814275,-69.1,53,0.6785714285714286,0.5428571428571428,0.603174603174603,2.4490025082653157
392,cicids2017_fri_c0,0.8138,-69.0,54,0.6785714285714286,0.5428571428571428,0.603174603174603,2.5287057426263013
393,cicids2017_tue_c0,0.813325,-58.19999999999999,53,0.6774193548387096,0.6,0.6363636363636364,2.2886523959774814
394,cicids2017_wed_c0,0.81285,-69.90000000000002,56,0.6551724137931034,0.5428571428571428,0.5937499999999999,2.424477437744833
395,cicids2017_wed_c0,0.8123750000000001,-47.19999999999999,54,0.6764705882352942,0.6571428571428571,0.6666666666666666,2.488825278842092
396,cicids2017_wed_c1,0.8119000000000001,-19.700000000000003,38,0.36363636363636365,0.7272727272727273,0.4848484848484849,2.4634219078208153
397,cicids2017_fri_c0,0.8114250000000001,-51.29999999999999,57,0.6052631578947368,0.6571428571428571,0.6301369863013698,2.388041659423368
398,cicids2017_fri_c0,0.8109500000000001,-56.69999999999999,57,0.7,0.6,0.6461538461538462,2.4250265200215577
399,cicids2017_tue_c0,0.8104750000000001,-58.099999999999994,54,0.6774193548387096,0.6,0.6363636363636364,2.405781527158195
400,cicids2017_tue_c0,0.81,-30.199999999999992,55,0.6842105263157895,0.7428571428571429,0.7123287671232877,2.496837191489979
401,cicids2017_wed_c1,0.809525,-40.69999999999999,41,0.22727272727272727,0.45454545454545453,0.30303030303030304,2.3363878447842876
402,cicids2017_wed_c1,0.80905,-40.8,40,0.22727272727272727,0.45454545454545453,0.30303030303030304,2.4458291042374807
403,cicids2017_tue_c0,0.808575,-21.199999999999996,52,0.75,0.7714285714285715,0.7605633802816902,2.458693733541158
404,cicids2017_wed_c1,0.8081,-16.0,37,0.36,0.8181818181818182,0.5,2.5424426891725296
405,cicids2017_tue_c0,0.807625,-48.79999999999999,54,0.7586206896551724,0.6285714285714286,0.6875,2.5279227025445645
406,cicids2017_wed_c0,0.80715,-45.39999999999999,56,0.6153846153846154,0.6857142857142857,0.6486486486486486,2.4724355846227595
407,cicids2017_tue_c0,0.806675,-43.99999999999999,53,0.7419354838709677,0.6571428571428571,0.6969696969696969,2.572498540842652
408,cicids2017_fri_c0,0.8062,-36.199999999999996,55,0.6756756756756757,0.7142857142857143,0.6944444444444444,2.4456112344189656
409,cicids2017_wed_c1,0.805725,-20.699999999999996,39,0.34782608695652173,0.7272727272727273,0.4705882352941176,2.5413779452223295
410,cicids2017_fri_c0,0.80525,-69.8,57,0.6551724137931034,0.5428571428571428,0.5937499999999999,2.496622570892506
411,cicids2017_fri_c0,0.804775,-71.00000000000003,56,0.6333333333333333,0.5428571428571428,0.5846153846153846,2.25757329201035
412,cicids2017_fri_c0,0.8043,-50.39999999999999,55,0.6216216216216216,0.6571428571428571,0.6388888888888888,2.310120020007171
413,cicids2017_tue_c0,0.803825,-61.89999999999999,54,0.7142857142857143,0.5714285714285714,0.634920634920635,2.3385068438449745
414,cicids2017_fri_c0,0.80335,-90.19999999999999,55,0.5714285714285714,0.45714285714285713,0.5079365079365079,2.493340789008399
415,cicids2017_fri_c0,0.802875,-49.09999999999999,57,0.6388888888888888,0.6571428571428571,0.647887323943662,2.32496353803763
416,cicids2017_wed_c0,0.8024,-81.00000000000001,54,0.6538461538461539,0.4857142857142857,0.5573770491803278,2.41669338039106
417,cicids2017_wed_c1,0.801925,-34.899999999999984,33,0.3125,0.45454545454545453,0.3703703703703703,2.356524487456777
418,cicids2017_fri_c0,0.80145,-66.9,59,0.6060606060606061,0.5714285714285714,0.588235294117647,2.435256119520191
419,cicids2017_tue_c0,0.800975,-64.1,54,0.6666666666666666,0.5714285714285714,0.6153846153846153,2.3736647363046024
420,cicids2017_wed_c0,0.8005,-48.199999999999996,55,0.6571428571428571,0.6571428571428571,0.6571428571428571,2.365624031207143
421,cicids2017_wed_c1,0.800025,-22.299999999999983,39,0.3888888888888889,0.6363636363636364,0.4827586206896552,2.391112903951497
422,cicids2017_wed_c0,0.79955,-65.30000000000001,53,0.6451612903225806,0.5714285714285714,0.606060606060606,2.520738297615272
423,cicids2017_wed_c1,0.799075,-22.4,44,0.32,0.7272727272727273,0.4444444444444444,2.4400604563139328
424,cicids2017_wed_c0,0.7986,-62.999999999999986,54,0.6896551724137931,0.5714285714285714,0.625,2.4577235520293503
425,cicids2017_tue_c0,0.798125,-67.29999999999998,55,0.6060606060606061,0.5714285714285714,0.588235294117647,2.445298049042839
426,cicids2017_fri_c0,0.79765,-51.3,57,0.6052631578947368,0.6571428571428571,0.6301369863013698,2.367333584488233
427,cicids2017_wed_c1,0.797175,-30.299999999999986,41,0.3157894736842105,0.5454545454545454,0.39999999999999997,2.3947456817922927
428,cicids2017_wed_c1,0.7967,-19.499999999999986,40,0.36363636363636365,0.7272727272727273,0.4848484848484849,2.392245062571093
429,cicids2017_fri_c0,0.796225,-50.69999999999999,57,0.7096774193548387,0.6285714285714286,0.6666666666666666,2.3040556747000793
430,cicids2017_wed_c0,0.79575,-63.29999999999999,57,0.5833333333333334,0.6,0.591549295774648,2.3672966368003143
431,cicids2017_fri_c0,0.795275,-70.69999999999999,59,0.6333333333333333,0.5428571428571428,0.5846153846153846,2.3308469803756386
432,cicids2017_wed_c0,0.7948,-42.39999999999999,53,0.6666666666666666,0.6857142857142857,0.676056338028169,2.3880975258608608
433,cicids2017_wed_c1,0.794325,-18.399999999999995,40,0.38095238095238093,0.7272727272727273,0.5,2.238119890175539
434,cicids2017_fri_c0,0.79385,-83.2,54,0.6071428571428571,0.4857142857142857,0.5396825396825397,2.303928976485252
435,cicids2017_tue_c0,0.7933749999999999,-90.3,54,0.5714285714285714,0.45714285714285713,0.5079365079365079,2.3424400251173703
436,cicids2017_fri_c0,0.7929,-66.1,56,0.625,0.5714285714285714,0.5970149253731343,2.3469938350719883
437,cicids2017_wed_c0,0.792425,-58.999999999999986,56,0.65625,0.6,0.626865671641791,2.3481168006365274
438,cicids2017_wed_c1,0.79195,-17.5,38,0.4,0.7272727272727273,0.5161290322580645,2.4128547055617715
439,cicids2017_fri_c0,0.791475,-72.10000000000001,56,0.6129032258064516,0.5428571428571428,0.5757575757575757,2.540569893151477
440,cicids2017_tue_c0,0.791,-73.70000000000003,56,0.6923076923076923,0.5142857142857142,0.5901639344262295,2.4357584851731744
441,cicids2017_wed_c1,0.790525,-27.099999999999994,35,0.3181818181818182,0.6363636363636364,0.4242424242424242,2.5420254854725
442,cicids2017_tue_c0,0.79005,-58.099999999999994,54,0.6774193548387096,0.6,0.6363636363636364,2.3100619798461413
443,cicids2017_fri_c0,0.789575,-61.099999999999994,57,0.6176470588235294,0.6,0.608695652173913,2.298289523746911
444,cicids2017_tue_c0,0.7891,-91.40000000000002,54,0.5517241379310345,0.45714285714285713,0.5,2.4183484971781164
445,cicids2017_wed_c0,0.788625,-25.599999999999998,52,0.675,0.7714285714285715,0.72,2.3718406601976723
446,cicids2017_wed_c0,0.78815,-63.09999999999999,53,0.6896551724137931,0.5714285714285714,0.625,2.4502709991369334
447,cicids2017_tue_c0,0.787675,-61.29999999999999,49,0.7407407407407407,0.5714285714285714,0.6451612903225806,2.246104755493913
448,cicids2017_wed_c1,0.7872,-33.599999999999994,41,0.2727272727272727,0.5454545454545454,0.3636363636363636,2.283480417728166
449,cicids2017_wed_c0,0.786725,-72.20000000000002,55,0.6129032258064516,0.5428571428571428,0.5757575757575757,2.2719510393545748
450,cicids2017_tue_c0,0.78625,-44.99999999999999,54,0.71875,0.6571428571428571,0.6865671641791045,2.383000825161167
451,cicids2017_wed_c1,0.785775,-28.29999999999999,45,0.2916666666666667,0.6363636363636364,0.4,2.3300512562397757
452,cicids2017_wed_c1,0.7853,-31.79999999999999,37,0.3,0.5454545454545454,0.3870967741935483,2.1840524668102113
453,cicids2017_tue_c0,0.784825,-58.999999999999986,56,0.65625,0.6,0.626865671641791,2.385904668312382
454,cicids2017_fri_c0,0.78435,-85.0,58,0.5666666666666667,0.4857142857142857,0.523076923076923,2.474311141129829
455,cicids2017_wed_c0,0.783875,-41.199999999999996,54,0.6857142857142857,0.6857142857142857,0.6857142857142857,2.3780772292704904
456,cicids2017_wed_c0,0.7834,-32.699999999999996,57,0.7352941176470589,0.7142857142857143,0.7246376811594202,2.412526271605876
457,cicids2017_fri_c0,0.782925,-92.70000000000002,57,0.625,0.42857142857142855,0.5084745762711864,2.4374463465307126
458,cicids2017_wed_c0,0.78245,-42.099999999999994,56,0.6666666666666666,0.6857142857142857,0.676056338028169,2.3116417470034203
459,cicids2017_wed_c1,0.781975,-41.19999999999998,41,0.25,0.36363636363636365,0.2962962962962963,2.3182576399584667
460,cicids2017_fri_c0,0.7815,-65.30000000000001,59,0.5526315789473685,0.6,0.5753424657534247,2.38842916854295
461,cicids2017_wed_c0,0.781025,-59.999999999999986,57,0.6363636363636364,0.6,0.6176470588235293,2.405228541919333
462,cicids2017_fri_c0,0.78055,-71.9,58,0.6129032258064516,0.5428571428571428,0.5757575757575757,2.483927224153894
463,cicids2017_wed_c0,0.780075,-97.20000000000002,56,0.5357142857142857,0.42857142857142855,0.47619047619047616,2.3292984355434503
464,cicids2017_tue_c0,0.7796,-77.1,55,0.6206896551724138,0.5142857142857142,0.5625,2.537718310287939
465,cicids2017_fri_c0,0.7791250000000001,-57.89999999999999,56,0.6774193548387096,0.6,0.6363636363636364,2.454858881492412
466,cicids2017_wed_c1,0.7786500000000001,-31.499999999999986,40,0.3,0.5454545454545454,0.3870967741935483,2.636009616829244
467,cicids2017_fri_c0,0.7781750000000001,-56.099999999999994,58,0.6111111111111112,0.6285714285714286,0.619718309859155,2.4335310699576214
468,cicids2017_wed_c0,0.7777000000000001,-62.09999999999999,58,0.6,0.6,0.6,2.4015492667088254
469,cicids2017_fri_c0,0.777225,-79.19999999999999,56,0.5806451612903226,0.5142857142857142,0.5454545454545455,2.329992138339743
470,cicids2017_wed_c1,0.77675,-16.699999999999996,41,0.34615384615384615,0.8181818181818182,0.4864864864864865,2.4682095381174585
471,cicids2017_wed_c0,0.776275,-85.10000000000001,57,0.5666666666666667,0.4857142857142857,0.523076923076923,2.400901483019229
472,cicids2017_wed_c1,0.7758,-22.899999999999995,39,0.32,0.7272727272727273,0.4444444444444444,2.382894022623683
473,cicids2017_tue_c0,0.775325,-53.3,53,0.6666666666666666,0.6285714285714286,0.6470588235294118,2.3401130515216426
474,cicids2017_tue_c0,0.77485,-69.9,56,0.6551724137931034,0.5428571428571428,0.5937499999999999,2.3931190381296537
475,cicids2017_wed_c0,0.774375,-49.29999999999999,55,0.6388888888888888,0.6571428571428571,0.647887323943662,2.2280184458952963
476,cicids2017_wed_c1,0.7739,-29.999999999999993,39,0.28,0.6363636363636364,0.3888888888888889,2.343705637344583
477,cicids2017_wed_c1,0.773425,-31.599999999999987,45,0.25925925925925924,0.6363636363636364,0.368421052631579,2.3402129402944674
478,cicids2017_fri_c0,0.77295,-75.4,56,0.5588235294117647,0.5428571428571428,0.5507246376811593,2.306087072258157
479,cicids2017_wed_c0,0.772475,-61.199999999999996,56,0.6176470588235294,0.6,0.608695652173913,2.367424098646068
480,cicids2017_fri_c0,0.772,-61.499999999999986,58,0.7142857142857143,0.5714285714285714,0.634920634920635,2.3121420883412487
481,cicids2017_tue_c0,0.771525,-60.19999999999999,55,0.6363636363636364,0.6,0.6176470588235293,2.399265272684274
482,cicids2017_wed_c1,0.77105,-7.800000000000002,37,0.4166666666666667,0.9090909090909091,0.5714285714285715,2.356378592337097
483,cicids2017_tue_c0,0.770575,-76.0,55,0.6428571428571429,0.5142857142857142,0.5714285714285714,2.4304921202313805
484,cicids2017_wed_c1,0.7701,-32.69999999999999,39,0.2857142857142857,0.5454545454545454,0.37499999999999994,2.298793469379474
485,cicids2017_tue_c0,0.769625,-48.69999999999998,55,0.7586206896551724,0.6285714285714286,0.6875,2.4419504771866425
486,cicids2017_fri_c0,0.76915,-67.9,54,0.7037037037037037,0.5428571428571428,0.6129032258064516,2.430318470738064
487,cicids2017_tue_c0,0.768675,-69.9,56,0.6551724137931034,0.5428571428571428,0.5937499999999999,2.3606479377945084
488,cicids2017_wed_c0,0.7682,-29.599999999999998,56,0.6136363636363636,0.7714285714285715,0.6835443037974683,2.3691106519944043
489,cicids2017_wed_c1,0.767725,-23.299999999999997,46,0.3076923076923077,0.7272727272727273,0.43243243243243246,2.4171038934649465
490,cicids2017_wed_c0,0.76725,-70.9,57,0.6333333333333333,0.5428571428571428,0.5846153846153846,2.448919165919158
491,cicids2017_wed_c1,0.766775,-20.800000000000004,38,0.34782608695652173,0.7272727272727273,0.4705882352941176,2.3919366424505686
492,cicids2017_wed_c1,0.7663,-40.59999999999999,42,0.22727272727272727,0.45454545454545453,0.30303030303030304,2.3295394646184118
493,cicids2017_wed_c1,0.765825,-21.79999999999999,39,0.3333333333333333,0.7272727272727273,0.4571428571428572,2.452478391710935
494,cicids2017_wed_c0,0.76535,-72.5,52,0.6129032258064516,0.5428571428571428,0.5757575757575757,2.436673009285192
495,cicids2017_tue_c0,0.764875,-52.099999999999994,54,0.6875,0.6285714285714286,0.6567164179104478,2.4261712779489932
496,cicids2017_tue_c0,0.7644,-34.099999999999994,54,0.7142857142857143,0.7142857142857143,0.7142857142857143,2.4025488509903536
497,cicids2017_fri_c0,0.763925,-40.9,57,0.6857142857142857,0.6857142857142857,0.6857142857142857,2.3367985910039746
498,cicids2017_tue_c0,0.76345,-59.099999999999994,49,0.8,0.5714285714285714,0.6666666666666666,2.3366796607162064
499,cicids2017_wed_c1,0.762975,-20.199999999999992,44,0.34782608695652173,0.7272727272727273,0.4705882352941176,2.3633717944886636
500,cicids2017_tue_c0,0.7625,-44.899999999999984,55,0.71875,0.6571428571428571,0.6865671641791045,2.294979695332769
501,cicids2017_fri_c0,0.762025,-48.89999999999999,59,0.6388888888888888,0.6571428571428571,0.647887323943662,2.224734382463175
502,cicids2017_wed_c0,0.76155,-51.4,56,0.6052631578947368,0.6571428571428571,0.6301369863013698,2.3780916222978052
503,cicids2017_wed_c1,0.761075,-18.800000000000004,36,0.38095238095238093,0.7272727272727273,0.5,2.2201366705125225
504,cicids2017_wed_c1,0.7605999999999999,-41.89999999999999,40,0.21739130434782608,0.45454545454545453,0.29411764705882354,2.4156047638001494
505,cicids2017_tue_c0,0.760125,-69.00000000000001,54,0.6785714285714286,0.5428571428571428,0.603174603174603,2.390105241666651
506,cicids2017_tue_c0,0.75965,-56.4,55,0.6111111111111112,0.6285714285714286,0.619718309859155,2.45898998918356
507,cicids2017_wed_c0,0.759175,-30.299999999999997,54,0.6842105263157895,0.7428571428571429,0.7123287671232877,2.40018964116079
508,cicids2017_fri_c0,0.7587,-32.79999999999999,56,0.7352941176470589,0.7142857142857143,0.7246376811594202,2.3404092297874146
509,cicids2017_tue_c0,0.758225,-37.79999999999999,55,0.75,0.6857142857142857,0.7164179104477612,2.354538151487757
510,cicids2017_fri_c0,0.75775,-37.699999999999996,56,0.75,0.6857142857142857,0.7164179104477612,2.328707664617507
511,cicids2017_wed_c1,0.757275,-38.89999999999999,37,0.25,0.45454545454545453,0.3225806451612903,2.3920593036355267
512,cicids2017_wed_c0,0.7568,-71.10000000000002,55,0.6333333333333333,0.5428571428571428,0.5846153846153846,2.3704760656541155
513,cicids2017_wed_c1,0.756325,-35.39999999999999,34,0.2608695652173913,0.5454545454545454,0.3529411764705882,2.4070155625773335
514,cicids2017_wed_c1,0.75585,-38.499999999999986,47,0.2222222222222222,0.5454545454545454,0.3157894736842105,2.388185358787167
515,cicids2017_wed_c1,0.755375,-43.999999999999986,41,0.2,0.45454545454545453,0.2777777777777778,2.174878237075723
516,cicids2017_fri_c0,0.7549,-73.19999999999999,56,0.59375,0.5428571428571428,0.5671641791044776,2.3798035033977416
517,cicids2017_wed_c1,0.754425,-19.49999999999999,34,0.4666666666666667,0.6363636363636364,0.5384615384615385,2.353108642639342
518,cicids2017_fri_c0,0.75395,-57.999999999999986,55,0.6774193548387096,0.6,0.6363636363636364,2.3998664947081885
519,cicids2017_tue_c0,0.753475,-19.099999999999994,57,0.6829268292682927,0.8,0.736842105263158,2.337099942872645
520,cicids2017_wed_c0,0.753,-73.0,58,0.59375,0.5428571428571428,0.5671641791044776,2.2009088978474036
521,cicids2017_tue_c0,0.752525,-36.59999999999999,56,0.7741935483870968,0.6857142857142857,0.7272727272727272,2.3065606659191653
522,cicids2017_fri_c0,0.75205,-46.99999999999999,56,0.6764705882352942,0.6571428571428571,0.6666666666666666,2.2757405412356335
523,cicids2017_fri_c0,0.751575,-35.400000000000006,57,0.8,0.6857142857142857,0.7384615384615385,2.393267028809608
524,cicids2017_wed_c1,0.7511,-32.69999999999999,39,0.2857142857142857,0.5454545454545454,0.37499999999999994,2.389300102626256
525,cicids2017_tue_c0,0.750625,-58.99999999999999,56,0.65625,0.6,0.626865671641791,2.337240375054202
526,cicids2017_tue_c0,0.75015,-49.099999999999994,57,0.6388888888888888,0.6571428571428571,0.647887323943662,2.312420901776463
527,cicids2017_wed_c1,0.749675,-40.999999999999986,38,0.22727272727272727,0.45454545454545453,0.30303030303030304,2.3080362423220646
528,cicids2017_fri_c0,0.7492,-57.89999999999999,56,0.6774193548387096,0.6,0.6363636363636364,2.2853209237042655
529,cicids2017_wed_c1,0.748725,-21.39999999999999,43,0.3333333333333333,0.7272727272727273,0.4571428571428572,2.2843365438303818
530,cicids2017_wed_c1,0.7482500000000001,-29.799999999999997,41,0.28,0.6363636363636364,0.3888888888888889,2.277347490478589
531,cicids2017_wed_c0,0.7477750000000001,-36.29999999999999,54,0.6756756756756757,0.7142857142857143,0.6944444444444444,2.3597176149083516
532,cicids2017_fri_c0,0.7473000000000001,-55.1,57,0.6285714285714286,0.6285714285714286,0.6285714285714286,2.188645885413782
533,cicids2017_fri_c0,0.7468250000000001,-39.09999999999999,59,0.625,0.7142857142857143,0.6666666666666666,2.145973523007193
534,cicids2017_tue_c0,0.7463500000000001,-53.29999999999999,53,0.6666666666666666,0.6285714285714286,0.6470588235294118,2.2770892766857647
535,cicids2017_wed_c0,0.7458750000000001,-69.30000000000001,51,0.6785714285714286,0.5428571428571428,0.603174603174603,2.287865021173071
536,cicids2017_fri_c0,0.7454000000000001,-48.699999999999996,55,0.7586206896551724,0.6285714285714286,0.6875,2.2541919135104957
537,cicids2017_tue_c0,0.7449250000000001,-86.3,56,0.5483870967741935,0.4857142857142857,0.5151515151515151,2.289263718383605
538,cicids2017_fri_c0,0.7444500000000001,-38.7,57,0.7272727272727273,0.6857142857142857,0.7058823529411764,2.285446864300467
539,cicids2017_wed_c0,0.743975,-32.19999999999999,57,0.65,0.7428571428571429,0.6933333333333334,2.470018850081063
540,cicids2017_fri_c0,0.7435,-116.10000000000001,58,0.46153846153846156,0.34285714285714286,0.3934426229508197,2.255864085821233
541,cicids2017_wed_c0,0.743025,-67.2,56,0.6060606060606061,0.5714285714285714,0.588235294117647,2.347756529825842
542,cicids2017_fri_c0,0.74255,-47.99999999999999,57,0.6571428571428571,0.6571428571428571,0.6571428571428571,2.3755833479652217
543,cicids2017_fri_c0,0.742075,-68.80000000000001,56,0.6785714285714286,0.5428571428571428,0.603174603174603,2.2763082925100138
544,cicids2017_fri_c0,0.7416,-58.79999999999999,58,0.65625,0.6,0.626865671641791,2.3274860989907404
545,cicids2017_wed_c1,0.741125,-32.09999999999999,34,0.3,0.5454545454545454,0.3870967741935483,2.1781971577083814
546,cicids2017_fri_c0,0.74065,-56.199999999999996,57,0.6111111111111112,0.6285714285714286,0.619718309859155,2.3904038382408377
547,cicids2017_tue_c0,0.740175,-51.899999999999984,56,0.6875,0.6285714285714286,0.6567164179104478,2.3976568243928424
548,cicids2017_wed_c0,0.7397,-25.299999999999997,55,0.675,0.7714285714285715,0.72,2.2410611090783927
549,cicids2017_wed_c0,0.739225,-63.39999999999999,56,0.5833333333333334,0.6,0.591549295774648,2.3713976663797873
550,cicids2017_wed_c0,0.73875,-43.3,55,0.6486486486486487,0.6857142857142857,0.6666666666666667,2.303305399679907
551,cicids2017_wed_c1,0.738275,-27.69999999999999,40,0.30434782608695654,0.6363636363636364,0.411764705882353,2.323650997273261
552,cicids2017_tue_c0,0.7378,-22.199999999999992,53,0.7297297297297297,0.7714285714285715,0.75,2.226328106352299
553,cicids2017_wed_c1,0.737325,-22.299999999999986,39,0.3888888888888889,0.6363636363636364,0.4827586206896552,2.4236943520160636
554,cicids2017_tue_c0,0.73685,-58.3,52,0.6774193548387096,0.6,0.6363636363636364,2.2642073528168636
555,cicids2017_wed_c1,0.736375,-2.3000000000000003,37,0.5263157894736842,0.9090909090909091,0.6666666666666666,2.280449665731912
556,cicids2017_wed_c0,0.7359,-33.49999999999999,55,0.6341463414634146,0.7428571428571429,0.6842105263157895,2.355153701426051
557,cicids2017_wed_c0,0.735425,-52.099999999999994,54,0.6875,0.6285714285714286,0.6567164179104478,2.2564080210897557
558,cicids2017_wed_c1,0.73495,-35.79999999999999,41,0.25,0.5454545454545454,0.34285714285714286,2.372332195530667
559,cicids2017_wed_c1,0.734475,-22.099999999999994,36,0.3333333333333333,0.7272727272727273,0.4571428571428572,2.305293923330464
560,cicids2017_wed_c1,0.734,-28.499999999999986,43,0.2916666666666667,0.6363636363636364,0.4,2.3820943202679756
561,cicids2017_wed_c0,0.733525,-50.099999999999994,52,0.7333333333333333,0.6285714285714286,0.6769230769230768,2.3444013124787957
562,cicids2017_fri_c0,0.73305,-12.400000000000002,53,0.7073170731707317,0.8285714285714286,0.7631578947368421,2.276033328311526
563,cicids2017_tue_c0,0.732575,-70.9,57,0.6333333333333333,0.5428571428571428,0.5846153846153846,2.1304292321786287
564,cicids2017_fri_c0,0.7321,-24.1,56,0.6923076923076923,0.7714285714285715,0.7297297297297296,2.254559842632646
565,cicids2017_wed_c1,0.731625,-41.099999999999994,43,0.20689655172413793,0.5454545454545454,0.3,2.183383217741989
566,cicids2017_fri_c0,0.73115,-73.19999999999999,56,0.59375,0.5428571428571428,0.5671641791044776,2.1561318524698834
567,cicids2017_fri_c0,0.730675,-42.99999999999999,58,0.6486486486486487,0.6857142857142857,0.6666666666666667,2.2554883905771512
568,cicids2017_fri_c0,0.7302,-84.19999999999999,55,0.5862068965517241,0.4857142857142857,0.53125,2.2118655693034457
569,cicids2017_wed_c0,0.729725,-90.6,57,0.4857142857142857,0.4857142857142857,0.4857142857142857,2.2464983184922334
570,cicids2017_wed_c0,0.72925,-38.79999999999998,56,0.7272727272727273,0.6857142857142857,0.7058823529411764,2.19730457488116
571,cicids2017_wed_c1,0.7287750000000001,-8.600000000000005,40,0.4,0.9090909090909091,0.5555555555555556,2.3929636763021422
572,cicids2017_tue_c0,0.7283000000000001,-44.99999999999999,54,0.71875,0.6571428571428571,0.6865671641791045,2.2285707839084616
573,cicids2017_tue_c0,0.727825,-47.99999999999999,57,0.6571428571428571,0.6571428571428571,0.6571428571428571,2.262161178739191
574,cicids2017_fri_c0,0.72735,-71.0,56,0.6333333333333333,0.5428571428571428,0.5846153846153846,2.3880186595939072
575,cicids2017_fri_c0,0.726875,-29.799999999999997,59,0.6842105263157895,0.7428571428571429,0.7123287671232877,2.4548365816980953
576,cicids2017_tue_c0,0.7264,-43.199999999999996,56,0.6486486486486487,0.6857142857142857,0.6666666666666667,2.2690280420467794
577,cicids2017_wed_c1,0.725925,-20.89999999999999,37,0.34782608695652173,0.7272727272727273,0.4705882352941176,2.4920493066023077
578,cicids2017_wed_c0,0.72545,-68.30000000000001,56,0.5882352941176471,0.5714285714285714,0.5797101449275363,2.2774449791992675
579,cicids2017_wed_c1,0.724975,-35.89999999999999,40,0.25,0.5454545454545454,0.34285714285714286,2.297234921372992
580,cicids2017_fri_c0,0.7245,-69.6,59,0.6551724137931034,0.5428571428571428,0.5937499999999999,2.2575940195865707
581,cicids2017_fri_c0,0.724025,-83.9,58,0.5862068965517241,0.4857142857142857,0.53125,2.304532704869117
582,cicids2017_wed_c1,0.72355,-23.499999999999996,44,0.3076923076923077,0.7272727272727273,0.43243243243243246,2.350001446367267
583,cicids2017_fri_c0,0.723075,-57.09999999999999,59,0.5945945945945946,0.6285714285714286,0.611111111111111,2.3347136593076274
584,cicids2017_fri_c0,0.7226,-67.0,58,0.6060606060606061,0.5714285714285714,0.588235294117647,2.3886009997041238
585,cicids2017_tue_c0,0.722125,-55.99999999999999,53,0.7241379310344828,0.6,0.65625,2.279178852668864
586,cicids2017_wed_c1,0.72165,-37.09999999999999,39,0.24,0.5454545454545454,0.3333333333333333,2.323136330516162
587,cicids2017_wed_c0,0.721175,-54.29999999999999,54,0.6470588235294118,0.6285714285714286,0.6376811594202899,2.312109384541949
588,cicids2017_fri_c0,0.7207,-51.699999999999996,58,0.6875,0.6285714285714286,0.6567164179104478,2.378138260876474
589,cicids2017_wed_c1,0.720225,-35.09999999999999,37,0.2608695652173913,0.5454545454545454,0.3529411764705882,2.3157740969167566
590,cicids2017_wed_c1,0.71975,-27.699999999999992,40,0.30434782608695654,0.6363636363636364,0.411764705882353,2.403200781517881
591,cicids2017_wed_c1,0.7192750000000001,-42.89999999999999,41,0.20833333333333334,0.45454545454545453,0.28571428571428575,2.295800514470921
592,cicids2017_wed_c1,0.7188000000000001,-16.799999999999997,40,0.34615384615384615,0.8181818181818182,0.4864864864864865,2.3289668158218437
593,cicids2017_fri_c0,0.7183250000000001,-78.10000000000001,56,0.6,0.5142857142857142,0.5538461538461538,2.3013964498410897
594,cicids2017_wed_c1,0.7178500000000001,-22.499999999999993,43,0.32,0.7272727272727273,0.4444444444444444,2.3076477223235883
595,cicids2017_tue_c0,0.7173750000000001,-18.4,53,0.7,0.8,0.7466666666666666,2.3817549300659255
596,cicids2017_wed_c1,0.7169000000000001,-28.79999999999999,40,0.2916666666666667,0.6363636363636364,0.4,2.315185317189953
597,cicids2017_wed_c0,0.7164250000000001,-42.099999999999994,56,0.6666666666666666,0.6857142857142857,0.676056338028169,2.2185865062191423
598,cicids2017_wed_c1,0.7159500000000001,-36.09999999999999,43,0.2777777777777778,0.45454545454545453,0.3448275862068966,2.261039907855164
599,cicids2017_wed_c0,0.7154750000000001,-43.29999999999999,55,0.6486486486486487,0.6857142857142857,0.6666666666666667,2.2225621854954936
600,cicids2017_wed_c0,0.7150000000000001,-44.39999999999999,55,0.631578947368421,0.6857142857142857,0.6575342465753424,2.1428701645612835
601,cicids2017_wed_c0,0.7145250000000001,-33.69999999999999,58,0.7142857142857143,0.7142857142857143,0.7142857142857143,2.245331989915077
602,cicids2017_wed_c1,0.7140500000000001,-24.89999999999999,35,0.35,0.6363636363636364,0.45161290322580644,2.4253411040038935
603,cicids2017_wed_c0,0.7135750000000001,-46.39999999999999,57,0.6,0.6857142857142857,0.64,2.3028215147793505
604,cicids2017_fri_c0,0.7131000000000001,-48.599999999999994,56,0.7586206896551724,0.6285714285714286,0.6875,2.4249566282409134
605,cicids2017_wed_c1,0.7126250000000001,-36.79999999999999,42,0.24,0.5454545454545454,0.3333333333333333,2.2417228978122656
606,cicids2017_wed_c0,0.7121500000000001,-74.20000000000002,57,0.5757575757575758,0.5428571428571428,0.5588235294117646,2.281713689592542
607,cicids2017_tue_c0,0.7116750000000001,-50.99999999999999,54,0.7096774193548387,0.6285714285714286,0.6666666666666666,2.251161476763915
608,cicids2017_wed_c0,0.7112,-65.0,56,0.6451612903225806,0.5714285714285714,0.606060606060606,2.3411950613132504
609,cicids2017_wed_c1,0.710725,-26.69999999999999,39,0.3181818181818182,0.6363636363636364,0.4242424242424242,2.350152813153892
610,cicids2017_wed_c1,0.71025,-3.8999999999999995,32,0.5,0.9090909090909091,0.6451612903225806,2.376793989839561
611,cicids2017_wed_c1,0.709775,-31.099999999999987,39,0.2692307692307692,0.6363636363636364,0.37837837837837834,2.3505769689048366
612,cicids2017_tue_c0,0.7093,-61.099999999999994,57,0.6176470588235294,0.6,0.608695652173913,2.2444920339951566
613,cicids2017_wed_c1,0.708825,-21.99999999999999,37,0.3333333333333333,0.7272727272727273,0.4571428571428572,2.2333530168711118
614,cicids2017_tue_c0,0.70835,-49.19999999999999,56,0.6388888888888888,0.6571428571428571,0.647887323943662,2.304101434084719
615,cicids2017_wed_c0,0.707875,-34.89999999999999,57,0.6944444444444444,0.7142857142857143,0.7042253521126761,2.2716910362499902
616,cicids2017_wed_c0,0.7074,-27.89999999999999,56,0.7222222222222222,0.7428571428571429,0.732394366197183,2.1825543499638944
617,cicids2017_fri_c0,0.706925,-53.99999999999999,57,0.6470588235294118,0.6285714285714286,0.6376811594202899,2.3196602606348757
618,cicids2017_tue_c0,0.70645,-66.39999999999999,53,0.625,0.5714285714285714,0.5970149253731343,2.2415455011985475
619,cicids2017_fri_c0,0.705975,-32.89999999999999,55,0.7352941176470589,0.7142857142857143,0.7246376811594202,2.3217164419143104
620,cicids2017_fri_c0,0.7055,-60.0,57,0.6363636363636364,0.6,0.6176470588235293,2.2498652226459974
621,cicids2017_tue_c0,0.705025,-49.89999999999999,54,0.7333333333333333,0.6285714285714286,0.6769230769230768,2.277220336586825
622,cicids2017_tue_c0,0.70455,-20.199999999999996,57,0.6666666666666666,0.8,0.7272727272727272,2.2880991443979246
623,cicids2017_fri_c0,0.704075,-56.999999999999986,54,0.7,0.6,0.6461538461538462,2.2896897000943803
624,cicids2017_tue_c0,0.7036,-59.3,53,0.65625,0.6,0.626865671641791,2.341044305216652
625,cicids2017_wed_c0,0.703125,-52.49999999999999,56,0.5897435897435898,0.6571428571428571,0.6216216216216216,2.2869842722226927
626,cicids2017_fri_c0,0.70265,-61.69999999999999,56,0.7142857142857143,0.5714285714285714,0.634920634920635,2.2421995252760683
627,cicids2017_tue_c0,0.702175,-46.39999999999999,57,0.6,0.6857142857142857,0.64,2.2737362769246245
628,cicids2017_tue_c0,0.7017,-32.099999999999994,52,0.7575757575757576,0.7142857142857143,0.7352941176470589,2.1097048558686846
629,cicids2017_wed_c0,0.701225,-45.3,57,0.6153846153846154,0.6857142857142857,0.6486486486486486,2.3447926619415465
630,cicids2017_tue_c0,0.70075,-50.39999999999999,55,0.6216216216216216,0.6571428571428571,0.6388888888888888,2.4366422131458076
631,cicids2017_wed_c0,0.700275,-24.4,53,0.6923076923076923,0.7714285714285715,0.7297297297297296,2.3409646873720558
632,cicids2017_tue_c0,0.6998,-71.10000000000001,55,0.6333333333333333,0.5428571428571428,0.5846153846153846,2.304091217023096
633,cicids2017_tue_c0,0.699325,-26.89999999999999,55,0.7428571428571429,0.7428571428571429,0.7428571428571429,2.2745917232189705
634,cicids2017_tue_c0,0.69885,-84.30000000000001,54,0.5862068965517241,0.4857142857142857,0.53125,2.181484094305082
635,cicids2017_fri_c0,0.698375,-53.099999999999994,55,0.6666666666666666,0.6285714285714286,0.6470588235294118,2.328267530752902
636,cicids2017_wed_c0,0.6979,-47.4,52,0.6764705882352942,0.6571428571428571,0.6666666666666666,2.3349205389150067
637,cicids2017_fri_c0,0.697425,-43.0,58,0.6486486486486487,0.6857142857142857,0.6666666666666667,2.220344396853859
638,cicids2017_tue_c0,0.69695,-60.899999999999984,53,0.7407407407407407,0.5714285714285714,0.6451612903225806,2.1003669699784075
639,cicids2017_wed_c1,0.696475,-25.49999999999999,40,0.3333333333333333,0.6363636363636364,0.43749999999999994,2.238944106069176
640,cicids2017_wed_c1,0.696,-12.000000000000005,44,0.4090909090909091,0.8181818181818182,0.5454545454545455,2.1586411993883363
641,cicids2017_wed_c0,0.695525,-69.60000000000001,54,0.5714285714285714,0.5714285714285714,0.5714285714285714,2.148314698406295
642,cicids2017_wed_c1,0.69505,-10.300000000000002,39,0.45,0.8181818181818182,0.5806451612903226,2.255359218000477
643,cicids2017_wed_c1,0.6945749999999999,-20.5,47,0.3,0.8181818181818182,0.43902439024390244,2.173041451539716
644,cicids2017_tue_c0,0.6940999999999999,-39.99999999999999,55,0.7058823529411765,0.6857142857142857,0.6956521739130436,2.312258319307896
645,cicids2017_wed_c1,0.6936249999999999,-39.29999999999999,44,0.23809523809523808,0.45454545454545453,0.31249999999999994,2.091776421935001
646,cicids2017_tue_c0,0.6931499999999999,-75.0,54,0.6666666666666666,0.5142857142857142,0.5806451612903226,2.135466958363231
647,cicids2017_tue_c0,0.6926749999999999,-66.6,56,0.7307692307692307,0.5428571428571428,0.6229508196721311,2.2672861388529477
648,cicids2017_wed_c0,0.6921999999999999,-40.199999999999996,53,0.7058823529411765,0.6857142857142857,0.6956521739130436,2.2933465634909385
649,cicids2017_wed_c1,0.6917249999999999,-23.599999999999994,43,0.3076923076923077,0.7272727272727273,0.43243243243243246,2.2940791085044343
650,cicids2017_wed_c1,0.69125,-29.299999999999983,40,0.3333333333333333,0.5454545454545454,0.41379310344827586,2.130834211774876
651,cicids2017_tue_c0,0.690775,-19.799999999999997,55,0.7714285714285715,0.7714285714285715,0.7714285714285715,2.177024122022785
652,cicids2017_wed_c0,0.6903,-80.30000000000001,56,0.5625,0.5142857142857142,0.5373134328358209,2.2167614950474688
653,cicids2017_fri_c0,0.689825,-34.9,57,0.6944444444444444,0.7142857142857143,0.7042253521126761,2.105186607462088
654,cicids2017_wed_c1,0.68935,-28.399999999999984,38,0.35294117647058826,0.5454545454545454,0.42857142857142855,2.1310642930388757
655,cicids2017_wed_c0,0.688875,-60.4,53,0.6363636363636364,0.6,0.6176470588235293,2.120433315836946
656,cicids2017_wed_c0,0.6884,-20.89999999999999,55,0.75,0.7714285714285715,0.7605633802816902,2.249048540017895
657,cicids2017_wed_c1,0.687925,-21.400000000000006,43,0.3333333333333333,0.7272727272727273,0.4571428571428572,2.2685607421094605
658,cicids2017_wed_c0,0.68745,-40.39999999999999,57,0.6097560975609756,0.7142857142857143,0.6578947368421052,2.2163081806576193
659,cicids2017_fri_c0,0.686975,-35.89999999999999,58,0.6756756756756757,0.7142857142857143,0.6944444444444444,2.26156070734641
660,cicids2017_tue_c0,0.6865,-15.000000000000002,54,0.7567567567567568,0.8,0.7777777777777778,2.2462033383180735
661,cicids2017_fri_c0,0.686025,-79.69999999999999,56,0.68,0.4857142857142857,0.5666666666666667,2.2536097408933995
662,cicids2017_wed_c0,0.68555,-46.19999999999999,53,0.696969696969697,0.6571428571428571,0.676470588235294,2.3124089203121425
663,cicids2017_fri_c0,0.685075,-39.79999999999998,57,0.7058823529411765,0.6857142857142857,0.6956521739130436,2.296189815023427
664,cicids2017_fri_c0,0.6846,-42.3,54,0.6666666666666666,0.6857142857142857,0.676056338028169,2.1626766298266933
665,cicids2017_wed_c0,0.684125,-41.09999999999999,55,0.6857142857142857,0.6857142857142857,0.6857142857142857,2.1917031013617714
666,cicids2017_wed_c0,0.68365,-54.19999999999999,55,0.6470588235294118,0.6285714285714286,0.6376811594202899,2.3256084512239066
667,cicids2017_wed_c0,0.683175,-56.29999999999999,56,0.6111111111111112,0.6285714285714286,0.619718309859155,2.15107963038818
668,cicids2017_wed_c1,0.6827,-15.300000000000004,38,0.4444444444444444,0.7272727272727273,0.5517241379310345,2.301365616853168
669,cicids2017_wed_c1,0.682225,-15.500000000000005,48,0.3125,0.9090909090909091,0.4651162790697674,2.441354424229492
670,cicids2017_fri_c0,0.6817500000000001,-36.19999999999999,55,0.6756756756756757,0.7142857142857143,0.6944444444444444,2.258527549782766
671,cicids2017_wed_c1,0.6812750000000001,-25.499999999999982,40,0.3333333333333333,0.6363636363636364,0.43749999999999994,2.286405737406993
672,cicids2017_wed_c0,0.6808000000000001,-43.8,56,0.5681818181818182,0.7142857142857143,0.6329113924050633,2.181471458773765
673,cicids2017_wed_c0,0.6803250000000001,-24.19999999999999,55,0.6923076923076923,0.7714285714285715,0.7297297297297296,2.2893150401002575
674,cicids2017_fri_c0,0.6798500000000001,-29.4,57,0.8064516129032258,0.7142857142857143,0.7575757575757576,2.1691880068408262
675,cicids2017_wed_c0,0.6793750000000001,-39.49999999999999,55,0.625,0.7142857142857143,0.6666666666666666,2.299461160894426
676,cicids2017_wed_c0,0.6789000000000001,-76.20000000000002,53,0.6428571428571429,0.5142857142857142,0.5714285714285714,2.1918354601718355
677,cicids2017_wed_c0,0.6784250000000001,-78.4,59,0.5135135135135135,0.5428571428571428,0.5277777777777778,2.231136092632685
678,cicids2017_fri_c0,0.67795,-28.8,58,0.7027027027027027,0.7428571428571429,0.7222222222222223,2.3856672930129017
679,cicids2017_wed_c0,0.677475,-73.4,54,0.59375,0.5428571428571428,0.5671641791044776,2.346805096670105
680,cicids2017_wed_c1,0.677,-11.700000000000001,42,0.35714285714285715,0.9090909090909091,0.5128205128205129,2.1717453607685124
681,cicids2017_wed_c0,0.676525,-50.09999999999999,58,0.6216216216216216,0.6571428571428571,0.6388888888888888,2.2730625078635764
682,cicids2017_fri_c0,0.67605,-35.1,55,0.6944444444444444,0.7142857142857143,0.7042253521126761,2.3222140818273966
683,cicids2017_wed_c1,0.675575,-20.999999999999993,36,0.34782608695652173,0.7272727272727273,0.4705882352941176,2.2458906516985717
684,cicids2017_wed_c1,0.6751,-24.299999999999986,41,0.35,0.6363636363636364,0.45161290322580644,2.138179739202495
685,cicids2017_fri_c0,0.674625,-67.0,58,0.6060606060606061,0.5714285714285714,0.588235294117647,2.2803095766766113
686,cicids2017_wed_c1,0.67415,-21.9,38,0.3333333333333333,0.7272727272727273,0.4571428571428572,2.2203824085835437
687,cicids2017_tue_c0,0.673675,-17.2,54,0.717948717948718,0.8,0.7567567567567569,2.117995538753044
688,cicids2017_wed_c0,0.6732,-52.99999999999999,56,0.6666666666666666,0.6285714285714286,0.6470588235294118,2.1583966506752
689,cicids2017_tue_c0,0.672725,-42.3,54,0.6666666666666666,0.6857142857142857,0.676056338028169,2.12863869019109
690,cicids2017_wed_c1,0.67225,-39.59999999999999,41,0.23809523809523808,0.45454545454545453,0.31249999999999994,2.084992143432586
691,cicids2017_wed_c1,0.671775,-23.299999999999983,40,0.3684210526315789,0.6363636363636364,0.4666666666666667,2.2681533126364988
692,cicids2017_wed_c1,0.6713,-25.299999999999983,42,0.3333333333333333,0.6363636363636364,0.43749999999999994,2.1490860175947017
693,cicids2017_wed_c1,0.670825,-10.600000000000001,36,0.45,0.8181818181818182,0.5806451612903226,2.1374913867856273
694,cicids2017_wed_c1,0.67035,-20.299999999999997,32,0.36363636363636365,0.7272727272727273,0.4848484848484849,2.1855556723946608
695,cicids2017_fri_c0,0.669875,-47.8,59,0.6571428571428571,0.6571428571428571,0.6571428571428571,2.246820282461558
696,cicids2017_tue_c0,0.6694,-43.199999999999996,56,0.6486486486486487,0.6857142857142857,0.6666666666666667,2.283002903293105
697,cicids2017_wed_c0,0.668925,-40.29999999999999,52,0.7058823529411765,0.6857142857142857,0.6956521739130436,2.3450124122654583
698,cicids2017_wed_c0,0.66845,-47.599999999999994,56,0.5853658536585366,0.6857142857142857,0.6315789473684211,2.138695398681388
699,cicids2017_fri_c0,0.667975,-50.79999999999999,56,0.7096774193548387,0.6285714285714286,0.6666666666666666,2.3176826785262654
700,cicids2017_fri_c0,0.6675,-79.0,58,0.5806451612903226,0.5142857142857142,0.5454545454545455,2.2577411443761695
701,cicids2017_wed_c0,0.667025,-32.39999999999999,55,0.65,0.7428571428571429,0.6933333333333334,2.2651395706986506
702,cicids2017_wed_c0,0.66655,-43.99999999999999,59,0.631578947368421,0.6857142857142857,0.6575342465753424,2.1590858196456435
703,cicids2017_fri_c0,0.666075,-64.1,54,0.6666666666666666,0.5714285714285714,0.6153846153846153,2.1289324670339016
704,cicids2017_fri_c0,0.6656,-63.099999999999994,59,0.5833333333333334,0.6,0.591549295774648,2.193118986935965
705,cicids2017_fri_c0,0.665125,-33.9,56,0.7142857142857143,0.7142857142857143,0.7142857142857143,2.1158055570552667
706,cicids2017_wed_c0,0.66465,-37.09999999999999,57,0.6578947368421053,0.7142857142857143,0.684931506849315,2.1578586684649625
707,cicids2017_fri_c0,0.664175,-57.999999999999986,55,0.6774193548387096,0.6,0.6363636363636364,2.219333946144605
708,cicids2017_wed_c0,0.6637,-40.79999999999999,58,0.6857142857142857,0.6857142857142857,0.6857142857142857,2.1071150499564855
709,cicids2017_tue_c0,0.663225,-53.099999999999994,55,0.6666666666666666,0.6285714285714286,0.6470588235294118,2.2647482521855875
710,cicids2017_tue_c0,0.66275,-62.49999999999999,54,0.6,0.6,0.6,2.2042596391024776
711,cicids2017_wed_c0,0.6622750000000001,-59.999999999999986,57,0.6363636363636364,0.6,0.6176470588235293,2.1009046906802764
712,cicids2017_wed_c0,0.6618,-37.0,58,0.6578947368421053,0.7142857142857143,0.684931506849315,2.1536214147174455
713,cicids2017_wed_c0,0.661325,-21.599999999999998,54,0.6511627906976745,0.8,0.7179487179487181,2.0434145103020187
714,cicids2017_wed_c1,0.66085,-28.399999999999984,44,0.2916666666666667,0.6363636363636364,0.4,2.1832549310734564
715,cicids2017_wed_c1,0.660375,-27.19999999999998,45,0.30434782608695654,0.6363636363636364,0.411764705882353,2.1527232080684553
716,cicids2017_wed_c1,0.6599,-32.89999999999999,43,0.25,0.6363636363636364,0.358974358974359,2.1894111128348825
717,cicids2017_wed_c0,0.659425,-13.900000000000004,54,0.7777777777777778,0.8,0.7887323943661971,2.096437430790813
718,cicids2017_tue_c0,0.65895,-47.99999999999999,51,0.7857142857142857,0.6285714285714286,0.6984126984126985,2.0519292667026376
719,cicids2017_fri_c0,0.658475,-58.79999999999999,58,0.65625,0.6,0.626865671641791,2.1519428764872717
720,cicids2017_wed_c0,0.658,-8.100000000000001,58,0.6818181818181818,0.8571428571428571,0.759493670886076,2.123495623925248
721,cicids2017_fri_c0,0.657525,-42.69999999999999,55,0.7666666666666667,0.6571428571428571,0.7076923076923077,2.202741140658127
722,cicids2017_wed_c1,0.65705,-33.899999999999984,38,0.2727272727272727,0.5454545454545454,0.3636363636363636,2.1245383565401927
723,cicids2017_wed_c1,0.656575,-44.099999999999994,40,0.2,0.45454545454545453,0.2777777777777778,2.114226417529897
724,cicids2017_fri_c0,0.6561,-69.4,56,0.5714285714285714,0.5714285714285714,0.5714285714285714,2.3546978869622213
725,cicids2017_wed_c1,0.655625,-21.999999999999993,37,0.3333333333333333,0.7272727272727273,0.4571428571428572,2.2127607509879392
726,cicids2017_fri_c0,0.65515,-34.499999999999986,55,0.8275862068965517,0.6857142857142857,0.75,2.2119434787619596
727,cicids2017_wed_c0,0.654675,-19.7,57,0.6041666666666666,0.8285714285714286,0.6987951807228916,2.069633106785174
728,cicids2017_fri_c0,0.6542,-59.89999999999999,58,0.6363636363636364,0.6,0.6176470588235293,2.1066160915964303
729,cicids2017_tue_c0,0.653725,-55.69999999999998,56,0.7241379310344828,0.6,0.65625,2.2091057357000894
730,cicids2017_wed_c0,0.65325,-60.8,55,0.55,0.6285714285714286,0.5866666666666667,2.1973793843545986
731,cicids2017_wed_c0,0.6527750000000001,-15.599999999999996,54,0.6590909090909091,0.8285714285714286,0.7341772151898734,2.2727766122779913
732,cicids2017_tue_c0,0.6523000000000001,-75.4,56,0.5588235294117647,0.5428571428571428,0.5507246376811593,2.103117267400878
733,cicids2017_wed_c1,0.6518250000000001,-31.89999999999999,36,0.3,0.5454545454545454,0.3870967741935483,2.348480012837954
734,cicids2017_wed_c1,0.6513500000000001,-36.79999999999998,42,0.24,0.5454545454545454,0.3333333333333333,2.061004482506486
735,cicids2017_fri_c0,0.6508750000000001,-58.79999999999999,58,0.65625,0.6,0.626865671641791,2.223566176522073
736,cicids2017_wed_c0,0.6504000000000001,-65.89999999999999,58,0.625,0.5714285714285714,0.5970149253731343,2.2796920041660087
737,cicids2017_wed_c0,0.6499250000000001,-41.49999999999999,57,0.5952380952380952,0.7142857142857143,0.6493506493506493,2.223767986410232
738,cicids2017_tue_c0,0.6494500000000001,-51.999999999999986,55,0.6875,0.6285714285714286,0.6567164179104478,2.3391916460575652
739,cicids2017_wed_c0,0.6489750000000001,-57.29999999999999,57,0.5945945945945946,0.6285714285714286,0.611111111111111,2.2045954698025754
740,cicids2017_wed_c1,0.6485000000000001,-17.9,40,0.3333333333333333,0.8181818181818182,0.4736842105263157,2.1917488045855356
741,cicids2017_wed_c1,0.6480250000000001,-26.599999999999994,46,0.27586206896551724,0.7272727272727273,0.4,2.161369096275594
742,cicids2017_wed_c1,0.6475500000000001,-32.59999999999998,46,0.25,0.6363636363636364,0.358974358974359,2.234470542309648
743,cicids2017_wed_c0,0.6470750000000001,-49.09999999999999,57,0.6388888888888888,0.6571428571428571,0.647887323943662,2.198263885509791
744,cicids2017_tue_c0,0.6466000000000001,-61.99999999999999,53,0.7142857142857143,0.5714285714285714,0.634920634920635,2.207980597274803
745,cicids2017_wed_c1,0.6461250000000001,-40.89999999999999,39,0.22727272727272727,0.45454545454545453,0.30303030303030304,2.2301790152814913
746,cicids2017_tue_c0,0.6456500000000001,-60.09999999999999,56,0.6363636363636364,0.6,0.6176470588235293,2.095792187503627
747,cicids2017_wed_c0,0.645175,-34.3,52,0.7142857142857143,0.7142857142857143,0.7142857142857143,2.1535302058641017
748,cicids2017_tue_c0,0.6447,-39.199999999999996,58,0.625,0.7142857142857143,0.6666666666666666,2.263328150174075
749,cicids2017_tue_c0,0.644225,-47.199999999999996,54,0.6764705882352942,0.6571428571428571,0.6666666666666666,2.181629783536008
750,cicids2017_fri_c0,0.64375,-57.79999999999999,57,0.6774193548387096,0.6,0.6363636363636364,2.3007353698672195
751,cicids2017_wed_c1,0.643275,-7.5000000000000036,34,0.5294117647058824,0.8181818181818182,0.6428571428571428,2.496816212877001
752,cicids2017_fri_c0,0.6428,-33.8,57,0.7142857142857143,0.7142857142857143,0.7142857142857143,2.179644480533578
753,cicids2017_fri_c0,0.642325,-38.499999999999986,59,0.7272727272727273,0.6857142857142857,0.7058823529411764,2.153795952639844
754,cicids2017_wed_c1,0.64185,-4.9,39,0.39285714285714285,1.0,0.5641025641025641,2.2785639689975543
755,cicids2017_wed_c0,0.641375,-21.599999999999998,54,0.6511627906976745,0.8,0.7179487179487181,2.1639940009666656
756,cicids2017_tue_c0,0.6409,-35.099999999999994,55,0.6944444444444444,0.7142857142857143,0.7042253521126761,2.2672252515256406
757,cicids2017_wed_c0,0.640425,-40.3,52,0.7058823529411765,0.6857142857142857,0.6956521739130436,2.236071766707463
758,cicids2017_tue_c0,0.63995,-37.899999999999984,54,0.75,0.6857142857142857,0.7164179104477612,2.306605975540929
759,cicids2017_fri_c0,0.639475,-31.1,57,0.6666666666666666,0.7428571428571429,0.7027027027027027,2.3155573767168893
760,cicids2017_wed_c0,0.639,-57.39999999999999,56,0.5945945945945946,0.6285714285714286,0.611111111111111,2.1409075539076508
761,cicids2017_fri_c0,0.638525,-48.399999999999984,58,0.7586206896551724,0.6285714285714286,0.6875,2.0549400779787264
762,cicids2017_wed_c0,0.63805,-84.30000000000001,54,0.5862068965517241,0.4857142857142857,0.53125,2.0919288090545565
763,cicids2017_wed_c1,0.637575,-22.7,41,0.32,0.7272727272727273,0.4444444444444444,2.117488798078017
764,cicids2017_wed_c1,0.6371,-20.0,41,0.3103448275862069,0.8181818181818182,0.45000000000000007,2.1924394323532375
765,cicids2017_tue_c0,0.636625,-34.300000000000004,52,0.7142857142857143,0.7142857142857143,0.7142857142857143,2.210107428921055
766,cicids2017_wed_c1,0.63615,-22.599999999999987,42,0.32,0.7272727272727273,0.4444444444444444,2.2171639945148547
767,cicids2017_wed_c0,0.635675,-41.19999999999999,54,0.6857142857142857,0.6857142857142857,0.6857142857142857,2.1389379279479956
768,cicids2017_tue_c0,0.6352,-29.299999999999997,53,0.7027027027027027,0.7428571428571429,0.7222222222222223,2.168607382552021
769,cicids2017_fri_c0,0.634725,-64.39999999999999,57,0.5675675675675675,0.6,0.5833333333333333,2.001768935409111
770,cicids2017_tue_c0,0.63425,-61.199999999999996,56,0.6176470588235294,0.6,0.608695652173913,2.087066565380312
771,cicids2017_wed_c0,0.633775,-69.50000000000001,55,0.5714285714285714,0.5714285714285714,0.5714285714285714,2.1237185063427964
772,cicids2017_wed_c1,0.6333,-23.19999999999999,36,0.32,0.7272727272727273,0.4444444444444444,2.080355423334896
773,cicids2017_fri_c0,0.632825,-35.89999999999999,58,0.6756756756756757,0.7142857142857143,0.6944444444444444,2.145003747796339
774,cicids2017_wed_c0,0.63235,-31.39999999999999,54,0.6666666666666666,0.7428571428571429,0.7027027027027027,2.18771503470123
775,cicids2017_wed_c1,0.631875,-7.100000000000001,39,0.36666666666666664,1.0,0.5365853658536585,2.1741879588766473
776,cicids2017_wed_c1,0.6314,-19.5,40,0.36363636363636365,0.7272727272727273,0.4848484848484849,2.2504950995597213
777,cicids2017_tue_c0,0.630925,-40.4,51,0.7058823529411765,0.6857142857142857,0.6956521739130436,2.0983031040176026
778,cicids2017_fri_c0,0.63045,-46.9,57,0.6764705882352942,0.6571428571428571,0.6666666666666666,2.236373732646642
779,cicids2017_tue_c0,0.629975,-64.2,53,0.6666666666666666,0.5714285714285714,0.6153846153846153,2.2965476985005964
780,cicids2017_wed_c1,0.6295,-22.499999999999986,37,0.3888888888888889,0.6363636363636364,0.4827586206896552,2.239354338366563
781,cicids2017_wed_c1,0.629025,-26.499999999999986,41,0.3181818181818182,0.6363636363636364,0.4242424242424242,2.1662928800350474
782,cicids2017_wed_c0,0.6285499999999999,-54.19999999999999,55,0.6470588235294118,0.6285714285714286,0.6376811594202899,2.122387157420671
783,cicids2017_fri_c0,0.6280749999999999,-27.89999999999999,56,0.7222222222222222,0.7428571428571429,0.732394366197183,2.113195732354155
784,cicids2017_fri_c0,0.6275999999999999,-56.8,56,0.7,0.6,0.6461538461538462,2.1132533790621393
785,cicids2017_tue_c0,0.6271249999999999,-41.199999999999996,54,0.6857142857142857,0.6857142857142857,0.6857142857142857,2.1886612580828193
786,cicids2017_wed_c0,0.6266499999999999,-23.599999999999994,50,0.7105263157894737,0.7714285714285715,0.7397260273972601,2.2278800515280066
787,cicids2017_fri_c0,0.6261749999999999,-63.3,57,0.5833333333333334,0.6,0.591549295774648,2.139939492437225
788,cicids2017_wed_c0,0.6256999999999999,-49.199999999999996,56,0.6388888888888888,0.6571428571428571,0.647887323943662,2.178655728634143
789,cicids2017_wed_c0,0.6252249999999999,-51.39999999999999,56,0.6052631578947368,0.6571428571428571,0.6301369863013698,2.3151605369613177
790,cicids2017_fri_c0,0.62475,-52.89999999999999,57,0.6666666666666666,0.6285714285714286,0.6470588235294118,2.212569491534207
791,cicids2017_fri_c0,0.624275,-64.89999999999999,57,0.6451612903225806,0.5714285714285714,0.606060606060606,2.0564241572360498
792,cicids2017_tue_c0,0.6238,-49.29999999999999,55,0.6388888888888888,0.6571428571428571,0.647887323943662,2.1413276023794365
793,cicids2017_wed_c0,0.623325,-40.49999999999999,56,0.6097560975609756,0.7142857142857143,0.6578947368421052,2.130796916015168
794,cicids2017_wed_c1,0.62285,-13.300000000000004,42,0.391304347826087,0.8181818181818182,0.5294117647058824,2.238889837031003
795,cicids2017_tue_c0,0.622375,-30.299999999999994,54,0.6842105263157895,0.7428571428571429,0.7123287671232877,2.0588389244868384
796,cicids2017_tue_c0,0.6219,-27.799999999999997,57,0.7222222222222222,0.7428571428571429,0.732394366197183,2.2142789832299705
797,cicids2017_wed_c1,0.621425,-15.300000000000004,38,0.4444444444444444,0.7272727272727273,0.5517241379310345,2.2609709724160383
798,cicids2017_tue_c0,0.62095,-33.79999999999999,57,0.7142857142857143,0.7142857142857143,0.7142857142857143,2.1182047958294126
799,cicids2017_tue_c0,0.620475,-52.19999999999999,53,0.6875,0.6285714285714286,0.6567164179104478,2.1991784241917873
800,cicids2017_tue_c0,0.62,-31.299999999999997,55,0.6666666666666666,0.7428571428571429,0.7027027027027027,2.1390872031359636
801,cicids2017_fri_c0,0.619525,-32.49999999999999,59,0.7352941176470589,0.7142857142857143,0.7246376811594202,2.087267396672417
802,cicids2017_tue_c0,0.61905,-74.30000000000001,56,0.5757575757575758,0.5428571428571428,0.5588235294117646,2.218646182684227
803,cicids2017_wed_c0,0.618575,-42.19999999999999,55,0.6666666666666666,0.6857142857142857,0.676056338028169,2.2520580186488237
804,cicids2017_wed_c1,0.6181,-31.499999999999986,40,0.3,0.5454545454545454,0.3870967741935483,2.0897295478360025
805,cicids2017_wed_c0,0.617625,-20.999999999999993,54,0.75,0.7714285714285715,0.7605633802816902,2.2396161638584338
806,cicids2017_wed_c1,0.61715,-11.200000000000003,41,0.42857142857142855,0.8181818181818182,0.5625,2.1988244437478395
807,cicids2017_wed_c0,0.616675,-29.599999999999994,56,0.6136363636363636,0.7714285714285715,0.6835443037974683,2.0890706846696268
808,cicids2017_fri_c0,0.6162,-16.5,56,0.6444444444444445,0.8285714285714286,0.7250000000000001,2.1326528266377447
809,cicids2017_tue_c0,0.615725,-11.2,54,0.725,0.8285714285714286,0.7733333333333333,2.0382734290416358
810,cicids2017_wed_c1,0.6152500000000001,-20.999999999999996,41,0.4117647058823529,0.6363636363636364,0.5,2.332833183716378
811,cicids2017_fri_c0,0.6147750000000001,-45.89999999999999,56,0.696969696969697,0.6571428571428571,0.676470588235294,2.100124023114735
812,cicids2017_wed_c1,0.6143000000000001,-48.69999999999999,43,0.17391304347826086,0.36363636363636365,0.2352941176470588,2.17277913539255
813,cicids2017_wed_c0,0.6138250000000001,-35.5,57,0.6046511627906976,0.7428571428571429,0.6666666666666666,2.1288196545306053
814,cicids2017_tue_c0,0.6133500000000001,-33.89999999999999,56,0.7142857142857143,0.7142857142857143,0.7142857142857143,2.224988013484919
815,cicids2017_wed_c1,0.6128750000000001,-28.79999999999999,40,0.2916666666666667,0.6363636363636364,0.4,2.0952202246016234
816,cicids2017_wed_c1,0.6124,-27.89999999999999,44,0.26666666666666666,0.7272727272727273,0.3902439024390244,2.0855403864161532
817,cicids2017_fri_c0,0.611925,-68.2,57,0.5882352941176471,0.5714285714285714,0.5797101449275363,2.2136196842798905
818,cicids2017_fri_c0,0.61145,-19.799999999999997,55,0.7714285714285715,0.7714285714285715,0.7714285714285715,2.073664984723685
819,cicids2017_wed_c0,0.610975,-53.099999999999994,55,0.6666666666666666,0.6285714285714286,0.6470588235294118,2.0933553572983565
820,cicids2017_wed_c1,0.6105,-28.699999999999992,35,0.35294117647058826,0.5454545454545454,0.42857142857142855,2.094127420753856
821,cicids2017_fri_c0,0.610025,-33.2,58,0.6341463414634146,0.7428571428571429,0.6842105263157895,2.0037592579119186
822,cicids2017_wed_c0,0.60955,-41.49999999999999,51,0.6857142857142857,0.6857142857142857,0.6857142857142857,2.1409739137138057
823,cicids2017_fri_c0,0.609075,-22.899999999999995,57,0.7105263157894737,0.7714285714285715,0.7397260273972601,2.2478474013535465
824,cicids2017_wed_c0,0.6086,-35.4,58,0.6046511627906976,0.7428571428571429,0.6666666666666666,2.076991052719288
825,cicids2017_wed_c0,0.608125,-18.299999999999997,54,0.7,0.8,0.7466666666666666,2.080549086052538
826,cicids2017_fri_c0,0.60765,-58.099999999999994,54,0.6774193548387096,0.6,0.6363636363636364,2.0283673319780857
827,cicids2017_wed_c0,0.607175,-27.199999999999996,58,0.6428571428571429,0.7714285714285715,0.7012987012987013,2.1848477001145863
828,cicids2017_wed_c1,0.6067,-37.099999999999994,33,0.2777777777777778,0.45454545454545453,0.3448275862068966,2.116781993334125
829,cicids2017_wed_c1,0.606225,-24.899999999999995,41,0.2962962962962963,0.7272727272727273,0.42105263157894735,2.2035649792834824
830,cicids2017_fri_c0,0.60575,-26.599999999999994,58,0.7428571428571429,0.7428571428571429,0.7428571428571429,2.1962552668826674
831,cicids2017_fri_c0,0.605275,-32.099999999999994,58,0.65,0.7428571428571429,0.6933333333333334,2.052091916833034
832,cicids2017_fri_c0,0.6048,-32.5,59,0.7352941176470589,0.7142857142857143,0.7246376811594202,2.2115017941407253
833,cicids2017_tue_c0,0.604325,-19.799999999999997,55,0.7714285714285715,0.7714285714285715,0.7714285714285715,2.168879927442931
834,cicids2017_fri_c0,0.60385,-23.799999999999997,59,0.6923076923076923,0.7714285714285715,0.7297297297297296,2.088666835787912
835,cicids2017_wed_c1,0.603375,-21.399999999999984,43,0.3333333333333333,0.7272727272727273,0.4571428571428572,2.2007688311923737
836,cicids2017_wed_c1,0.6029,-17.799999999999997,35,0.4,0.7272727272727273,0.5161290322580645,2.2721641075465797
837,cicids2017_wed_c1,0.602425,-16.6,42,0.34615384615384615,0.8181818181818182,0.4864864864864865,2.0873242613416907
838,cicids2017_fri_c0,0.60195,-5.400000000000004,57,0.8285714285714286,0.8285714285714286,0.8285714285714286,2.1026288186124686
839,cicids2017_fri_c0,0.601475,-19.7,56,0.7714285714285715,0.7714285714285715,0.7714285714285715,2.0674494165387514
840,cicids2017_wed_c1,0.601,-17.799999999999997,41,0.3333333333333333,0.8181818181818182,0.4736842105263157,2.1463733231604945
841,cicids2017_tue_c0,0.600525,-53.29999999999999,53,0.6666666666666666,0.6285714285714286,0.6470588235294118,2.151356948099951
842,cicids2017_wed_c0,0.60005,-27.999999999999993,55,0.7222222222222222,0.7428571428571429,0.732394366197183,2.2112824875921397
843,cicids2017_wed_c1,0.599575,-10.500000000000004,37,0.45,0.8181818181818182,0.5806451612903226,2.1244872559314887
844,cicids2017_fri_c0,0.5991,-27.7,58,0.7222222222222222,0.7428571428571429,0.732394366197183,2.1135166896373727
845,cicids2017_fri_c0,0.598625,-58.4,57,0.5789473684210527,0.6285714285714286,0.6027397260273972,2.1354627557156136
846,cicids2017_fri_c0,0.59815,-30.69999999999999,55,0.78125,0.7142857142857143,0.7462686567164178,2.1388181420483234
847,cicids2017_fri_c0,0.597675,-40.19999999999999,58,0.8214285714285714,0.6571428571428571,0.73015873015873,2.1603766104740805
848,cicids2017_fri_c0,0.5972,-12.000000000000002,57,0.7073170731707317,0.8285714285714286,0.7631578947368421,2.128764770331837
849,cicids2017_wed_c1,0.596725,-21.5,42,0.3333333333333333,0.7272727272727273,0.4571428571428572,1.9973420329679232
850,cicids2017_wed_c0,0.59625,-33.79999999999999,57,0.7142857142857143,0.7142857142857143,0.7142857142857143,2.1872174063358334
851,cicids2017_wed_c1,0.595775,-21.999999999999993,43,0.2903225806451613,0.8181818181818182,0.4285714285714286,2.0196861968437587
852,cicids2017_wed_c1,0.5953,-10.000000000000004,42,0.45,0.8181818181818182,0.5806451612903226,2.2003062815962005
853,cicids2017_wed_c1,0.594825,-19.799999999999997,37,0.36363636363636365,0.7272727272727273,0.4848484848484849,2.169515116462412
854,cicids2017_fri_c0,0.59435,-20.700000000000003,57,0.75,0.7714285714285715,0.7605633802816902,2.0715701714876245
855,cicids2017_tue_c0,0.593875,-42.19999999999999,55,0.6666666666666666,0.6857142857142857,0.676056338028169,1.9912028615282573
856,cicids2017_wed_c1,0.5934,-27.199999999999985,39,0.375,0.5454545454545454,0.4444444444444444,2.088478458054231
857,cicids2017_fri_c0,0.592925,-40.79999999999999,58,0.6857142857142857,0.6857142857142857,0.6857142857142857,2.19610565840993
858,cicids2017_fri_c0,0.59245,-19.299999999999997,55,0.6829268292682927,0.8,0.736842105263158,2.079101334661221
859,cicids2017_wed_c0,0.591975,-46.5,50,0.696969696969697,0.6571428571428571,0.676470588235294,2.023351275077009
860,cicids2017_wed_c1,0.5915,-20.399999999999995,42,0.34782608695652173,0.7272727272727273,0.4705882352941176,2.2282355251464834
861,cicids2017_wed_c1,0.591025,-34.099999999999994,36,0.2727272727272727,0.5454545454545454,0.3636363636363636,2.105395897259657
862,cicids2017_wed_c1,0.59055,-19.79999999999999,31,0.4666666666666667,0.6363636363636364,0.5384615384615385,2.087056262375315
863,cicids2017_fri_c0,0.590075,-23.900000000000002,58,0.6923076923076923,0.7714285714285715,0.7297297297297296,2.0706628766788207
864,cicids2017_wed_c1,0.5896,-25.999999999999996,41,0.2857142857142857,0.7272727272727273,0.4102564102564102,2.094384247487098
865,cicids2017_wed_c1,0.589125,-33.89999999999999,38,0.2727272727272727,0.5454545454545454,0.3636363636363636,1.9535626940129394
866,cicids2017_wed_c0,0.58865,-69.4,50,0.6785714285714286,0.5428571428571428,0.603174603174603,2.1090474127178322
867,cicids2017_wed_c1,0.588175,-19.799999999999997,37,0.36363636363636365,0.7272727272727273,0.4848484848484849,2.097788693634322
868,cicids2017_wed_c1,0.5877,-7.800000000000006,42,0.5,0.8181818181818182,0.6206896551724137,2.1627323868990356
869,cicids2017_tue_c0,0.587225,-31.599999999999994,52,0.6666666666666666,0.7428571428571429,0.7027027027027027,2.1980435072783733
870,cicids2017_fri_c0,0.58675,-45.99999999999999,55,0.696969696969697,0.6571428571428571,0.676470588235294,2.0306605705005887
871,cicids2017_tue_c0,0.5862750000000001,-54.39999999999999,53,0.6470588235294118,0.6285714285714286,0.6376811594202899,2.190146404344336
872,cicids2017_fri_c0,0.5858000000000001,-56.9,55,0.7,0.6,0.6461538461538462,2.0598353038411155
873,cicids2017_fri_c0,0.5853250000000001,-60.099999999999994,56,0.6363636363636364,0.6,0.6176470588235293,2.263165072537046
874,cicids2017_fri_c0,0.5848500000000001,-41.29999999999999,58,0.7931034482758621,0.6571428571428571,0.71875,2.1467041423212567
875,cicids2017_wed_c0,0.5843750000000001,-79.4,54,0.5806451612903226,0.5142857142857142,0.5454545454545455,2.0609128840483373
876,cicids2017_wed_c0,0.5839000000000001,-8.5,54,0.6818181818181818,0.8571428571428571,0.759493670886076,2.183143077044409
877,cicids2017_wed_c0,0.5834250000000001,-50.09999999999999,58,0.6216216216216216,0.6571428571428571,0.6388888888888888,2.1376745968409354
878,cicids2017_wed_c0,0.5829500000000001,-51.19999999999999,58,0.6052631578947368,0.6571428571428571,0.6301369863013698,2.142591455707133
879,cicids2017_wed_c0,0.5824750000000001,-15.400000000000002,50,0.7567567567567568,0.8,0.7777777777777778,2.0533671499742168
880,cicids2017_wed_c0,0.5820000000000001,-57.29999999999999,57,0.5945945945945946,0.6285714285714286,0.611111111111111,2.180894130436516
881,cicids2017_fri_c0,0.5815250000000001,-50.09999999999999,58,0.6216216216216216,0.6571428571428571,0.6388888888888888,2.1323742197905693
882,cicids2017_wed_c1,0.5810500000000001,-41.19999999999999,42,0.20689655172413793,0.5454545454545454,0.3,2.0846683502765524
883,cicids2017_tue_c0,0.5805750000000001,-33.89999999999999,56,0.7142857142857143,0.7142857142857143,0.7142857142857143,2.145652049181031
884,cicids2017_fri_c0,0.5801000000000001,-44.6,58,0.71875,0.6571428571428571,0.6865671641791045,2.1780810508921373
885,cicids2017_wed_c1,0.5796250000000001,-15.800000000000002,33,0.4444444444444444,0.7272727272727273,0.5517241379310345,1.9882924773467643
886,cicids2017_wed_c0,0.57915,-57.29999999999999,57,0.5945945945945946,0.6285714285714286,0.611111111111111,2.0742583985389844
887,cicids2017_fri_c0,0.578675,-16.7,59,0.717948717948718,0.8,0.7567567567567569,2.1180386704370906
888,cicids2017_fri_c0,0.5782,-37.599999999999994,57,0.75,0.6857142857142857,0.7164179104477612,2.1558472652573264
889,cicids2017_fri_c0,0.577725,-12.800000000000002,54,0.8,0.8,0.8000000000000002,2.1229305426730325
890,cicids2017_tue_c0,0.57725,-41.39999999999999,52,0.6857142857142857,0.6857142857142857,0.6857142857142857,2.0703753386497916
891,cicids2017_fri_c0,0.576775,-27.700000000000003,58,0.7222222222222222,0.7428571428571429,0.732394366197183,2.143952734008056
892,cicids2017_wed_c0,0.5763,-28.19999999999999,53,0.7222222222222222,0.7428571428571429,0.732394366197183,2.1450008561171376
893,cicids2017_wed_c0,0.575825,-46.6,55,0.6,0.6857142857142857,0.64,2.1119292618900936
894,cicids2017_wed_c1,0.57535,-8.100000000000001,34,0.4166666666666667,0.9090909090909091,0.5714285714285715,2.2794328215432356
895,cicids2017_wed_c0,0.574875,-26.19999999999999,57,0.6585365853658537,0.7714285714285715,0.7105263157894737,2.0901411229698095
896,cicids2017_wed_c0,0.5744,-40.79999999999999,58,0.6857142857142857,0.6857142857142857,0.6857142857142857,2.282927876075261
897,cicids2017_wed_c0,0.573925,-59.49999999999999,57,0.5641025641025641,0.6285714285714286,0.5945945945945945,2.17045847200768
898,cicids2017_fri_c0,0.57345,-19.499999999999993,58,0.7714285714285715,0.7714285714285715,0.7714285714285715,2.162649318151925
899,cicids2017_fri_c0,0.572975,-20.799999999999997,56,0.75,0.7714285714285715,0.7605633802816902,2.1795229536312566
900,cicids2017_wed_c0,0.5725,-23.6,56,0.6222222222222222,0.8,0.7000000000000001,2.1602237296453346
901,cicids2017_fri_c0,0.572025,-24.6,56,0.7878787878787878,0.7428571428571429,0.7647058823529412,2.163814271459277
902,cicids2017_fri_c0,0.57155,-24.0,57,0.6923076923076923,0.7714285714285715,0.7297297297297296,2.2159111815108226
903,cicids2017_fri_c0,0.571075,-14.100000000000001,58,0.6744186046511628,0.8285714285714286,0.7435897435897435,2.047937196586143
904,cicids2017_wed_c1,0.5706,-11.600000000000005,37,0.42857142857142855,0.8181818181818182,0.5625,2.2162491637516024
905,cicids2017_tue_c0,0.570125,-13.500000000000002,53,0.6904761904761905,0.8285714285714286,0.7532467532467533,2.07393794161433
906,cicids2017_wed_c0,0.56965,-59.09999999999999,55,0.65625,0.6,0.626865671641791,1.9611750960308632
907,cicids2017_tue_c0,0.569175,-46.899999999999984,57,0.6764705882352942,0.6571428571428571,0.6666666666666666,2.0405119255615083
908,cicids2017_fri_c0,0.5687,-28.699999999999996,59,0.7027027027027027,0.7428571428571429,0.7222222222222223,2.175326808871114
909,cicids2017_tue_c0,0.568225,-32.89999999999999,55,0.7352941176470589,0.7142857142857143,0.7246376811594202,2.1764759076793414
910,cicids2017_fri_c0,0.56775,-63.900000000000006,56,0.6666666666666666,0.5714285714285714,0.6153846153846153,2.1362391559966794
911,cicids2017_wed_c1,0.567275,-19.59999999999999,39,0.36363636363636365,0.7272727272727273,0.4848484848484849,2.197659899795617
912,cicids2017_fri_c0,0.5668,-42.69999999999999,55,0.7666666666666667,0.6571428571428571,0.7076923076923077,2.1842610634834165
913,cicids2017_tue_c0,0.566325,-29.09999999999999,55,0.7027027027027027,0.7428571428571429,0.7222222222222223,2.1381136297238594
914,cicids2017_wed_c1,0.56585,-28.999999999999993,38,0.2916666666666667,0.6363636363636364,0.4,2.0802140106211318
915,cicids2017_wed_c0,0.565375,-40.29999999999999,58,0.6097560975609756,0.7142857142857143,0.6578947368421052,2.2061284242056054
916,cicids2017_tue_c0,0.5649,-3.3,57,0.6739130434782609,0.8857142857142857,0.7654320987654321,2.0236914944831135
917,cicids2017_wed_c0,0.564425,-31.39999999999999,54,0.6666666666666666,0.7428571428571429,0.7027027027027027,2.1480185929684574
918,cicids2017_wed_c1,0.56395,-7.0,39,0.5294117647058824,0.8181818181818182,0.6428571428571428,2.0796334668073726
919,cicids2017_tue_c0,0.563475,-55.69999999999998,56,0.7241379310344828,0.6,0.65625,1.9272169999877533
920,cicids2017_wed_c0,0.563,-46.699999999999996,54,0.6,0.6857142857142857,0.64,2.1054568504416102
921,cicids2017_wed_c1,0.5625249999999999,-4.199999999999999,40,0.47619047619047616,0.9090909090909091,0.6249999999999999,2.0652791967821074
922,cicids2017_wed_c0,0.5620499999999999,-2.4000000000000012,55,0.6888888888888889,0.8857142857142857,0.775,1.9955024981677765
923,cicids2017_tue_c0,0.5615749999999999,-50.5,54,0.6216216216216216,0.6571428571428571,0.6388888888888888,1.9505044162741174
924,cicids2017_fri_c0,0.5610999999999999,-65.89999999999999,58,0.625,0.5714285714285714,0.5970149253731343,2.0673696837344915
925,cicids2017_fri_c0,0.5606249999999999,-51.099999999999994,59,0.6052631578947368,0.6571428571428571,0.6301369863013698,2.255937025572727
926,cicids2017_wed_c1,0.5601499999999999,-8.100000000000005,39,0.5,0.8181818181818182,0.6206896551724137,1.976960618198516
927,cicids2017_wed_c0,0.5596749999999999,-57.199999999999996,58,0.5945945945945946,0.6285714285714286,0.611111111111111,2.0997332817781724
928,cicids2017_tue_c0,0.5591999999999999,-46.3,52,0.696969696969697,0.6571428571428571,0.676470588235294,2.1065932278112642
929,cicids2017_tue_c0,0.5587249999999999,-33.99999999999999,55,0.7142857142857143,0.7142857142857143,0.7142857142857143,2.106612860597174
930,cicids2017_wed_c0,0.55825,-30.29999999999999,54,0.6842105263157895,0.7428571428571429,0.7123287671232877,2.0325747676057953
931,cicids2017_wed_c0,0.557775,-26.099999999999994,58,0.6585365853658537,0.7714285714285715,0.7105263157894737,2.09368347961283
932,cicids2017_wed_c0,0.5573,-38.5,54,0.6410256410256411,0.7142857142857143,0.6756756756756757,1.9766007927099565
933,cicids2017_tue_c0,0.556825,-29.999999999999986,57,0.6842105263157895,0.7428571428571429,0.7123287671232877,2.0986920810721563
934,cicids2017_wed_c0,0.55635,-43.99999999999999,53,0.7419354838709677,0.6571428571428571,0.6969696969696969,1.9684772142233824
935,cicids2017_tue_c0,0.555875,-21.999999999999996,55,0.7297297297297297,0.7714285714285715,0.75,2.1529035788736834
936,cicids2017_wed_c1,0.5554,-20.599999999999998,40,0.34782608695652173,0.7272727272727273,0.4705882352941176,2.1616032942894123
937,cicids2017_fri_c0,0.554925,-25.9,54,0.7647058823529411,0.7428571428571429,0.7536231884057971,2.0661659318536656
938,cicids2017_fri_c0,0.5544500000000001,-53.99999999999999,57,0.6470588235294118,0.6285714285714286,0.6376811594202899,2.0528679815779025
939,cicids2017_tue_c0,0.5539750000000001,-48.5,52,0.6571428571428571,0.6571428571428571,0.6571428571428571,2.087643086898649
940,cicids2017_wed_c0,0.5535000000000001,-28.399999999999995,57,0.627906976744186,0.7714285714285715,0.6923076923076923,2.1292995710451614
941,cicids2017_wed_c0,0.5530250000000001,-25.199999999999996,56,0.675,0.7714285714285715,0.72,2.0802764776602403
942,cicids2017_tue_c0,0.5525500000000001,-56.99999999999999,54,0.7,0.6,0.6461538461538462,2.179056402146175
943,cicids2017_wed_c1,0.5520750000000001,-17.9,40,0.3333333333333333,0.8181818181818182,0.4736842105263157,2.059267191410874
944,cicids2017_tue_c0,0.5516000000000001,-3.800000000000004,57,0.75,0.8571428571428571,0.7999999999999999,2.1234362916349934
945,cicids2017_fri_c0,0.5511250000000001,7.899999999999999,54,0.7619047619047619,0.9142857142857143,0.8311688311688312,2.0509587023837517
946,cicids2017_fri_c0,0.5506500000000001,-26.599999999999994,58,0.7428571428571429,0.7428571428571429,0.7428571428571429,2.114487499771715
947,cicids2017_wed_c1,0.5501750000000001,-27.399999999999984,43,0.30434782608695654,0.6363636363636364,0.411764705882353,2.0683269705580294
948,cicids2017_fri_c0,0.5497000000000001,-42.499999999999986,57,0.7666666666666667,0.6571428571428571,0.7076923076923077,2.126338098597448
949,cicids2017_wed_c1,0.5492250000000001,-10.2,40,0.45,0.8181818181818182,0.5806451612903226,2.0769467645569106
950,cicids2017_tue_c0,0.5487500000000001,-55.89999999999999,54,0.7241379310344828,0.6,0.65625,2.1673815520084063
951,cicids2017_fri_c0,0.5482750000000001,-35.0,56,0.6944444444444444,0.7142857142857143,0.7042253521126761,2.2189074900380112
952,cicids2017_tue_c0,0.5478000000000001,-48.19999999999999,55,0.6571428571428571,0.6571428571428571,0.6571428571428571,2.1342421513656404
953,cicids2017_wed_c0,0.5473250000000001,-39.29999999999999,57,0.625,0.7142857142857143,0.6666666666666666,2.1376981125994643
954,cicids2017_tue_c0,0.5468500000000001,-15.000000000000002,54,0.7567567567567568,0.8,0.7777777777777778,2.144682481039525
955,cicids2017_wed_c1,0.546375,-10.600000000000005,36,0.45,0.8181818181818182,0.5806451612903226,2.1025283007054267
956,cicids2017_wed_c0,0.5459,-36.3,54,0.6756756756756757,0.7142857142857143,0.6944444444444444,2.129309847507452
957,cicids2017_tue_c0,0.545425,-24.799999999999997,54,0.7878787878787878,0.7428571428571429,0.7647058823529412,2.2055505693245916
958,cicids2017_wed_c0,0.54495,-48.09999999999999,56,0.6571428571428571,0.6571428571428571,0.6571428571428571,2.162162162431852
959,cicids2017_wed_c1,0.544475,-14.000000000000004,41,0.3333333333333333,0.9090909090909091,0.4878048780487804,2.1484896542059984
960,cicids2017_tue_c0,0.544,-3.3999999999999995,56,0.6739130434782609,0.8857142857142857,0.7654320987654321,2.2455621141218054
961,cicids2017_fri_c0,0.543525,-22.9,57,0.7105263157894737,0.7714285714285715,0.7397260273972601,2.11265059061989
962,cicids2017_tue_c0,0.54305,-48.4,53,0.6571428571428571,0.6571428571428571,0.6571428571428571,2.194185740742441
963,cicids2017_wed_c1,0.542575,-16.900000000000006,39,0.34615384615384615,0.8181818181818182,0.4864864864864865,2.04906732688578
964,cicids2017_fri_c0,0.5421,-25.700000000000003,56,0.7647058823529411,0.7428571428571429,0.7536231884057971,2.1004956388751967
965,cicids2017_wed_c1,0.541625,-12.600000000000003,38,0.4090909090909091,0.8181818181818182,0.5454545454545455,2.1434078710763202
966,cicids2017_wed_c0,0.54115,-44.599999999999994,53,0.631578947368421,0.6857142857142857,0.6575342465753424,2.1177536096271674
967,cicids2017_wed_c0,0.540675,-13.500000000000002,53,0.6904761904761905,0.8285714285714286,0.7532467532467533,2.1325313820492466
968,cicids2017_tue_c0,0.5402,-46.3,58,0.6,0.6857142857142857,0.64,2.0924067805054793
969,cicids2017_wed_c1,0.539725,-23.099999999999994,37,0.32,0.7272727272727273,0.4444444444444444,2.0224846044055647
970,cicids2017_fri_c0,0.53925,-31.999999999999993,59,0.65,0.7428571428571429,0.6933333333333334,1.9742705201600939
971,cicids2017_tue_c0,0.538775,-42.49999999999999,52,0.6666666666666666,0.6857142857142857,0.676056338028169,2.0913275597778487
972,cicids2017_tue_c0,0.5383,-17.099999999999998,55,0.717948717948718,0.8,0.7567567567567569,2.0990049692514354
973,cicids2017_tue_c0,0.537825,-14.3,56,0.6744186046511628,0.8285714285714286,0.7435897435897435,2.029139518991893
974,cicids2017_tue_c0,0.53735,-13.800000000000004,55,0.7777777777777778,0.8,0.7887323943661971,2.035023004255966
975,cicids2017_fri_c0,0.536875,-51.3,57,0.6052631578947368,0.6571428571428571,0.6301369863013698,2.1405220515260273
976,cicids2017_fri_c0,0.5364,-34.9,57,0.6944444444444444,0.7142857142857143,0.7042253521126761,2.0995926958776985
977,cicids2017_fri_c0,0.535925,-47.79999999999999,59,0.6571428571428571,0.6571428571428571,0.6571428571428571,2.05053512611285
978,cicids2017_wed_c0,0.53545,-42.5,58,0.5813953488372093,0.7142857142857143,0.6410256410256411,2.079048027653673
979,cicids2017_tue_c0,0.534975,-25.700000000000003,56,0.7647058823529411,0.7428571428571429,0.7536231884057971,2.0577371649175027
980,cicids2017_wed_c0,0.5345,-18.199999999999996,55,0.7,0.8,0.7466666666666666,2.1098147969907233
981,cicids2017_wed_c0,0.534025,-49.19999999999999,56,0.6388888888888888,0.6571428571428571,0.647887323943662,2.118032110633402
982,cicids2017_wed_c0,0.53355,-20.299999999999997,56,0.6666666666666666,0.8,0.7272727272727272,2.1386816672531572
983,cicids2017_wed_c0,0.533075,-26.499999999999996,54,0.6585365853658537,0.7714285714285715,0.7105263157894737,2.077784255884397
984,cicids2017_wed_c0,0.5326,-40.39999999999999,57,0.6097560975609756,0.7142857142857143,0.6578947368421052,2.087792551489492
985,cicids2017_wed_c0,0.532125,-32.199999999999996,57,0.65,0.7428571428571429,0.6933333333333334,2.075182246770358
986,cicids2017_wed_c0,0.53165,-39.699999999999996,53,0.625,0.7142857142857143,0.6666666666666666,2.120657342979158
987,cicids2017_wed_c0,0.531175,-46.49999999999999,56,0.6,0.6857142857142857,0.64,2.048923321377651
988,cicids2017_tue_c0,0.5307,-12.1,56,0.7073170731707317,0.8285714285714286,0.7631578947368421,2.0313652154804624
989,cicids2017_fri_c0,0.530225,-32.2,57,0.65,0.7428571428571429,0.6933333333333334,2.1271107606082293
990,cicids2017_wed_c1,0.5297499999999999,-26.79999999999999,38,0.3181818181818182,0.6363636363636364,0.4242424242424242,1.9442814908441433
991,cicids2017_tue_c0,0.529275,-72.4,53,0.6129032258064516,0.5428571428571428,0.5757575757575757,2.219635445765623
992,cicids2017_wed_c0,0.5288,-29.699999999999996,55,0.6136363636363636,0.7714285714285715,0.6835443037974683,2.0473045587599774
993,cicids2017_fri_c0,0.528325,-51.899999999999984,56,0.6875,0.6285714285714286,0.6567164179104478,2.1730393523758904
994,cicids2017_tue_c0,0.52785,-46.99999999999999,56,0.6764705882352942,0.6571428571428571,0.6666666666666666,1.9642051990416642
995,cicids2017_wed_c0,0.527375,-25.299999999999997,55,0.675,0.7714285714285715,0.72,2.0415038085969153
996,cicids2017_wed_c0,0.5269,-25.200000000000003,56,0.675,0.7714285714285715,0.72,2.0421634070500074
997,cicids2017_wed_c0,0.526425,-42.19999999999999,55,0.6666666666666666,0.6857142857142857,0.676056338028169,2.0718237907909303
998,cicids2017_tue_c0,0.52595,-33.99999999999999,55,0.7142857142857143,0.7142857142857143,0.7142857142857143,2.094289125886229
999,cicids2017_wed_c1,0.525475,-26.099999999999984,45,0.3181818181818182,0.6363636363636364,0.4242424242424242,2.1162640331610527
1000,cicids2017_wed_c0,0.525,-41.49999999999999,57,0.5952380952380952,0.7142857142857143,0.6493506493506493,2.0149075302232697
1001,cicids2017_wed_c1,0.5245250000000001,-16.400000000000006,44,0.34615384615384615,0.8181818181818182,0.4864864864864865,2.1814058073308944
1002,cicids2017_wed_c0,0.52405,-22.4,57,0.6363636363636364,0.8,0.7088607594936709,2.040674940311391
1003,cicids2017_wed_c0,0.5235750000000001,-27.799999999999994,57,0.7222222222222222,0.7428571428571429,0.732394366197183,2.006145612959436
1004,cicids2017_wed_c1,0.5231,-27.29999999999999,38,0.375,0.5454545454545454,0.4444444444444444,2.129160682223582
1005,cicids2017_fri_c0,0.5226250000000001,-24.4,58,0.7878787878787878,0.7428571428571429,0.7647058823529412,2.0619508071324724
1006,cicids2017_wed_c1,0.52215,-18.599999999999994,38,0.38095238095238093,0.7272727272727273,0.5,2.254360037540619
1007,cicids2017_wed_c1,0.5216750000000001,-41.099999999999994,43,0.20689655172413793,0.5454545454545454,0.3,2.0698192240238953
1008,cicids2017_wed_c0,0.5212,-16.1,54,0.7368421052631579,0.8,0.7671232876712328,2.0558064058333207
1009,cicids2017_wed_c0,0.5207250000000001,-26.39999999999999,55,0.6585365853658537,0.7714285714285715,0.7105263157894737,2.1107376949985865
1010,cicids2017_wed_c0,0.5202500000000001,-7.300000000000001,55,0.6976744186046512,0.8571428571428571,0.7692307692307693,2.1206088792941094
1011,cicids2017_tue_c0,0.5197750000000001,-30.099999999999994,56,0.6842105263157895,0.7428571428571429,0.7123287671232877,2.119934439882021
1012,cicids2017_wed_c1,0.5193000000000001,-24.299999999999997,41,0.35,0.6363636363636364,0.45161290322580644,2.043219774785801
1013,cicids2017_fri_c0,0.5188250000000001,-43.39999999999999,59,0.7419354838709677,0.6571428571428571,0.6969696969696969,2.0418383864227674
1014,cicids2017_tue_c0,0.5183500000000001,-53.3,53,0.6666666666666666,0.6285714285714286,0.6470588235294118,2.0915629158118314
1015,cicids2017_wed_c0,0.5178750000000001,-14.7,52,0.6744186046511628,0.8285714285714286,0.7435897435897435,2.2364924136298012
1016,cicids2017_wed_c1,0.5174000000000001,-6.700000000000001,37,0.43478260869565216,0.9090909090909091,0.5882352941176471,2.247833972949017
1017,cicids2017_tue_c0,0.5169250000000001,-43.4,54,0.6486486486486487,0.6857142857142857,0.6666666666666667,2.116153340561188
1018,cicids2017_tue_c0,0.5164500000000001,-38.5,54,0.6410256410256411,0.7142857142857143,0.6756756756756757,2.133621550422738
1019,cicids2017_fri_c0,0.5159750000000001,-20.6,58,0.75,0.7714285714285715,0.7605633802816902,2.0486199132985847
1020,cicids2017_fri_c0,0.5155000000000001,-19.9,54,0.7714285714285715,0.7714285714285715,0.7714285714285715,2.0603804140590687
1021,cicids2017_fri_c0,0.5150250000000001,-38.099999999999994,58,0.6410256410256411,0.7142857142857143,0.6756756756756757,2.122195931076983
1022,cicids2017_fri_c0,0.5145500000000001,-58.3,58,0.5789473684210527,0.6285714285714286,0.6027397260273972,2.142273551095663
1023,cicids2017_wed_c1,0.5140750000000001,-14.400000000000004,42,0.375,0.8181818181818182,0.5142857142857142,2.0712015814878195
1024,cicids2017_wed_c1,0.5136000000000001,-28.699999999999996,41,0.2916666666666667,0.6363636363636364,0.4,2.0533344366222126
1025,cicids2017_wed_c1,0.513125,-9.500000000000002,42,0.38461538461538464,0.9090909090909091,0.5405405405405405,2.1113980311739744
1026,cicids2017_fri_c0,0.51265,-13.900000000000002,54,0.7777777777777778,0.8,0.7887323943661971,2.0918018522233175
1027,cicids2017_fri_c0,0.512175,-18.5,57,0.7941176470588235,0.7714285714285715,0.782608695652174,2.1486698571666683
1028,cicids2017_tue_c0,0.5117,-29.999999999999986,57,0.6842105263157895,0.7428571428571429,0.7123287671232877,2.1388436728044598
1029,cicids2017_wed_c0,0.511225,-20.4,55,0.6666666666666666,0.8,0.7272727272727272,2.0240153913942542
1030,cicids2017_tue_c0,0.51075,-26.499999999999996,54,0.6585365853658537,0.7714285714285715,0.7105263157894737,2.0546318069245446
1031,cicids2017_tue_c0,0.510275,-15.999999999999998,55,0.7368421052631579,0.8,0.7671232876712328,2.1092757363703205
1032,cicids2017_fri_c0,0.5098,-33.89999999999999,56,0.7142857142857143,0.7142857142857143,0.7142857142857143,2.1574188405962684
1033,cicids2017_wed_c0,0.509325,-28.299999999999997,52,0.7222222222222222,0.7428571428571429,0.732394366197183,2.141481309844095
1034,cicids2017_tue_c0,0.50885,-15.300000000000002,57,0.6590909090909091,0.8285714285714286,0.7341772151898734,1.940051491530127
1035,cicids2017_fri_c0,0.508375,-7.700000000000001,56,0.7837837837837838,0.8285714285714286,0.8055555555555555,2.1981060688614495
1036,cicids2017_wed_c0,0.5079,-37.699999999999996,57,0.5777777777777777,0.7428571428571429,0.65,1.9254700714257844
1037,cicids2017_wed_c1,0.507425,-4.8000000000000025,45,0.45454545454545453,0.9090909090909091,0.6060606060606061,2.0383161543131854
1038,cicids2017_fri_c0,0.50695,-35.29999999999999,58,0.8,0.6857142857142857,0.7384615384615385,2.1161656295600615
1039,cicids2017_tue_c0,0.506475,-13.100000000000003,57,0.6904761904761905,0.8285714285714286,0.7532467532467533,1.969232632851691
1040,cicids2017_wed_c1,0.506,-18.700000000000003,37,0.38095238095238093,0.7272727272727273,0.5,2.0895054499623735
1041,cicids2017_wed_c0,0.505525,-11.300000000000002,53,0.725,0.8285714285714286,0.7733333333333333,2.0536537274943947
1042,cicids2017_wed_c1,0.50505,-26.299999999999986,37,0.4,0.5454545454545454,0.4615384615384615,1.9480138894736208
1043,cicids2017_tue_c0,0.504575,-44.099999999999994,52,0.7419354838709677,0.6571428571428571,0.6969696969696969,2.0849672062324816
1044,cicids2017_tue_c0,0.5041,-73.5,53,0.59375,0.5428571428571428,0.5671641791044776,2.060869652286706
1045,cicids2017_wed_c0,0.503625,-31.199999999999996,56,0.6666666666666666,0.7428571428571429,0.7027027027027027,2.10482219048106
1046,cicids2017_fri_c0,0.50315,-39.199999999999996,58,0.625,0.7142857142857143,0.6666666666666666,2.095395072495931
1047,cicids2017_fri_c0,0.502675,-41.19999999999998,59,0.7931034482758621,0.6571428571428571,0.71875,2.120833517086378
1048,cicids2017_wed_c0,0.5022,-26.499999999999993,54,0.6585365853658537,0.7714285714285715,0.7105263157894737,2.0518231765438353
1049,cicids2017_wed_c0,0.501725,-29.099999999999987,55,0.7027027027027027,0.7428571428571429,0.7222222222222223,2.1544891538950193
1050,cicids2017_fri_c0,0.50125,-35.8,59,0.6756756756756757,0.7142857142857143,0.6944444444444444,1.984556327917243
1051,cicids2017_wed_c0,0.5007750000000001,-42.39999999999999,59,0.5813953488372093,0.7142857142857143,0.6410256410256411,2.0282598994855805
1052,cicids2017_tue_c0,0.5003,-40.5,56,0.6097560975609756,0.7142857142857143,0.6578947368421052,1.9864549541588066
1053,cicids2017_wed_c0,0.4998250000000001,-33.400000000000006,56,0.6341463414634146,0.7428571428571429,0.6842105263157895,2.0446086022340255
1054,cicids2017_wed_c1,0.49934999999999996,-26.399999999999995,42,0.3181818181818182,0.6363636363636364,0.4242424242424242,1.939824524512084
1055,cicids2017_fri_c0,0.49887500000000007,-23.499999999999996,56,0.8125,0.7428571428571429,0.7761194029850748,2.0013213019661222
1056,cicids2017_wed_c1,0.49839999999999995,-37.3,43,0.21875,0.6363636363636364,0.3255813953488372,2.023606502898627
1057,cicids2017_tue_c0,0.49792500000000006,-32.5,54,0.65,0.7428571428571429,0.6933333333333334,2.046173134247168
1058,cicids2017_wed_c1,0.49744999999999995,-11.300000000000002,40,0.42857142857142855,0.8181818181818182,0.5625,2.1703967011297487
1059,cicids2017_tue_c0,0.49697500000000006,-9.500000000000002,54,0.875,0.8,0.8358208955223881,1.9508497388912074
1060,cicids2017_tue_c0,0.49650000000000005,-51.099999999999994,53,0.7096774193548387,0.6285714285714286,0.6666666666666666,2.0226276447850493
1061,cicids2017_wed_c1,0.49602500000000005,-26.69999999999999,39,0.3181818181818182,0.6363636363636364,0.4242424242424242,2.0648703259073824
1062,cicids2017_wed_c0,0.49555000000000005,-25.400000000000002,54,0.675,0.7714285714285715,0.72,2.1876433966739137
1063,cicids2017_fri_c0,0.49507500000000004,-25.599999999999994,57,0.7647058823529411,0.7428571428571429,0.7536231884057971,2.051494633126058
1064,cicids2017_wed_c0,0.49460000000000004,-43.099999999999994,57,0.6486486486486487,0.6857142857142857,0.6666666666666667,2.115308489917438
1065,cicids2017_wed_c1,0.49412500000000004,-10.300000000000006,39,0.45,0.8181818181818182,0.5806451612903226,2.1865061797842644
1066,cicids2017_tue_c0,0.49365000000000003,-40.199999999999996,53,0.7058823529411765,0.6857142857142857,0.6956521739130436,1.9881755754611419
1067,cicids2017_wed_c1,0.49317500000000003,-29.999999999999993,33,0.3333333333333333,0.5454545454545454,0.41379310344827586,1.9671081361281768
1068,cicids2017_wed_c0,0.4927,-3.9999999999999996,55,0.75,0.8571428571428571,0.7999999999999999,2.020938427680078
1069,cicids2017_tue_c0,0.492225,-33.3,57,0.6341463414634146,0.7428571428571429,0.6842105263157895,2.0612835297831107
1070,cicids2017_fri_c0,0.49175,-12.6,56,0.8,0.8,0.8000000000000002,2.052366723457111
1071,cicids2017_wed_c0,0.491275,-24.09999999999999,56,0.6923076923076923,0.7714285714285715,0.7297297297297296,2.014257365637687
1072,cicids2017_fri_c0,0.4908,-52.7,59,0.6666666666666666,0.6285714285714286,0.6470588235294118,1.9992144042772477
1073,cicids2017_wed_c1,0.490325,-26.09999999999998,45,0.3181818181818182,0.6363636363636364,0.4242424242424242,2.069191901011131
1074,cicids2017_wed_c0,0.48985,4.699999999999999,55,0.7111111111111111,0.9142857142857143,0.8,2.0703611491132
1075,cicids2017_tue_c0,0.489375,-11.200000000000003,54,0.725,0.8285714285714286,0.7733333333333333,2.1347827338576217
1076,cicids2017_fri_c0,0.4889,-64.89999999999999,57,0.6451612903225806,0.5714285714285714,0.606060606060606,2.0934343099394614
1077,cicids2017_wed_c0,0.488425,-33.4,56,0.6341463414634146,0.7428571428571429,0.6842105263157895,2.153916308404132
1078,cicids2017_fri_c0,0.48795,-18.0,57,0.7,0.8,0.7466666666666666,1.8861421762365689
1079,cicids2017_tue_c0,0.487475,-34.999999999999986,56,0.6944444444444444,0.7142857142857143,0.7042253521126761,2.048922362184239
1080,cicids2017_wed_c1,0.487,-29.69999999999999,42,0.28,0.6363636363636364,0.3888888888888889,2.074613665221632
1081,cicids2017_wed_c1,0.4865250000000001,-27.899999999999984,44,0.26666666666666666,0.7272727272727273,0.3902439024390244,2.0006177336856257
1082,cicids2017_wed_c1,0.48605,-13.700000000000003,38,0.391304347826087,0.8181818181818182,0.5294117647058824,2.00268008112933
1083,cicids2017_wed_c1,0.4855750000000001,-15.100000000000001,41,0.3225806451612903,0.9090909090909091,0.4761904761904761,2.0490148701241893
1084,cicids2017_wed_c0,0.4851,-66.4,53,0.625,0.5714285714285714,0.5970149253731343,1.9718568477242515
1085,cicids2017_fri_c0,0.4846250000000001,-7.700000000000003,56,0.7837837837837838,0.8285714285714286,0.8055555555555555,2.002395165833353
1086,cicids2017_wed_c1,0.48414999999999997,-12.500000000000005,39,0.4090909090909091,0.8181818181818182,0.5454545454545455,2.0591939557925483
1087,cicids2017_wed_c1,0.4836750000000001,-12.300000000000002,41,0.4090909090909091,0.8181818181818182,0.5454545454545455,2.0214664714834254
1088,cicids2017_wed_c1,0.48319999999999996,-22.199999999999996,35,0.3333333333333333,0.7272727272727273,0.4571428571428572,2.0005559817479357
1089,cicids2017_wed_c0,0.48272500000000007,-30.199999999999996,55,0.6842105263157895,0.7428571428571429,0.7123287671232877,2.034306355696506
1090,cicids2017_fri_c0,0.48224999999999996,-45.3,56,0.8461538461538461,0.6285714285714286,0.721311475409836,2.0517987655534715
1091,cicids2017_wed_c0,0.48177500000000006,-8.400000000000002,55,0.6818181818181818,0.8571428571428571,0.759493670886076,2.0000652115271667
1092,cicids2017_tue_c0,0.48129999999999995,-30.999999999999993,58,0.6666666666666666,0.7428571428571429,0.7027027027027027,2.0733511782595224
1093,cicids2017_wed_c1,0.48082500000000006,-34.099999999999994,42,0.2413793103448276,0.6363636363636364,0.35,1.955968625678436
1094,cicids2017_tue_c0,0.48034999999999994,-11.4,52,0.725,0.8285714285714286,0.7733333333333333,2.2037294816171604
1095,cicids2017_tue_c0,0.47987500000000005,-6.200000000000003,55,0.7142857142857143,0.8571428571428571,0.7792207792207793,2.001921814421383
1096,cicids2017_fri_c0,0.47939999999999994,-20.599999999999998,58,0.75,0.7714285714285715,0.7605633802816902,2.1696500146683797
1097,cicids2017_wed_c1,0.47892500000000005,-15.4,43,0.36,0.8181818181818182,0.5,2.0878284803562623
1098,cicids2017_wed_c1,0.47844999999999993,-36.099999999999994,43,0.2777777777777778,0.45454545454545453,0.3448275862068966,1.998381723909435
1099,cicids2017_fri_c0,0.47797500000000004,-19.700000000000003,56,0.7714285714285715,0.7714285714285715,0.7714285714285715,2.010223259308282
1100,cicids2017_tue_c0,0.47750000000000004,-14.200000000000003,57,0.6744186046511628,0.8285714285714286,0.7435897435897435,1.9665827657482673
1101,cicids2017_tue_c0,0.47702500000000003,-34.19999999999999,53,0.7142857142857143,0.7142857142857143,0.7142857142857143,2.0721370076657037
1102,cicids2017_tue_c0,0.47655000000000003,-40.099999999999994,54,0.7058823529411765,0.6857142857142857,0.6956521739130436,2.033507906719215
1103,cicids2017_wed_c1,0.476075,-35.899999999999984,40,0.25,0.5454545454545454,0.34285714285714286,1.9222410936307655
1104,cicids2017_fri_c0,0.4756,-26.199999999999996,56,0.8928571428571429,0.7142857142857143,0.7936507936507937,1.996409976296862
1105,cicids2017_tue_c0,0.475125,-7.700000000000001,56,0.7837837837837838,0.8285714285714286,0.8055555555555555,1.9469027285754061
1106,cicids2017_fri_c0,0.47465,-14.8,56,0.7567567567567568,0.8,0.7777777777777778,2.0079192653869664
1107,cicids2017_fri_c0,0.474175,1.3000000000000007,53,0.8571428571428571,0.8571428571428571,0.8571428571428571,1.838414775817023
1108,cicids2017_wed_c1,0.4737,-14.900000000000002,37,0.375,0.8181818181818182,0.5142857142857142,2.019881608311797
1109,cicids2017_wed_c1,0.473225,-15.200000000000005,45,0.36,0.8181818181818182,0.5,1.934898378584005
1110,cicids2017_fri_c0,0.47275,-0.4000000000000017,58,0.8108108108108109,0.8571428571428571,0.8333333333333334,2.0827013045353984
1111,cicids2017_wed_c0,0.472275,-16.4,57,0.6444444444444445,0.8285714285714286,0.7250000000000001,1.9727378330934537
1112,cicids2017_fri_c0,0.4718,6.499999999999998,56,0.8378378378378378,0.8857142857142857,0.8611111111111112,2.0564627688028607
1113,cicids2017_fri_c0,0.471325,-6.600000000000003,56,0.8055555555555556,0.8285714285714286,0.8169014084507044,2.038984009400379
1114,cicids2017_tue_c0,0.47085,-22.6,49,0.7297297297297297,0.7714285714285715,0.75,2.0783828111126783
1115,cicids2017_fri_c0,0.470375,-33.3,57,0.6341463414634146,0.7428571428571429,0.6842105263157895,1.9928315647661194
1116,cicids2017_tue_c0,0.4699,-24.199999999999996,55,0.6923076923076923,0.7714285714285715,0.7297297297297296,2.042828438214216
1117,cicids2017_wed_c1,0.469425,-26.199999999999992,39,0.2857142857142857,0.7272727272727273,0.4102564102564102,2.054377388491485
1118,cicids2017_wed_c0,0.46895,-34.5,56,0.6190476190476191,0.7428571428571429,0.6753246753246753,2.0512494941706785
1119,cicids2017_wed_c0,0.468475,-12.200000000000001,55,0.7073170731707317,0.8285714285714286,0.7631578947368421,2.068302825176031
1120,cicids2017_tue_c0,0.46799999999999997,-31.099999999999994,57,0.6666666666666666,0.7428571428571429,0.7027027027027027,2.0260349302721297
1121,cicids2017_fri_c0,0.4675250000000001,-21.900000000000002,56,0.7297297297297297,0.7714285714285715,0.75,1.9946314813843762
1122,cicids2017_fri_c0,0.46704999999999997,-35.99999999999999,57,0.6756756756756757,0.7142857142857143,0.6944444444444444,1.9912325205640393
1123,cicids2017_tue_c0,0.4665750000000001,-18.7,55,0.7941176470588235,0.7714285714285715,0.782608695652174,1.9626802124831297
1124,cicids2017_fri_c0,0.46609999999999996,-19.200000000000003,56,0.6829268292682927,0.8,0.736842105263158,2.0397920483649243
1125,cicids2017_wed_c1,0.46562500000000007,-6.699999999999999,37,0.43478260869565216,0.9090909090909091,0.5882352941176471,1.9392385790105005
1126,cicids2017_wed_c1,0.46515000000000006,-21.199999999999996,40,0.3,0.8181818181818182,0.43902439024390244,1.9084870195437127
1127,cicids2017_wed_c1,0.46467500000000006,-8.200000000000003,38,0.5,0.8181818181818182,0.6206896551724137,1.924630470899692
1128,cicids2017_wed_c0,0.46420000000000006,-45.3,57,0.6153846153846154,0.6857142857142857,0.6486486486486486,2.031277656265585
1129,cicids2017_wed_c0,0.46372500000000005,-57.49999999999999,55,0.5945945945945946,0.6285714285714286,0.611111111111111,1.9079152185167096
1130,cicids2017_wed_c0,0.46325000000000005,-27.299999999999997,57,0.6428571428571429,0.7714285714285715,0.7012987012987013,2.068805063902051
1131,cicids2017_tue_c0,0.46277500000000005,-37.39999999999999,54,0.6578947368421053,0.7142857142857143,0.684931506849315,2.1065944493216473
1132,cicids2017_wed_c0,0.46230000000000004,-38.49999999999999,54,0.6410256410256411,0.7142857142857143,0.6756756756756757,1.8833882187189774
1133,cicids2017_wed_c1,0.46182500000000004,-15.500000000000002,36,0.4444444444444444,0.7272727272727273,0.5517241379310345,1.9915546078456303
1134,cicids2017_wed_c1,0.46135000000000004,-43.999999999999986,35,0.2222222222222222,0.36363636363636365,0.27586206896551724,2.0074131753429003
1135,cicids2017_wed_c0,0.46087500000000003,-22.9,57,0.7105263157894737,0.7714285714285715,0.7397260273972601,1.9029650083609158
1136,cicids2017_fri_c0,0.46040000000000003,-19.2,56,0.6829268292682927,0.8,0.736842105263158,2.0840901370503646
1137,cicids2017_wed_c0,0.45992500000000003,-24.199999999999996,55,0.6923076923076923,0.7714285714285715,0.7297297297297296,2.097309417992918
1138,cicids2017_tue_c0,0.45945,1.3999999999999972,54,0.8571428571428571,0.8571428571428571,0.8571428571428571,2.1123817532268556
1139,cicids2017_wed_c0,0.458975,-32.29999999999999,56,0.65,0.7428571428571429,0.6933333333333334,2.104452847478854
1140,cicids2017_wed_c0,0.4585,-20.4,55,0.6666666666666666,0.8,0.7272727272727272,2.0386133689332184
1141,cicids2017_wed_c1,0.458025,-21.299999999999997,38,0.4117647058823529,0.6363636363636364,0.5,1.9048640799400527
1142,cicids2017_tue_c0,0.4575500000000001,-40.3,52,0.7058823529411765,0.6857142857142857,0.6956521739130436,1.9996739714213858
1143,cicids2017_wed_c1,0.457075,-2.4000000000000012,42,0.4230769230769231,1.0,0.5945945945945945,1.9764982355494942
1144,cicids2017_wed_c1,0.4566000000000001,-6.400000000000003,40,0.43478260869565216,0.9090909090909091,0.5882352941176471,1.9378321780089607
1145,cicids2017_tue_c0,0.456125,-22.1,54,0.7297297297297297,0.7714285714285715,0.75,1.990188919332673
1146,cicids2017_tue_c0,0.4556500000000001,-38.89999999999999,55,0.7272727272727273,0.6857142857142857,0.7058823529411764,2.0455055788307392
1147,cicids2017_wed_c0,0.455175,-17.5,57,0.6304347826086957,0.8285714285714286,0.7160493827160495,2.0547153075413815
1148,cicids2017_wed_c1,0.4547000000000001,-23.89999999999998,45,0.35,0.6363636363636364,0.45161290322580644,2.0459513907831086
1149,cicids2017_wed_c0,0.454225,-13.200000000000003,56,0.6904761904761905,0.8285714285714286,0.7532467532467533,2.0203026803020756
1150,cicids2017_wed_c1,0.4537500000000001,-21.299999999999997,33,0.34782608695652173,0.7272727272727273,0.4705882352941176,2.031827915823048
1151,cicids2017_tue_c0,0.453275,-6.5000000000000036,57,0.8055555555555556,0.8285714285714286,0.8169014084507044,1.9193765830107954
1152,cicids2017_wed_c0,0.4528000000000001,-24.599999999999998,57,0.6086956521739131,0.8,0.6913580246913581,1.9873803448010123
1153,cicids2017_tue_c0,0.452325,-17.1,55,0.717948717948718,0.8,0.7567567567567569,2.1155089561334406
1154,cicids2017_wed_c1,0.4518500000000001,-12.7,37,0.4090909090909091,0.8181818181818182,0.5454545454545455,2.0506538423401017
1155,cicids2017_tue_c0,0.45137499999999997,1.9999999999999987,55,0.7560975609756098,0.8857142857142857,0.8157894736842105,1.9758217182168758
1156,cicids2017_wed_c0,0.4509000000000001,-17.700000000000003,55,0.6304347826086957,0.8285714285714286,0.7160493827160495,1.951669961315602
1157,cicids2017_fri_c0,0.45042499999999996,-6.500000000000002,57,0.8055555555555556,0.8285714285714286,0.8169014084507044,2.1251703550357313
1158,cicids2017_wed_c1,0.44995000000000007,-13.4,41,0.391304347826087,0.8181818181818182,0.5294117647058824,2.0255715460120465
1159,cicids2017_tue_c0,0.44947499999999996,-3.8999999999999995,56,0.75,0.8571428571428571,0.7999999999999999,2.007065988542205
1160,cicids2017_tue_c0,0.44900000000000007,-40.999999999999986,56,0.6857142857142857,0.6857142857142857,0.6857142857142857,1.924630418188772
1161,cicids2017_wed_c0,0.44852500000000006,1.7999999999999998,53,0.7560975609756098,0.8857142857142857,0.8157894736842105,2.002467301084276
1162,cicids2017_tue_c0,0.44805000000000006,-6.3000000000000025,54,0.7142857142857143,0.8571428571428571,0.7792207792207793,2.062769744374189
1163,cicids2017_wed_c1,0.44757500000000006,-35.49999999999999,38,0.29411764705882354,0.45454545454545453,0.35714285714285715,1.9171509865804506
1164,cicids2017_wed_c0,0.44710000000000005,-35.29999999999999,59,0.6046511627906976,0.7428571428571429,0.6666666666666666,1.9195265312072372
1165,cicids2017_wed_c0,0.44662500000000005,-12.500000000000002,52,0.7073170731707317,0.8285714285714286,0.7631578947368421,2.021945303244121
1166,cicids2017_fri_c0,0.44615000000000005,-28.900000000000002,57,0.7027027027027027,0.7428571428571429,0.7222222222222223,1.9978749139562406
1167,cicids2017_fri_c0,0.44567500000000004,-17.399999999999995,57,0.8181818181818182,0.7714285714285715,0.7941176470588236,2.119288763513263
1168,cicids2017_tue_c0,0.44520000000000004,-36.49999999999999,57,0.7741935483870968,0.6857142857142857,0.7272727272727272,1.8654815384757513
1169,cicids2017_wed_c1,0.44472500000000004,-31.79999999999999,37,0.3,0.5454545454545454,0.3870967741935483,2.0395191963825896
1170,cicids2017_wed_c1,0.44425000000000003,-34.19999999999999,35,0.2727272727272727,0.5454545454545454,0.3636363636363636,2.0101371978640756
1171,cicids2017_wed_c0,0.44377500000000003,-30.299999999999997,54,0.6842105263157895,0.7428571428571429,0.7123287671232877,2.014981228700929
1172,cicids2017_wed_c0,0.4433,-34.5,56,0.6190476190476191,0.7428571428571429,0.6753246753246753,1.9241823987677091
1173,cicids2017_tue_c0,0.442825,-13.3,55,0.6904761904761905,0.8285714285714286,0.7532467532467533,2.0098048649497056
1174,cicids2017_fri_c0,0.44235,-1.7000000000000006,56,0.7894736842105263,0.8571428571428571,0.8219178082191781,1.9881980876407508
1175,cicids2017_fri_c0,0.441875,-25.699999999999992,56,0.7647058823529411,0.7428571428571429,0.7536231884057971,2.009889823221709
1176,cicids2017_tue_c0,0.4414,-16.1,54,0.7368421052631579,0.8,0.7671232876712328,1.9945523784479784
1177,cicids2017_tue_c0,0.440925,-37.4,54,0.6578947368421053,0.7142857142857143,0.684931506849315,1.9951272054315212
1178,cicids2017_fri_c0,0.44045,-37.69999999999999,56,0.75,0.6857142857142857,0.7164179104477612,2.036744691381171
1179,cicids2017_tue_c0,0.439975,-34.099999999999994,54,0.7142857142857143,0.7142857142857143,0.7142857142857143,2.0352241320038074
1180,cicids2017_fri_c0,0.4395,-35.79999999999999,59,0.6756756756756757,0.7142857142857143,0.6944444444444444,2.0294298491758576
1181,cicids2017_wed_c0,0.439025,-32.3,56,0.65,0.7428571428571429,0.6933333333333334,2.0101469023831915
1182,cicids2017_wed_c1,0.4385500000000001,-27.499999999999993,42,0.30434782608695654,0.6363636363636364,0.411764705882353,1.9558301407113117
1183,cicids2017_wed_c0,0.438075,-4.100000000000003,54,0.75,0.8571428571428571,0.7999999999999999,2.0270064072163563
1184,cicids2017_tue_c0,0.4376000000000001,-38.3,56,0.6410256410256411,0.7142857142857143,0.6756756756756757,1.9417339402512184
1185,cicids2017_tue_c0,0.437125,0.8999999999999972,55,0.7380952380952381,0.8857142857142857,0.8051948051948051,1.9797012805770873
1186,cicids2017_tue_c0,0.4366500000000001,-16.099999999999998,54,0.7368421052631579,0.8,0.7671232876712328,1.898077616917482
1187,cicids2017_fri_c0,0.436175,-1.500000000000001,58,0.7894736842105263,0.8571428571428571,0.8219178082191781,1.9879353428411874
1188,cicids2017_wed_c0,0.4357000000000001,-20.499999999999996,54,0.6666666666666666,0.8,0.7272727272727272,2.0154236210471845
1189,cicids2017_wed_c0,0.435225,-43.39999999999999,54,0.6486486486486487,0.6857142857142857,0.6666666666666667,2.1296427130389928
1190,cicids2017_fri_c0,0.4347500000000001,-43.8,55,0.7419354838709677,0.6571428571428571,0.6969696969696969,1.9875643342197729
1191,cicids2017_tue_c0,0.43427499999999997,-5.8000000000000025,53,0.8285714285714286,0.8285714285714286,0.8285714285714286,1.9878836301049911
1192,cicids2017_tue_c0,0.4338000000000001,-38.49999999999999,54,0.6410256410256411,0.7142857142857143,0.6756756756756757,2.0284030923653242
1193,cicids2017_fri_c0,0.43332499999999996,-22.799999999999997,58,0.7105263157894737,0.7714285714285715,0.7397260273972601,1.921546131241389
1194,cicids2017_wed_c0,0.43285000000000007,-13.300000000000002,55,0.6904761904761905,0.8285714285714286,0.7532467532467533,1.9469569356148166
1195,cicids2017_wed_c0,0.43237499999999995,-24.29999999999999,54,0.6923076923076923,0.7714285714285715,0.7297297297297296,1.9858881414489589
1196,cicids2017_wed_c0,0.43190000000000006,-21.6,54,0.6511627906976745,0.8,0.7179487179487181,1.971313113365164
1197,cicids2017_wed_c0,0.43142499999999995,-56.39999999999999,55,0.6111111111111112,0.6285714285714286,0.619718309859155,2.072019510170706
1198,cicids2017_wed_c1,0.43095000000000006,-19.999999999999996,35,0.36363636363636365,0.7272727272727273,0.4848484848484849,1.9525327125699903
1199,cicids2017_wed_c1,0.43047499999999994,-23.39999999999999,45,0.3076923076923077,0.7272727272727273,0.43243243243243246,2.139231444370317
1200,cicids2017_wed_c0,0.43000000000000005,-25.699999999999996,51,0.675,0.7714285714285715,0.72,1.9714566461221272
1201,cicids2017_wed_c1,0.42952500000000005,-20.599999999999987,40,0.34782608695652173,0.7272727272727273,0.4705882352941176,2.0499309765038256
1202,cicids2017_tue_c0,0.42905000000000004,-30.0,57,0.6842105263157895,0.7428571428571429,0.7123287671232877,2.0753340231139656
1203,cicids2017_wed_c1,0.42857500000000004,-19.0,40,0.32142857142857145,0.8181818181818182,0.46153846153846156,2.0512132121791224
1204,cicids2017_wed_c1,0.42810000000000004,-25.89999999999999,42,0.2857142857142857,0.7272727272727273,0.4102564102564102,1.9454580044310428
1205,cicids2017_wed_c0,0.42762500000000003,-38.29999999999999,56,0.6410256410256411,0.7142857142857143,0.6756756756756757,1.8594170776240049
1206,cicids2017_wed_c1,0.42715000000000003,-6.700000000000002,43,0.36666666666666664,1.0,0.5365853658536585,2.0000320768428517
1207,cicids2017_wed_c0,0.426675,-64.6,55,0.5675675675675675,0.6,0.5833333333333333,1.9291603344577628
1208,cicids2017_wed_c0,0.4262,-31.499999999999993,59,0.5869565217391305,0.7714285714285715,0.6666666666666667,1.9624932874366616
1209,cicids2017_tue_c0,0.425725,-24.79999999999999,54,0.7878787878787878,0.7428571428571429,0.7647058823529412,2.054148663997379
1210,cicids2017_wed_c1,0.42525,-13.900000000000002,36,0.391304347826087,0.8181818181818182,0.5294117647058824,2.022455322580699
1211,cicids2017_wed_c0,0.424775,-23.4,58,0.6222222222222222,0.8,0.7000000000000001,1.9483265143059876
1212,cicids2017_wed_c1,0.4243,-9.400000000000002,37,0.47368421052631576,0.8181818181818182,0.6,1.9078301778552584
1213,cicids2017_tue_c0,0.423825,-9.8,57,0.7435897435897436,0.8285714285714286,0.7837837837837838,1.9258827712039388
1214,cicids2017_wed_c1,0.42335,-4.8000000000000025,40,0.39285714285714285,1.0,0.5641025641025641,1.9909287317176507
1215,cicids2017_fri_c0,0.422875,-31.899999999999984,54,0.7575757575757576,0.7142857142857143,0.7352941176470589,1.9291832477188904
1216,cicids2017_fri_c0,0.4224,-4.8000000000000025,58,0.7317073170731707,0.8571428571428571,0.7894736842105263,1.9609964346394548
1217,cicids2017_wed_c0,0.421925,-34.4,57,0.6190476190476191,0.7428571428571429,0.6753246753246753,1.8878168294661042
1218,cicids2017_wed_c0,0.42145,-17.400000000000002,52,0.717948717948718,0.8,0.7567567567567569,1.9692360276536232
1219,cicids2017_wed_c1,0.420975,-28.09999999999999,36,0.30434782608695654,0.6363636363636364,0.411764705882353,1.871939947843405
1220,cicids2017_tue_c0,0.4205,-14.200000000000003,57,0.6744186046511628,0.8285714285714286,0.7435897435897435,1.9680252049571598
1221,cicids2017_wed_c0,0.420025,-25.499999999999996,53,0.675,0.7714285714285715,0.72,2.0142046688861495
1222,cicids2017_wed_c0,0.4195500000000001,-13.8,56,0.6122448979591837,0.8571428571428571,0.7142857142857143,1.9839361329197978
1223,cicids2017_wed_c1,0.419075,-15.700000000000001,46,0.3125,0.9090909090909091,0.4651162790697674,1.9887638217751862
1224,cicids2017_wed_c0,0.4186000000000001,-25.699999999999996,57,0.5957446808510638,0.8,0.6829268292682927,2.0239853134354844
1225,cicids2017_tue_c0,0.41812499999999997,-29.099999999999987,55,0.7027027027027027,0.7428571428571429,0.7222222222222223,1.9843291949071404
1226,cicids2017_wed_c1,0.4176500000000001,-24.0,39,0.3076923076923077,0.7272727272727273,0.43243243243243246,1.9974767625383116
1227,cicids2017_fri_c0,0.41717499999999996,-46.89999999999999,57,0.6764705882352942,0.6571428571428571,0.6666666666666666,1.984574997526328
1228,cicids2017_wed_c1,0.41670000000000007,-2.1000000000000023,45,0.4230769230769231,1.0,0.5945945945945945,1.931923630685997
1229,cicids2017_fri_c0,0.41622499999999996,-10.9,57,0.725,0.8285714285714286,0.7733333333333333,2.0766955833749257
1230,cicids2017_tue_c0,0.41575000000000006,-29.9,52,0.8064516129032258,0.7142857142857143,0.7575757575757576,1.923338076941321
1231,cicids2017_wed_c1,0.41527499999999995,-20.799999999999994,44,0.3,0.8181818181818182,0.43902439024390244,1.9587748790370951
1232,cicids2017_wed_c0,0.41480000000000006,-44.599999999999994,53,0.631578947368421,0.6857142857142857,0.6575342465753424,1.9867919585006824
1233,cicids2017_wed_c1,0.41432499999999994,-6.8000000000000025,36,0.43478260869565216,0.9090909090909091,0.5882352941176471,1.9834738460062542
1234,cicids2017_wed_c0,0.41385000000000005,-24.5,52,0.6923076923076923,0.7714285714285715,0.7297297297297296,2.017957419422048
1235,cicids2017_wed_c0,0.41337499999999994,-31.19999999999999,56,0.6666666666666666,0.7428571428571429,0.7027027027027027,2.045548851937649
1236,cicids2017_tue_c0,0.41290000000000004,-17.79999999999999,53,0.8181818181818182,0.7714285714285715,0.7941176470588236,2.068019950762476
1237,cicids2017_fri_c0,0.41242499999999993,-13.299999999999999,55,0.6904761904761905,0.8285714285714286,0.7532467532467533,2.0319651320243053
1238,cicids2017_fri_c0,0.41195000000000004,-19.6,57,0.7714285714285715,0.7714285714285715,0.7714285714285715,1.8811820802344226
1239,cicids2017_tue_c0,0.4114749999999999,-22.099999999999998,54,0.7297297297297297,0.7714285714285715,0.75,1.9642263998256888
1240,cicids2017_fri_c0,0.41100000000000003,-9.9,56,0.7435897435897436,0.8285714285714286,0.7837837837837838,2.0734233084445712
1241,cicids2017_wed_c0,0.41052500000000003,-31.39999999999999,54,0.6666666666666666,0.7428571428571429,0.7027027027027027,1.8860170647350827
1242,cicids2017_wed_c1,0.41005,-24.899999999999995,41,0.2962962962962963,0.7272727272727273,0.42105263157894735,1.9958012083900938
1243,cicids2017_wed_c1,0.409575,-25.599999999999987,39,0.3333333333333333,0.6363636363636364,0.43749999999999994,1.9925126370894155
1244,cicids2017_tue_c0,0.4091,-37.0,58,0.6578947368421053,0.7142857142857143,0.684931506849315,1.893849819483997
1245,cicids2017_wed_c1,0.408625,-8.899999999999999,37,0.4,0.9090909090909091,0.5555555555555556,1.8098538163131501
1246,cicids2017_wed_c1,0.40815,-7.300000000000003,36,0.5294117647058824,0.8181818181818182,0.6428571428571428,1.9502636630757795
1247,cicids2017_wed_c1,0.407675,-10.100000000000005,41,0.45,0.8181818181818182,0.5806451612903226,1.9521905044709653
1248,cicids2017_tue_c0,0.4072,-10.300000000000002,52,0.7435897435897436,0.8285714285714286,0.7837837837837838,2.0546309165721226
1249,cicids2017_tue_c0,0.406725,-13.9,54,0.7777777777777778,0.8,0.7887323943661971,2.048864193391899
1250,cicids2017_wed_c1,0.40625,-16.300000000000004,39,0.42105263157894735,0.7272727272727273,0.5333333333333333,1.9907350127659977
1251,cicids2017_fri_c0,0.4057750000000001,-14.09999999999999,58,0.6744186046511628,0.8285714285714286,0.7435897435897435,1.94583349084369
1252,cicids2017_tue_c0,0.4053,-13.000000000000002,58,0.6904761904761905,0.8285714285714286,0.7532467532467533,1.892442142368763
1253,cicids2017_fri_c0,0.4048250000000001,-16.000000000000004,55,0.7368421052631579,0.8,0.7671232876712328,1.9672423676065207
1254,cicids2017_wed_c1,0.40435,-30.099999999999987,43,0.3157894736842105,0.5454545454545454,0.39999999999999997,1.9816306942969342
1255,cicids2017_wed_c0,0.4038750000000001,-11.200000000000001,54,0.725,0.8285714285714286,0.7733333333333333,2.006988879481705
1256,cicids2017_fri_c0,0.4034,0.3999999999999968,55,0.8333333333333334,0.8571428571428571,0.8450704225352113,1.9514643638497164
1257,cicids2017_fri_c0,0.4029250000000001,-5.400000000000002,57,0.8285714285714286,0.8285714285714286,0.8285714285714286,2.0589255718948993
1258,cicids2017_wed_c0,0.40245,-4.700000000000001,54,0.6595744680851063,0.8857142857142857,0.7560975609756098,1.9267951475492
1259,cicids2017_wed_c0,0.4019750000000001,-21.299999999999997,57,0.6511627906976745,0.8,0.7179487179487181,1.879533319467477
1260,cicids2017_wed_c1,0.4015000000000001,-13.3,42,0.391304347826087,0.8181818181818182,0.5294117647058824,1.9542700186902973
1261,cicids2017_tue_c0,0.4010250000000001,-26.5,54,0.6585365853658537,0.7714285714285715,0.7105263157894737,1.8620907320205713
1262,cicids2017_wed_c1,0.4005500000000001,-15.200000000000005,39,0.4444444444444444,0.7272727272727273,0.5517241379310345,1.957050919462676
1263,cicids2017_tue_c0,0.40007500000000007,-24.09999999999999,56,0.6923076923076923,0.7714285714285715,0.7297297297297296,1.8546047789810058
1264,cicids2017_wed_c1,0.39960000000000007,-5.1,37,0.39285714285714285,1.0,0.5641025641025641,1.9077524908217698
1265,cicids2017_fri_c0,0.39912500000000006,-11.8,59,0.7073170731707317,0.8285714285714286,0.7631578947368421,1.9543249974875105
1266,cicids2017_fri_c0,0.39865000000000006,-11.0,56,0.725,0.8285714285714286,0.7733333333333333,1.9639827285223508
1267,cicids2017_fri_c0,0.39817500000000006,-21.900000000000002,56,0.7297297297297297,0.7714285714285715,0.75,1.892475854849265
1268,cicids2017_tue_c0,0.39770000000000005,-29.499999999999996,51,0.7027027027027027,0.7428571428571429,0.7222222222222223,1.8338603125921027
1269,cicids2017_wed_c1,0.39722500000000005,-20.1,40,0.3103448275862069,0.8181818181818182,0.45000000000000007,1.914013144448591
1270,cicids2017_fri_c0,0.39675000000000005,-25.6,57,0.7647058823529411,0.7428571428571429,0.7536231884057971,1.84144437139577
1271,cicids2017_tue_c0,0.39627500000000004,-15.200000000000003,58,0.6590909090909091,0.8285714285714286,0.7341772151898734,1.9231027902666502
1272,cicids2017_fri_c0,0.39580000000000004,-22.99999999999999,56,0.7105263157894737,0.7714285714285715,0.7397260273972601,1.919880852880238
1273,cicids2017_wed_c1,0.39532500000000004,-12.200000000000001,43,0.3142857142857143,1.0,0.4782608695652174,1.851242222863596
1274,cicids2017_wed_c0,0.39485000000000003,-20.39999999999999,55,0.6666666666666666,0.8,0.7272727272727272,2.001086100730876
1275,cicids2017_wed_c1,0.39437500000000003,-20.49999999999999,41,0.34782608695652173,0.7272727272727273,0.4705882352941176,1.907986538858576
1276,cicids2017_wed_c0,0.39390000000000003,-21.6,54,0.6511627906976745,0.8,0.7179487179487181,2.117313068581856
1277,cicids2017_wed_c0,0.393425,-23.599999999999994,56,0.6222222222222222,0.8,0.7000000000000001,2.035838926383577
1278,cicids2017_wed_c1,0.39295,-15.500000000000004,42,0.36,0.8181818181818182,0.5,1.9646303123049647
1279,cicids2017_fri_c0,0.392475,-11.8,59,0.7073170731707317,0.8285714285714286,0.7631578947368421,1.8693691335523472
1280,cicids2017_wed_c1,0.392,-10.2,40,0.45,0.8181818181818182,0.5806451612903226,1.9373897522293688
1281,cicids2017_wed_c0,0.3915250000000001,-40.49999999999999,56,0.6097560975609756,0.7142857142857143,0.6578947368421052,1.8608242941621724
1282,cicids2017_wed_c0,0.39105,-9.5,55,0.6666666666666666,0.8571428571428571,0.75,1.8684640523472626
1283,cicids2017_tue_c0,0.3905750000000001,-5.800000000000004,53,0.8285714285714286,0.8285714285714286,0.8285714285714286,1.9095169599493
1284,cicids2017_wed_c1,0.3901,-14.500000000000002,41,0.375,0.8181818181818182,0.5142857142857142,1.8885953481833917
1285,cicids2017_tue_c0,0.3896250000000001,-40.99999999999999,56,0.6857142857142857,0.6857142857142857,0.6857142857142857,1.9224830703825617
1286,cicids2017_fri_c0,0.38915,-18.1,56,0.7,0.8,0.7466666666666666,1.9112916845200563
1287,cicids2017_wed_c1,0.3886750000000001,-6.200000000000001,37,0.3793103448275862,1.0,0.5499999999999999,2.0207450849317046
1288,cicids2017_fri_c0,0.3882,-6.400000000000004,58,0.8055555555555556,0.8285714285714286,0.8169014084507044,2.000968590963109
1289,cicids2017_fri_c0,0.3877250000000001,-11.0,56,0.725,0.8285714285714286,0.7733333333333333,2.0122721839987348
1290,cicids2017_wed_c0,0.38725,-32.6,53,0.65,0.7428571428571429,0.6933333333333334,2.073137245709085
1291,cicids2017_fri_c0,0.3867750000000001,-7.700000000000001,56,0.7837837837837838,0.8285714285714286,0.8055555555555555,1.8807227054775029
1292,cicids2017_wed_c1,0.3863,-18.199999999999996,42,0.38095238095238093,0.7272727272727273,0.5,2.0099812938882646
1293,cicids2017_tue_c0,0.3858250000000001,-33.19999999999999,52,0.7352941176470589,0.7142857142857143,0.7246376811594202,1.9223832215537011
1294,cicids2017_fri_c0,0.38534999999999997,9.500000000000004,59,0.7804878048780488,0.9142857142857143,0.8421052631578947,1.968398457233345
1295,cicids2017_wed_c1,0.3848750000000001,-11.7,36,0.42857142857142855,0.8181818181818182,0.5625,1.930865819952579
1296,cicids2017_wed_c0,0.38439999999999996,-27.599999999999994,54,0.6428571428571429,0.7714285714285715,0.7012987012987013,1.957808628155514
1297,cicids2017_tue_c0,0.38392500000000007,-20.099999999999998,58,0.6666666666666666,0.8,0.7272727272727272,1.8529072843861938
1298,cicids2017_wed_c0,0.38344999999999996,-14.500000000000002,54,0.6744186046511628,0.8285714285714286,0.7435897435897435,1.8714301816580146
1299,cicids2017_wed_c0,0.38297500000000007,-19.1,57,0.6829268292682927,0.8,0.736842105263158,2.0033954757745835
1300,cicids2017_fri_c0,0.38250000000000006,-26.1,58,0.6585365853658537,0.7714285714285715,0.7105263157894737,1.9694699387572123
1301,cicids2017_wed_c1,0.38202500000000006,-10.600000000000001,42,0.37037037037037035,0.9090909090909091,0.5263157894736842,1.991679030028194
1302,cicids2017_tue_c0,0.38155000000000006,-2.0000000000000027,53,0.7894736842105263,0.8571428571428571,0.8219178082191781,2.0419962048152906
1303,cicids2017_wed_c0,0.38107500000000005,-32.3,56,0.65,0.7428571428571429,0.6933333333333334,1.9521005348179634
1304,cicids2017_wed_c1,0.38060000000000005,-30.99999999999999,40,0.2692307692307692,0.6363636363636364,0.37837837837837834,1.8755075140729514
1305,cicids2017_wed_c0,0.38012500000000005,-27.4,56,0.6428571428571429,0.7714285714285715,0.7012987012987013,1.9940403518785164
1306,cicids2017_wed_c0,0.37965000000000004,-42.5,52,0.6666666666666666,0.6857142857142857,0.676056338028169,1.9364423924925478
1307,cicids2017_tue_c0,0.37917500000000004,-1.0999999999999992,57,0.7045454545454546,0.8857142857142857,0.7848101265822784,1.9038322343170369
1308,cicids2017_fri_c0,0.37870000000000004,-29.0,56,0.7027027027027027,0.7428571428571429,0.7222222222222223,1.935360767028405
1309,cicids2017_tue_c0,0.37822500000000003,-27.1,53,0.7428571428571429,0.7428571428571429,0.7428571428571429,1.9033991422548022
1310,cicids2017_wed_c1,0.37775000000000003,-14.500000000000005,41,0.375,0.8181818181818182,0.5142857142857142,1.8972204888076833
1311,cicids2017_wed_c0,0.377275,-11.700000000000001,55,0.6382978723404256,0.8571428571428571,0.7317073170731707,1.8481572131394963
1312,cicids2017_tue_c0,0.3768,-5.199999999999999,54,0.7317073170731707,0.8571428571428571,0.7894736842105263,1.8090033526091611
1313,cicids2017_wed_c1,0.376325,-24.89999999999999,41,0.2962962962962963,0.7272727272727273,0.42105263157894735,1.8411235271301185
1314,cicids2017_wed_c1,0.37585,-6.8,42,0.36666666666666664,1.0,0.5365853658536585,1.9045618716334534
1315,cicids2017_wed_c1,0.375375,-9.000000000000002,36,0.4,0.9090909090909091,0.5555555555555556,1.9940284426154709
1316,cicids2017_tue_c0,0.3749,-31.199999999999996,56,0.6666666666666666,0.7428571428571429,0.7027027027027027,1.8121980922691954
1317,cicids2017_wed_c0,0.374425,-17.1,55,0.717948717948718,0.8,0.7567567567567569,1.8773906177065642
1318,cicids2017_wed_c0,0.37395,-15.500000000000004,55,0.6590909090909091,0.8285714285714286,0.7341772151898734,1.9267739897079037
1319,cicids2017_tue_c0,0.373475,-19.999999999999996,53,0.7714285714285715,0.7714285714285715,0.7714285714285715,2.000725765580889
1320,cicids2017_tue_c0,0.373,5.299999999999997,55,0.8157894736842105,0.8857142857142857,0.8493150684931505,1.878515414877645
1321,cicids2017_fri_c0,0.3725250000000001,-32.60000000000001,58,0.7352941176470589,0.7142857142857143,0.7246376811594202,1.8552652491639894
1322,cicids2017_tue_c0,0.37205,-16.0,55,0.7368421052631579,0.8,0.7671232876712328,1.9565333283108253
1323,cicids2017_wed_c0,0.3715750000000001,-13.500000000000002,53,0.6904761904761905,0.8285714285714286,0.7532467532467533,1.8821177626712353
1324,cicids2017_wed_c1,0.3711,-28.599999999999994,42,0.2916666666666667,0.6363636363636364,0.4,1.8603966647829782
1325,cicids2017_wed_c1,0.3706250000000001,-14.1,34,0.391304347826087,0.8181818181818182,0.5294117647058824,2.0986610954077913
1326,cicids2017_fri_c0,0.37015,-16.5,55,0.84375,0.7714285714285715,0.8059701492537314,1.925128112458139
1327,cicids2017_wed_c0,0.3696750000000001,-14.8,57,0.6,0.8571428571428571,0.7058823529411764,1.899548916379319
1328,cicids2017_fri_c0,0.3692,-38.8,56,0.7272727272727273,0.6857142857142857,0.7058823529411764,1.9545485864278989
1329,cicids2017_wed_c0,0.3687250000000001,-24.6,57,0.6086956521739131,0.8,0.6913580246913581,1.905100023462456
1330,cicids2017_tue_c0,0.36824999999999997,-9.200000000000001,52,0.7631578947368421,0.8285714285714286,0.7945205479452055,1.941919011459507
1331,cicids2017_tue_c0,0.3677750000000001,-26.099999999999994,58,0.6585365853658537,0.7714285714285715,0.7105263157894737,1.9668402456027656
1332,cicids2017_wed_c0,0.36729999999999996,-27.2,58,0.6428571428571429,0.7714285714285715,0.7012987012987013,1.9383845542481952
1333,cicids2017_tue_c0,0.36682500000000007,-4.200000000000003,53,0.75,0.8571428571428571,0.7999999999999999,1.8838162158340879
1334,cicids2017_wed_c1,0.36634999999999995,-5.000000000000002,38,0.39285714285714285,1.0,0.5641025641025641,1.866468274598231
1335,cicids2017_wed_c0,0.36587500000000006,-23.099999999999994,55,0.7105263157894737,0.7714285714285715,0.7397260273972601,1.8797348234906524
1336,cicids2017_wed_c1,0.36539999999999995,-4.999999999999998,43,0.45454545454545453,0.9090909090909091,0.6060606060606061,1.8902002188775535
1337,cicids2017_wed_c0,0.36492500000000005,-11.600000000000001,56,0.6382978723404256,0.8571428571428571,0.7317073170731707,1.9330422562463083
1338,cicids2017_tue_c0,0.36444999999999994,-11.100000000000001,55,0.725,0.8285714285714286,0.7733333333333333,1.961316195324494
1339,cicids2017_wed_c1,0.36397500000000005,-10.8,40,0.37037037037037035,0.9090909090909091,0.5263157894736842,1.952267288612428
1340,cicids2017_tue_c0,0.36350000000000005,16.300000000000004,56,0.8048780487804879,0.9428571428571428,0.868421052631579,1.8208502501451878
1341,cicids2017_wed_c0,0.36302500000000004,-17.5,57,0.6304347826086957,0.8285714285714286,0.7160493827160495,1.9465245449324309
1342,cicids2017_fri_c0,0.36255000000000004,-24.299999999999997,59,0.7878787878787878,0.7428571428571429,0.7647058823529412,1.9186965217479544
1343,cicids2017_fri_c0,0.36207500000000004,-16.000000000000004,55,0.7368421052631579,0.8,0.7671232876712328,1.8803505280741935
1344,cicids2017_wed_c0,0.36160000000000003,-35.6,56,0.6046511627906976,0.7428571428571429,0.6666666666666666,1.8715234941960792
1345,cicids2017_fri_c0,0.36112500000000003,-61.59999999999999,57,0.7142857142857143,0.5714285714285714,0.634920634920635,1.878934044391592
1346,cicids2017_wed_c1,0.36065,-21.29999999999999,38,0.4117647058823529,0.6363636363636364,0.5,1.8730738291525604
1347,cicids2017_wed_c1,0.360175,-29.799999999999997,41,0.28,0.6363636363636364,0.3888888888888889,1.9892893038030042
1348,cicids2017_wed_c0,0.3597,-10.600000000000001,55,0.6521739130434783,0.8571428571428571,0.7407407407407407,1.9391179522763913
1349,cicids2017_wed_c0,0.359225,-2.299999999999999,56,0.6888888888888889,0.8857142857142857,0.775,1.9106389227317677
1350,cicids2017_wed_c0,0.35875,-10.500000000000002,56,0.6521739130434783,0.8571428571428571,0.7407407407407407,1.8743337708244745
1351,cicids2017_fri_c0,0.358275,-3.7000000000000024,58,0.75,0.8571428571428571,0.7999999999999999,1.9132797689023615
1352,cicids2017_tue_c0,0.3578,-2.3,56,0.6888888888888889,0.8857142857142857,0.775,1.7899053218862184
1353,cicids2017_tue_c0,0.357325,-29.599999999999998,55,0.8064516129032258,0.7142857142857143,0.7575757575757576,1.8623094371613225
1354,cicids2017_wed_c1,0.35685,-3.6999999999999997,34,0.5,0.9090909090909091,0.6451612903225806,1.8679916526855382
1355,cicids2017_fri_c0,0.356375,-22.399999999999995,56,0.8387096774193549,0.7428571428571429,0.787878787878788,1.923258595332099
1356,cicids2017_tue_c0,0.3559,11.799999999999999,55,0.7333333333333333,0.9428571428571428,0.8250000000000001,1.9295788363445594
1357,cicids2017_tue_c0,0.355425,-13.4,54,0.6904761904761905,0.8285714285714286,0.7532467532467533,1.8515531842389263
1358,cicids2017_fri_c0,0.35495,-8.700000000000005,57,0.7631578947368421,0.8285714285714286,0.7945205479452055,1.9513464826026685
1359,cicids2017_fri_c0,0.354475,-16.1,59,0.84375,0.7714285714285715,0.8059701492537314,1.8964441631773774
1360,cicids2017_tue_c0,0.354,0.7999999999999972,54,0.7380952380952381,0.8857142857142857,0.8051948051948051,1.893208312705548
1361,cicids2017_fri_c0,0.3535250000000001,-13.100000000000001,57,0.6904761904761905,0.8285714285714286,0.7532467532467533,1.8471410574100438
1362,cicids2017_fri_c0,0.35305,-19.500000000000004,58,0.7714285714285715,0.7714285714285715,0.7714285714285715,1.8271691082976387
1363,cicids2017_tue_c0,0.3525750000000001,-18.099999999999994,56,0.7,0.8,0.7466666666666666,1.8639989975555444
1364,cicids2017_fri_c0,0.35209999999999997,-28.4,56,0.8333333333333334,0.7142857142857143,0.7692307692307692,1.8713652695729377
1365,cicids2017_wed_c0,0.3516250000000001,-22.8,53,0.6363636363636364,0.8,0.7088607594936709,1.8699639118518159
1366,cicids2017_fri_c0,0.35114999999999996,-18.3,54,0.7,0.8,0.7466666666666666,1.790553047997955
1367,cicids2017_tue_c0,0.35067500000000007,-13.200000000000001,56,0.6904761904761905,0.8285714285714286,0.7532467532467533,1.8325655042477575
1368,cicids2017_tue_c0,0.35019999999999996,-10.1,54,0.7435897435897436,0.8285714285714286,0.7837837837837838,1.8064330554597672
1369,cicids2017_wed_c1,0.34972500000000006,-21.699999999999992,40,0.3333333333333333,0.7272727272727273,0.4571428571428572,1.8095142344063668
1370,cicids2017_wed_c0,0.34924999999999995,-1.500000000000001,53,0.7045454545454546,0.8857142857142857,0.7848101265822784,2.088807680468806
1371,cicids2017_wed_c1,0.34877500000000006,1.299999999999998,35,0.5,1.0,0.6666666666666666,1.8594607770769886
1372,cicids2017_tue_c0,0.34829999999999994,-18.299999999999997,54,0.7,0.8,0.7466666666666666,1.9328499613501027
1373,cicids2017_tue_c0,0.34782500000000005,-30.499999999999993,52,0.6842105263157895,0.7428571428571429,0.7123287671232877,1.9099023783330227
1374,cicids2017_tue_c0,0.34734999999999994,-12.500000000000002,52,0.7073170731707317,0.8285714285714286,0.7631578947368421,1.8318517722975622
1375,cicids2017_wed_c1,0.34687500000000004,-27.29999999999999,44,0.30434782608695654,0.6363636363636364,0.411764705882353,1.9510753675523111
1376,cicids2017_wed_c1,0.34640000000000004,-11.000000000000004,38,0.37037037037037035,0.9090909090909091,0.5263157894736842,1.9690713844991696
1377,cicids2017_wed_c1,0.34592500000000004,-6.5000000000000036,39,0.43478260869565216,0.9090909090909091,0.5882352941176471,1.9820605756917764
1378,cicids2017_wed_c1,0.34545000000000003,-19.699999999999996,38,0.36363636363636365,0.7272727272727273,0.4848484848484849,1.9406332065547913
1379,cicids2017_wed_c0,0.34497500000000003,-40.599999999999994,55,0.6097560975609756,0.7142857142857143,0.6578947368421052,1.929116848371224
1380,cicids2017_wed_c0,0.34450000000000003,-17.6,56,0.6304347826086957,0.8285714285714286,0.7160493827160495,1.9238295340347535
1381,cicids2017_wed_c1,0.344025,-27.499999999999993,31,0.3181818181818182,0.6363636363636364,0.4242424242424242,1.7832433553343583
1382,cicids2017_tue_c0,0.34355000000000013,-21.19999999999999,58,0.6511627906976745,0.8,0.7179487179487181,1.8739040146805945
1383,cicids2017_tue_c0,0.343075,2.9,53,0.775,0.8857142857142857,0.8266666666666667,1.9669037385135961
1384,cicids2017_wed_c1,0.3426000000000001,-13.100000000000003,44,0.391304347826087,0.8181818181818182,0.5294117647058824,1.8743082996396419
1385,cicids2017_tue_c0,0.342125,-29.099999999999994,55,0.7027027027027027,0.7428571428571429,0.7222222222222223,1.7567741736240658
1386,cicids2017_fri_c0,0.3416500000000001,-14.2,57,0.6744186046511628,0.8285714285714286,0.7435897435897435,1.8058623588993168
1387,cicids2017_wed_c0,0.341175,-5.4999999999999964,57,0.6458333333333334,0.8857142857142857,0.7469879518072288,1.8079817602550252
1388,cicids2017_tue_c0,0.3407000000000001,-27.9,56,0.7222222222222222,0.7428571428571429,0.732394366197183,1.8254949908106362
1389,cicids2017_wed_c1,0.340225,-22.299999999999994,45,0.32,0.7272727272727273,0.4444444444444444,1.894657319974813
1390,cicids2017_wed_c1,0.3397500000000001,-13.700000000000001,38,0.391304347826087,0.8181818181818182,0.5294117647058824,1.8190120805459795
1391,cicids2017_tue_c0,0.339275,-16.800000000000004,58,0.717948717948718,0.8,0.7567567567567569,1.7846107038804697
1392,cicids2017_wed_c0,0.3388000000000001,-21.4,56,0.6511627906976745,0.8,0.7179487179487181,1.803150495588976
1393,cicids2017_wed_c1,0.338325,-7.700000000000003,38,0.4166666666666667,0.9090909090909091,0.5714285714285715,1.8677146299698535
1394,cicids2017_wed_c0,0.3378500000000001,2.5000000000000004,55,0.6808510638297872,0.9142857142857143,0.7804878048780487,1.77403370745711
1395,cicids2017_fri_c0,0.337375,-14.7,57,0.7567567567567568,0.8,0.7777777777777778,1.8009806409872358
1396,cicids2017_wed_c0,0.3369000000000001,-16.7,54,0.6444444444444445,0.8285714285714286,0.7250000000000001,1.7718607609190722
1397,cicids2017_wed_c0,0.336425,-16.6,55,0.6444444444444445,0.8285714285714286,0.7250000000000001,1.8600963402423338
1398,cicids2017_wed_c0,0.3359500000000001,-36.49999999999999,58,0.5909090909090909,0.7428571428571429,0.6582278481012659,1.9266387294448772
1399,cicids2017_fri_c0,0.33547499999999997,2.3999999999999986,59,0.7560975609756098,0.8857142857142857,0.8157894736842105,1.9006027358831137
1400,cicids2017_tue_c0,0.3350000000000001,-22.999999999999996,56,0.7105263157894737,0.7714285714285715,0.7397260273972601,1.914137957626392
1401,cicids2017_wed_c1,0.3345250000000001,-10.800000000000002,40,0.37037037037037035,0.9090909090909091,0.5263157894736842,1.8965676541610748
1402,cicids2017_fri_c0,0.33405000000000007,-23.5,56,0.8125,0.7428571428571429,0.7761194029850748,1.8224850110895585
1403,cicids2017_tue_c0,0.33357500000000007,-16.9,57,0.717948717948718,0.8,0.7567567567567569,1.8741899595081837
1404,cicids2017_tue_c0,0.33310000000000006,-8.900000000000002,55,0.7631578947368421,0.8285714285714286,0.7945205479452055,1.890823884170629
1405,cicids2017_fri_c0,0.33262500000000006,-38.8,56,0.7272727272727273,0.6857142857142857,0.7058823529411764,1.9276364961432921
1406,cicids2017_fri_c0,0.33215000000000006,-11.000000000000002,56,0.725,0.8285714285714286,0.7733333333333333,1.8103141596713272
1407,cicids2017_tue_c0,0.33167500000000005,-6.200000000000003,55,0.7142857142857143,0.8571428571428571,0.7792207792207793,1.8214268656844919
1408,cicids2017_wed_c1,0.33120000000000005,-15.800000000000004,39,0.36,0.8181818181818182,0.5,1.9403500203540818
1409,cicids2017_fri_c0,0.33072500000000005,1.099999999999996,57,0.7380952380952381,0.8857142857142857,0.8051948051948051,1.955436851035439
1410,cicids2017_tue_c0,0.33025000000000004,-27.399999999999995,56,0.6428571428571429,0.7714285714285715,0.7012987012987013,1.82147685383878
1411,cicids2017_fri_c0,0.32977500000000004,-57.699999999999996,58,0.6774193548387096,0.6,0.6363636363636364,1.8088682291044933
1412,cicids2017_wed_c0,0.32930000000000004,-23.5,57,0.6222222222222222,0.8,0.7000000000000001,1.7831659295498603
1413,cicids2017_tue_c0,0.32882500000000003,-7.400000000000002,54,0.6976744186046512,0.8571428571428571,0.7692307692307693,1.7209045770179476
1414,cicids2017_wed_c1,0.32835000000000003,-10.600000000000005,36,0.45,0.8181818181818182,0.5806451612903226,1.8547829795316462
1415,cicids2017_wed_c0,0.327875,-34.6,55,0.6190476190476191,0.7428571428571429,0.6753246753246753,1.8051187879065143
1416,cicids2017_wed_c1,0.3274,-5.5,38,0.45454545454545453,0.9090909090909091,0.6060606060606061,1.8514317803350555
1417,cicids2017_wed_c0,0.326925,-7.700000000000003,56,0.7837837837837838,0.8285714285714286,0.8055555555555555,1.8077310527899841
1418,cicids2017_tue_c0,0.32645,-18.299999999999997,54,0.7,0.8,0.7466666666666666,1.897928781102224
1419,cicids2017_wed_c1,0.325975,-2.5,41,0.4230769230769231,1.0,0.5945945945945945,1.9295237672143535
1420,cicids2017_tue_c0,0.3255,-9.1,53,0.7631578947368421,0.8285714285714286,0.7945205479452055,1.8678561177488695
1421,cicids2017_wed_c1,0.325025,-18.39999999999999,46,0.32142857142857145,0.8181818181818182,0.46153846153846156,1.8259623114793497
1422,cicids2017_wed_c1,0.3245500000000001,-13.400000000000002,41,0.391304347826087,0.8181818181818182,0.5294117647058824,1.933836454606551
1423,cicids2017_wed_c0,0.324075,-52.49999999999999,56,0.5897435897435898,0.6571428571428571,0.6216216216216216,1.807403929381563
1424,cicids2017_wed_c0,0.3236000000000001,-40.39999999999999,57,0.6097560975609756,0.7142857142857143,0.6578947368421052,1.7142144593095658
1425,cicids2017_tue_c0,0.323125,-6.6,56,0.8055555555555556,0.8285714285714286,0.8169014084507044,1.8805161112746798
1426,cicids2017_wed_c1,0.3226500000000001,-27.399999999999988,43,0.30434782608695654,0.6363636363636364,0.411764705882353,1.79380904420303
1427,cicids2017_wed_c0,0.322175,-10.399999999999999,51,0.7435897435897436,0.8285714285714286,0.7837837837837838,1.9983198322160067
1428,cicids2017_wed_c1,0.3217000000000001,-21.9,44,0.2903225806451613,0.8181818181818182,0.4285714285714286,1.861721431855767
1429,cicids2017_tue_c0,0.321225,-39.49999999999999,55,0.625,0.7142857142857143,0.6666666666666666,1.8257009507502364
1430,cicids2017_wed_c1,0.3207500000000001,-21.499999999999993,42,0.3333333333333333,0.7272727272727273,0.4571428571428572,1.818351437449363
1431,cicids2017_tue_c0,0.320275,-23.0,56,0.7105263157894737,0.7714285714285715,0.7397260273972601,1.9376991605159248
1432,cicids2017_fri_c0,0.3198000000000001,-7.500000000000002,58,0.7837837837837838,0.8285714285714286,0.8055555555555555,1.8429542724405734
1433,cicids2017_fri_c0,0.31932499999999997,2.0999999999999983,56,0.7560975609756098,0.8857142857142857,0.8157894736842105,1.7161567041326111
1434,cicids2017_wed_c0,0.3188500000000001,2.299999999999999,59,0.6111111111111112,0.9428571428571428,0.7415730337078652,1.8276540514771393
1435,cicids2017_tue_c0,0.31837499999999996,7.099999999999998,57,0.7441860465116279,0.9142857142857143,0.8205128205128205,1.8946456803593215
1436,cicids2017_fri_c0,0.31790000000000007,-8.8,56,0.7631578947368421,0.8285714285714286,0.7945205479452055,1.8373357040182763
1437,cicids2017_tue_c0,0.31742499999999996,-10.400000000000004,56,0.8484848484848485,0.8,0.823529411764706,1.7511958172713957
1438,cicids2017_wed_c0,0.31695000000000007,14.300000000000004,53,0.6938775510204082,0.9714285714285714,0.8095238095238094,1.9276418815889873
1439,cicids2017_tue_c0,0.31647499999999995,-56.39999999999999,55,0.6111111111111112,0.6285714285714286,0.619718309859155,1.881533716082143
1440,cicids2017_wed_c1,0.31600000000000006,-9.900000000000006,43,0.45,0.8181818181818182,0.5806451612903226,1.8075143395874262
1441,cicids2017_wed_c1,0.31552500000000006,-5.2,30,0.47619047619047616,0.9090909090909091,0.6249999999999999,1.8782023270167159
1442,cicids2017_wed_c0,0.31505000000000005,-0.5999999999999996,57,0.64,0.9142857142857143,0.7529411764705883,1.8991956296356
1443,cicids2017_wed_c1,0.31457500000000005,-9.0,42,0.34375,1.0,0.5116279069767442,1.85369166099663
1444,cicids2017_tue_c0,0.31410000000000005,-14.900000000000002,55,0.7567567567567568,0.8,0.7777777777777778,1.8936693707084227
1445,cicids2017_fri_c0,0.31362500000000004,20.0,55,0.7727272727272727,0.9714285714285714,0.8607594936708862,1.9049334147295465
1446,cicids2017_fri_c0,0.31315000000000004,-24.1,56,0.6923076923076923,0.7714285714285715,0.7297297297297296,1.8281380035309915
1447,cicids2017_wed_c1,0.31267500000000004,-8.200000000000005,38,0.5,0.8181818181818182,0.6206896551724137,1.9065302643923487
1448,cicids2017_wed_c1,0.31220000000000003,-7.100000000000003,44,0.4166666666666667,0.9090909090909091,0.5714285714285715,1.8895538196904857
1449,cicids2017_wed_c0,0.31172500000000003,3.3999999999999995,53,0.6956521739130435,0.9142857142857143,0.7901234567901234,1.8284249740770246
1450,cicids2017_fri_c0,0.31125,-2.7999999999999985,56,0.7692307692307693,0.8571428571428571,0.8108108108108107,1.9106987148921206
1451,cicids2017_tue_c0,0.310775,-11.300000000000002,53,0.725,0.8285714285714286,0.7733333333333333,1.8729012158556515
1452,cicids2017_fri_c0,0.3103,-38.7,57,0.7272727272727273,0.6857142857142857,0.7058823529411764,1.7383661150095953
1453,cicids2017_fri_c0,0.309825,2.3999999999999986,59,0.7560975609756098,0.8857142857142857,0.8157894736842105,1.8789480860567107
1454,cicids2017_fri_c0,0.30935,9.299999999999995,57,0.7804878048780488,0.9142857142857143,0.8421052631578947,1.931677351342578
1455,cicids2017_wed_c0,0.308875,6.299999999999999,55,0.66,0.9428571428571428,0.7764705882352942,1.9686973547039204
1456,cicids2017_fri_c0,0.3084,2.1999999999999984,57,0.7560975609756098,0.8857142857142857,0.8157894736842105,1.8781366583264991
1457,cicids2017_wed_c1,0.307925,-21.89999999999999,49,0.32,0.7272727272727273,0.4444444444444444,1.927184926596085
1458,cicids2017_tue_c0,0.30745,16.700000000000006,55,0.723404255319149,0.9714285714285714,0.8292682926829269,1.8207918476428693
1459,cicids2017_tue_c0,0.306975,-2.9000000000000004,55,0.7692307692307693,0.8571428571428571,0.8108108108108107,1.8094790096157471
1460,cicids2017_wed_c0,0.3065,-7.500000000000002,53,0.6976744186046512,0.8571428571428571,0.7692307692307693,1.8661513560457734
1461,cicids2017_wed_c1,0.306025,-12.800000000000002,36,0.4090909090909091,0.8181818181818182,0.5454545454545455,1.6704090587466907
1462,cicids2017_tue_c0,0.3055500000000001,-22.799999999999997,58,0.7105263157894737,0.7714285714285715,0.7397260273972601,1.8122497930339656
1463,cicids2017_fri_c0,0.305075,-6.300000000000001,59,0.8055555555555556,0.8285714285714286,0.8169014084507044,1.7742304266900188
1464,cicids2017_fri_c0,0.3046000000000001,-15.800000000000002,57,0.7368421052631579,0.8,0.7671232876712328,1.794345624109578
1465,cicids2017_wed_c1,0.304125,-13.600000000000003,39,0.391304347826087,0.8181818181818182,0.5294117647058824,1.9051987804505528
1466,cicids2017_fri_c0,0.3036500000000001,-36.599999999999994,56,0.7741935483870968,0.6857142857142857,0.7272727272727272,1.8687872931059561
1467,cicids2017_wed_c0,0.303175,-15.4,56,0.6590909090909091,0.8285714285714286,0.7341772151898734,1.8638591252874375
1468,cicids2017_tue_c0,0.3027000000000001,-7.4,54,0.6976744186046512,0.8571428571428571,0.7692307692307693,1.9276630707811664
1469,cicids2017_wed_c1,0.30222499999999997,-25.499999999999996,46,0.2857142857142857,0.7272727272727273,0.4102564102564102,1.781056666554157
1470,cicids2017_fri_c0,0.3017500000000001,-4.0,55,0.75,0.8571428571428571,0.7999999999999999,1.8173547613728538
1471,cicids2017_wed_c1,0.30127499999999996,-15.9,38,0.36,0.8181818181818182,0.5,1.8763954835216203
1472,cicids2017_wed_c0,0.30080000000000007,0.5999999999999985,58,0.6530612244897959,0.9142857142857143,0.7619047619047618,1.8656919136093533
1473,cicids2017_tue_c0,0.30032499999999995,5.9,56,0.7272727272727273,0.9142857142857143,0.810126582278481,1.897037953419499
1474,cicids2017_fri_c0,0.29985000000000006,-1.4000000000000021,59,0.7894736842105263,0.8571428571428571,0.8219178082191781,1.8978658594885214
1475,cicids2017_wed_c1,0.29937499999999995,-10.900000000000002,39,0.37037037037037035,0.9090909090909091,0.5263157894736842,1.8491321354954489
1476,cicids2017_tue_c0,0.29890000000000005,-13.700000000000001,56,0.7777777777777778,0.8,0.7887323943661971,1.8752142309835083
1477,cicids2017_tue_c0,0.29842499999999994,-4.100000000000001,54,0.75,0.8571428571428571,0.7999999999999999,1.8492121202610776
1478,cicids2017_tue_c0,0.29795000000000005,6.099999999999998,52,0.8378378378378378,0.8857142857142857,0.8611111111111112,1.8426873268460733
1479,cicids2017_fri_c0,0.29747499999999993,-21.799999999999997,57,0.7297297297297297,0.7714285714285715,0.75,1.9437297313229844
1480,cicids2017_tue_c0,0.29700000000000004,-3.3000000000000003,51,0.7692307692307693,0.8571428571428571,0.8108108108108107,1.8004797457576418
1481,cicids2017_fri_c0,0.29652500000000004,5.699999999999999,54,0.7272727272727273,0.9142857142857143,0.810126582278481,1.75505345111014
1482,cicids2017_fri_c0,0.29605000000000004,17.0,57,0.9411764705882353,0.9142857142857143,0.9275362318840579,1.8114410089391793
1483,cicids2017_tue_c0,0.29557500000000003,0.5999999999999979,52,0.7380952380952381,0.8857142857142857,0.8051948051948051,1.7555513801576956
1484,cicids2017_fri_c0,0.29510000000000003,-9.600000000000001,59,0.7435897435897436,0.8285714285714286,0.7837837837837838,1.5964247501165998
1485,cicids2017_tue_c0,0.294625,2.099999999999998,56,0.7560975609756098,0.8857142857142857,0.8157894736842105,1.7252695128091917
1486,cicids2017_wed_c1,0.29415,-11.700000000000003,36,0.42857142857142855,0.8181818181818182,0.5625,1.8283106363195267
1487,cicids2017_fri_c0,0.293675,-11.400000000000002,57,0.8235294117647058,0.8,0.8115942028985507,1.7535068246226921
1488,cicids2017_fri_c0,0.2932,2.0000000000000018,55,0.7560975609756098,0.8857142857142857,0.8157894736842105,1.816001296591826
1489,cicids2017_fri_c0,0.292725,-9.900000000000004,56,0.7435897435897436,0.8285714285714286,0.7837837837837838,1.772680758421107
1490,cicids2017_wed_c0,0.29225,-31.39999999999999,54,0.6666666666666666,0.7428571428571429,0.7027027027027027,1.8380306864937979
1491,cicids2017_tue_c0,0.291775,11.90000000000001,56,0.7333333333333333,0.9428571428571428,0.8250000000000001,1.8079217105406535
1492,cicids2017_tue_c0,0.2913,6.399999999999997,55,0.8378378378378378,0.8857142857142857,0.8611111111111112,1.810295230421389
1493,cicids2017_fri_c0,0.290825,-4.800000000000001,58,0.7317073170731707,0.8571428571428571,0.7894736842105263,1.7297668923777842
1494,cicids2017_tue_c0,0.29035,-32.8,56,0.7352941176470589,0.7142857142857143,0.7246376811594202,1.8109243381290843
1495,cicids2017_tue_c0,0.289875,-10.399999999999999,57,0.6521739130434783,0.8571428571428571,0.7407407407407407,1.8341117577040165
1496,cicids2017_tue_c0,0.2894,5.6999999999999975,54,0.7272727272727273,0.9142857142857143,0.810126582278481,1.770828228688416
1497,cicids2017_wed_c0,0.288925,-41.5,57,0.5952380952380952,0.7142857142857143,0.6493506493506493,1.8569540847560615
1498,cicids2017_wed_c1,0.28845,-18.299999999999997,41,0.38095238095238093,0.7272727272727273,0.5,1.851903713683034
1499,cicids2017_tue_c0,0.287975,-5.9,58,0.7142857142857143,0.8571428571428571,0.7792207792207793,1.7340016592782936
1500,cicids2017_wed_c1,0.2875000000000001,-4.600000000000001,36,0.47619047619047616,0.9090909090909091,0.6249999999999999,1.8791676960093133
1501,cicids2017_wed_c0,0.2870250000000001,0.2999999999999998,55,0.6530612244897959,0.9142857142857143,0.7619047619047618,1.854309109358477
1502,cicids2017_tue_c0,0.2865500000000001,11.5,52,0.7333333333333333,0.9428571428571428,0.8250000000000001,1.7080631368072465
1503,cicids2017_fri_c0,0.2860750000000001,-27.700000000000003,58,0.7222222222222222,0.7428571428571429,0.732394366197183,1.8260969469753545
1504,cicids2017_tue_c0,0.2856000000000001,-1.5000000000000009,53,0.7045454545454546,0.8857142857142857,0.7848101265822784,1.7347198155865968
1505,cicids2017_wed_c0,0.2851250000000001,-4.700000000000001,54,0.6595744680851063,0.8857142857142857,0.7560975609756098,1.7154395877548423
1506,cicids2017_fri_c0,0.28465000000000007,10.599999999999996,59,0.8,0.9142857142857143,0.8533333333333333,1.790877832225353
1507,cicids2017_wed_c1,0.28417500000000007,-2.2000000000000015,44,0.4230769230769231,1.0,0.5945945945945945,1.7845936172971562
1508,cicids2017_tue_c0,0.28370000000000006,2.000000000000001,55,0.7560975609756098,0.8857142857142857,0.8157894736842105,1.7283011145936182
1509,cicids2017_wed_c1,0.28322500000000006,-13.900000000000006,41,0.47058823529411764,0.7272727272727273,0.5714285714285714,1.8550732755665895
1510,cicids2017_wed_c0,0.28275000000000006,5.599999999999998,53,0.7272727272727273,0.9142857142857143,0.810126582278481,1.8506491947893624
1511,cicids2017_tue_c0,0.28227500000000005,-5.000000000000001,56,0.7317073170731707,0.8571428571428571,0.7894736842105263,1.7802387435118499
1512,cicids2017_fri_c0,0.28180000000000005,-9.6,59,0.7435897435897436,0.8285714285714286,0.7837837837837838,1.8097419011784077
1513,cicids2017_wed_c0,0.28132500000000005,-8.600000000000001,53,0.6818181818181818,0.8571428571428571,0.759493670886076,1.846609330585847
1514,cicids2017_tue_c0,0.28085000000000004,-19.800000000000004,55,0.7714285714285715,0.7714285714285715,0.7714285714285715,1.7748221132507018
1515,cicids2017_fri_c0,0.28037500000000004,12.6,57,0.8421052631578947,0.9142857142857143,0.8767123287671234,1.8142802401269027
1516,cicids2017_wed_c1,0.27990000000000004,-19.6,39,0.36363636363636365,0.7272727272727273,0.4848484848484849,1.8848164144467654
1517,cicids2017_tue_c0,0.27942500000000003,-4.300000000000001,52,0.75,0.8571428571428571,0.7999999999999999,1.6952639513887546
1518,cicids2017_fri_c0,0.27895000000000003,-8.700000000000003,57,0.7631578947368421,0.8285714285714286,0.7945205479452055,1.7054803625976147
1519,cicids2017_tue_c0,0.27847500000000003,-1.300000000000001,55,0.7045454545454546,0.8857142857142857,0.7848101265822784,1.720785476649876
1520,cicids2017_tue_c0,0.278,4.799999999999997,56,0.7111111111111111,0.9142857142857143,0.8,1.7748515097156417
1521,cicids2017_wed_c1,0.27752500000000013,-2.2000000000000046,38,0.5263157894736842,0.9090909090909091,0.6666666666666666,1.7228206124544851
1522,cicids2017_wed_c0,0.27705,-6.500000000000001,58,0.6326530612244898,0.8857142857142857,0.7380952380952381,1.9434798328712621
1523,cicids2017_fri_c0,0.2765750000000001,-18.5,57,0.7941176470588235,0.7714285714285715,0.782608695652174,1.8716144552892724
1524,cicids2017_fri_c0,0.2761,-3.900000000000004,56,0.75,0.8571428571428571,0.7999999999999999,1.7543908288448222
1525,cicids2017_wed_c0,0.2756250000000001,0.3999999999999986,56,0.6530612244897959,0.9142857142857143,0.7619047619047618,1.8342171152812052
1526,cicids2017_fri_c0,0.27515,-17.499999999999996,56,0.8181818181818182,0.7714285714285715,0.7941176470588236,1.9506680694504155
1527,cicids2017_tue_c0,0.2746750000000001,-22.4,57,0.6363636363636364,0.8,0.7088607594936709,1.8400629552512238
1528,cicids2017_fri_c0,0.2742,-18.1,56,0.7,0.8,0.7466666666666666,1.8243835213811708
1529,cicids2017_fri_c0,0.2737250000000001,-9.8,57,0.7435897435897436,0.8285714285714286,0.7837837837837838,1.7552427646445934
1530,cicids2017_wed_c1,0.27325,-6.500000000000001,39,0.43478260869565216,0.9090909090909091,0.5882352941176471,1.6992009829649914
1531,cicids2017_fri_c0,0.2727750000000001,-30.700000000000003,55,0.78125,0.7142857142857143,0.7462686567164178,1.772506476891175
1532,cicids2017_fri_c0,0.2723,13.499999999999996,55,0.8648648648648649,0.9142857142857143,0.888888888888889,1.7890586778479112
1533,cicids2017_wed_c1,0.2718250000000001,-6.000000000000003,39,0.3793103448275862,1.0,0.5499999999999999,1.8092500180862323
1534,cicids2017_fri_c0,0.27135,10.399999999999999,57,0.8,0.9142857142857143,0.8533333333333333,1.7757751972371054
1535,cicids2017_wed_c1,0.2708750000000001,3.6,36,0.55,1.0,0.7096774193548387,1.6631731240104064
1536,cicids2017_fri_c0,0.2704,1.0999999999999992,57,0.7380952380952381,0.8857142857142857,0.8051948051948051,1.7929749208488375
1537,cicids2017_fri_c0,0.2699250000000001,-2.600000000000003,58,0.7692307692307693,0.8571428571428571,0.8108108108108107,1.7450898363334293
1538,cicids2017_fri_c0,0.26944999999999997,-0.6000000000000032,56,0.8108108108108109,0.8571428571428571,0.8333333333333334,1.7591868741636176
1539,cicids2017_wed_c0,0.2689750000000001,13.1,52,0.68,0.9714285714285714,0.8,1.8966772517751518
1540,cicids2017_wed_c0,0.26850000000000007,-2.6000000000000014,53,0.6888888888888889,0.8857142857142857,0.775,1.6727887505189605
1541,cicids2017_tue_c0,0.26802500000000007,26.100000000000012,56,0.7777777777777778,1.0,0.8750000000000001,1.7845594492792356
1542,cicids2017_fri_c0,0.26755000000000007,-37.800000000000004,55,0.75,0.6857142857142857,0.7164179104477612,1.739905775954365
1543,cicids2017_fri_c0,0.26707500000000006,-20.599999999999998,58,0.75,0.7714285714285715,0.7605633802816902,1.6616662883509685
1544,cicids2017_wed_c0,0.26660000000000006,8.3,53,0.6875,0.9428571428571428,0.7951807228915663,1.7215833682159503
1545,cicids2017_fri_c0,0.26612500000000006,-5.900000000000004,58,0.7142857142857143,0.8571428571428571,0.7792207792207793,1.7316785951611653
1546,cicids2017_wed_c0,0.26565000000000005,-32.199999999999996,57,0.65,0.7428571428571429,0.6933333333333334,1.6796323124993162
1547,cicids2017_wed_c0,0.26517500000000005,-10.500000000000002,56,0.6521739130434783,0.8571428571428571,0.7407407407407407,1.7426336024888947
1548,cicids2017_wed_c1,0.26470000000000005,-11.600000000000003,37,0.42857142857142855,0.8181818181818182,0.5625,1.797222642259096
1549,cicids2017_tue_c0,0.26422500000000004,-36.3,54,0.6756756756756757,0.7142857142857143,0.6944444444444444,1.6625961150972044
1550,cicids2017_fri_c0,0.26375000000000004,-13.100000000000001,57,0.6904761904761905,0.8285714285714286,0.7532467532467533,1.81768308441002
1551,cicids2017_tue_c0,0.26327500000000004,-0.5000000000000006,52,0.7209302325581395,0.8857142857142857,0.7948717948717948,1.8149031535851523
1552,cicids2017_wed_c1,0.26280000000000003,-11.9,40,0.35714285714285715,0.9090909090909091,0.5128205128205129,1.6588235309344956
1553,cicids2017_wed_c0,0.26232500000000003,-5.500000000000002,57,0.6458333333333334,0.8857142857142857,0.7469879518072288,1.7128275842891152
1554,cicids2017_wed_c0,0.26185,0.5000000000000004,57,0.6530612244897959,0.9142857142857143,0.7619047619047618,1.7604691029303468
1555,cicids2017_tue_c0,0.261375,-10.900000000000004,57,0.725,0.8285714285714286,0.7733333333333333,1.7287857715210446
1556,cicids2017_fri_c0,0.2609,-27.9,56,0.7222222222222222,0.7428571428571429,0.732394366197183,1.6980364804222499
1557,cicids2017_wed_c1,0.260425,-14.200000000000001,39,0.3333333333333333,0.9090909090909091,0.4878048780487804,1.7454869082673377
1558,cicids2017_wed_c1,0.25995,-10.3,39,0.45,0.8181818181818182,0.5806451612903226,1.7400070176327223
1559,cicids2017_wed_c1,0.259475,-14.200000000000003,44,0.375,0.8181818181818182,0.5142857142857142,1.9086465532089087
1560,cicids2017_wed_c1,0.259,-17.099999999999998,42,0.4,0.7272727272727273,0.5161290322580645,1.8298492629325427
1561,cicids2017_tue_c0,0.2585250000000001,0.5999999999999988,52,0.7380952380952381,0.8857142857142857,0.8051948051948051,1.7959691342309752
1562,cicids2017_tue_c0,0.25805,-2.300000000000001,56,0.6888888888888889,0.8857142857142857,0.775,1.8933913895059433
1563,cicids2017_fri_c0,0.2575750000000001,-24.5,57,0.7878787878787878,0.7428571428571429,0.7647058823529412,1.7635685774263643
1564,cicids2017_wed_c1,0.2571,-16.3,40,0.3125,0.9090909090909091,0.4651162790697674,1.694668877863735
1565,cicids2017_wed_c0,0.2566250000000001,7.599999999999998,57,0.673469387755102,0.9428571428571428,0.7857142857142857,1.759358320876723
1566,cicids2017_tue_c0,0.25615,-15.4,56,0.6590909090909091,0.8285714285714286,0.7341772151898734,1.6741328090907157
1567,cicids2017_wed_c1,0.2556750000000001,-6.9,35,0.43478260869565216,0.9090909090909091,0.5882352941176471,1.711380417581843
1568,cicids2017_wed_c0,0.2552,-19.599999999999994,52,0.6829268292682927,0.8,0.736842105263158,1.7263465446042905
1569,cicids2017_wed_c1,0.2547250000000001,-33.599999999999994,36,0.25,0.6363636363636364,0.358974358974359,1.7950892496701367
1570,cicids2017_wed_c1,0.25425,1.299999999999998,35,0.5,1.0,0.6666666666666666,1.7882014524062748
1571,cicids2017_fri_c0,0.2537750000000001,2.0999999999999983,56,0.7560975609756098,0.8857142857142857,0.8157894736842105,1.861484606872602
1572,cicids2017_tue_c0,0.25329999999999997,0.7999999999999989,54,0.7380952380952381,0.8857142857142857,0.8051948051948051,1.825764089163023
1573,cicids2017_wed_c0,0.2528250000000001,-4.800000000000001,53,0.6595744680851063,0.8857142857142857,0.7560975609756098,1.7682114672583693
1574,cicids2017_wed_c1,0.25234999999999996,-11.300000000000004,40,0.42857142857142855,0.8181818181818182,0.5625,1.8329884946579351
1575,cicids2017_fri_c0,0.25187500000000007,-7.600000000000001,57,0.7837837837837838,0.8285714285714286,0.8055555555555555,1.8099864777152344
1576,cicids2017_tue_c0,0.25139999999999996,-7.5,53,0.6976744186046512,0.8571428571428571,0.7692307692307693,1.697510561788611
1577,cicids2017_wed_c0,0.25092500000000006,-9.4,56,0.6666666666666666,0.8571428571428571,0.75,1.7747021568448016
1578,cicids2017_wed_c1,0.25044999999999995,-3.1999999999999993,39,0.5,0.9090909090909091,0.6451612903225806,1.7393491334509519
1579,cicids2017_fri_c0,0.24997500000000006,-3.3000000000000003,57,0.6739130434782609,0.8857142857142857,0.7654320987654321,1.741806592915148
1580,cicids2017_wed_c0,0.24950000000000006,-2.3000000000000016,56,0.6888888888888889,0.8857142857142857,0.775,1.6395123047613696
1581,cicids2017_tue_c0,0.24902500000000005,7.599999999999998,51,0.7619047619047619,0.9142857142857143,0.8311688311688312,1.6709393947245461
1582,cicids2017_fri_c0,0.24855000000000005,-1.5000000000000018,58,0.7894736842105263,0.8571428571428571,0.8219178082191781,1.6291959915610659
1583,cicids2017_wed_c0,0.24807500000000005,3.6999999999999993,56,0.6956521739130435,0.9142857142857143,0.7901234567901234,1.7295987082866364
1584,cicids2017_tue_c0,0.24760000000000004,16.6,54,0.723404255319149,0.9714285714285714,0.8292682926829269,1.7196320596077057
1585,cicids2017_wed_c0,0.24712500000000004,-29.9,53,0.6136363636363636,0.7714285714285715,0.6835443037974683,1.7569223892552635
1586,cicids2017_tue_c0,0.24665000000000004,-2.8000000000000007,56,0.7692307692307693,0.8571428571428571,0.8108108108108107,1.6601768190277444
1587,cicids2017_wed_c1,0.24617500000000003,-22.999999999999996,38,0.32,0.7272727272727273,0.4444444444444444,1.7192241204088539
1588,cicids2017_fri_c0,0.24570000000000003,4.299999999999995,56,0.7948717948717948,0.8857142857142857,0.8378378378378378,1.7337511132125278
1589,cicids2017_wed_c1,0.24522500000000003,3.8,38,0.55,1.0,0.7096774193548387,1.6770647338655351
1590,cicids2017_fri_c0,0.24475000000000002,-10.8,58,0.725,0.8285714285714286,0.7733333333333333,1.6681027566027908
1591,cicids2017_wed_c0,0.24427500000000002,-4.4,57,0.6595744680851063,0.8857142857142857,0.7560975609756098,1.956912111766863
1592,cicids2017_tue_c0,0.24380000000000002,-23.799999999999997,59,0.6923076923076923,0.7714285714285715,0.7297297297297296,1.6820103437894145
1593,cicids2017_tue_c0,0.243325,-7.500000000000002,53,0.6976744186046512,0.8571428571428571,0.7692307692307693,1.5757448132231173
1594,cicids2017_fri_c0,0.24285,11.799999999999997,55,0.7333333333333333,0.9428571428571428,0.8250000000000001,1.732468858501299
1595,cicids2017_wed_c0,0.242375,-27.599999999999994,54,0.6428571428571429,0.7714285714285715,0.7012987012987013,1.7702932177728021
1596,cicids2017_fri_c0,0.2419,-2.600000000000003,58,0.7692307692307693,0.8571428571428571,0.8108108108108107,1.7079024441895478
1597,cicids2017_wed_c0,0.241425,-24.5,58,0.6086956521739131,0.8,0.6913580246913581,1.6948292443720832
1598,cicids2017_wed_c0,0.24095,-25.9,55,0.5957446808510638,0.8,0.6829268292682927,1.8220145238919039
1599,cicids2017_wed_c1,0.240475,-13.600000000000003,39,0.391304347826087,0.8181818181818182,0.5294117647058824,1.7361077790541886
1600,cicids2017_wed_c0,0.24,-5.800000000000001,54,0.6458333333333334,0.8857142857142857,0.7469879518072288,1.6955406577861323
1601,cicids2017_tue_c0,0.2395250000000001,7.399999999999999,49,0.7619047619047619,0.9142857142857143,0.8311688311688312,1.6866974610652892
1602,cicids2017_wed_c0,0.23904999999999998,2.399999999999999,54,0.6808510638297872,0.9142857142857143,0.7804878048780487,1.7318041124718706
1603,cicids2017_wed_c1,0.2385750000000001,-19.799999999999997,43,0.3103448275862069,0.8181818181818182,0.45000000000000007,1.710774012805036
1604,cicids2017_tue_c0,0.23809999999999998,-0.5999999999999996,51,0.7209302325581395,0.8857142857142857,0.7948717948717948,1.74345586630607
1605,cicids2017_fri_c0,0.2376250000000001,-7.200000000000001,56,0.6976744186046512,0.8571428571428571,0.7692307692307693,1.7492408966594815
1606,cicids2017_wed_c1,0.23714999999999997,-15.200000000000003,39,0.4444444444444444,0.7272727272727273,0.5517241379310345,1.7789451105745662
1607,cicids2017_fri_c0,0.23667500000000008,-7.700000000000001,56,0.7837837837837838,0.8285714285714286,0.8055555555555555,1.7146663954435712
1608,cicids2017_wed_c0,0.23619999999999997,0.40000000000000036,56,0.6530612244897959,0.9142857142857143,0.7619047619047618,1.7589369848530028
1609,cicids2017_fri_c0,0.23572500000000007,-6.700000000000003,55,0.8055555555555556,0.8285714285714286,0.8169014084507044,1.7468585612568792
1610,cicids2017_fri_c0,0.23524999999999996,-22.2,58,0.8387096774193549,0.7428571428571429,0.787878787878788,1.801541068314129
1611,cicids2017_wed_c1,0.23477500000000007,-0.2000000000000004,42,0.4583333333333333,1.0,0.6285714285714286,1.7191334449499613
1612,cicids2017_fri_c0,0.23429999999999995,6.599999999999996,57,0.8378378378378378,0.8857142857142857,0.8611111111111112,1.6523063477081823
1613,cicids2017_wed_c0,0.23382500000000006,6.399999999999999,56,0.66,0.9428571428571428,0.7764705882352942,1.733785198102099
1614,cicids2017_wed_c0,0.23334999999999995,-12.600000000000001,57,0.625,0.8571428571428571,0.7228915662650602,1.6677361004932125
1615,cicids2017_fri_c0,0.23287500000000005,8.3,58,0.7619047619047619,0.9142857142857143,0.8311688311688312,1.691019592002273
1616,cicids2017_fri_c0,0.23239999999999994,4.4,57,0.7948717948717948,0.8857142857142857,0.8378378378378378,1.6899274436532448
1617,cicids2017_wed_c1,0.23192500000000005,-18.399999999999995,40,0.38095238095238093,0.7272727272727273,0.5,1.7293059498293815
1618,cicids2017_wed_c0,0.23144999999999993,-20.3,56,0.6666666666666666,0.8,0.7272727272727272,1.7131300544317938
1619,cicids2017_fri_c0,0.23097500000000004,9.699999999999998,55,0.9117647058823529,0.8857142857142857,0.8985507246376812,1.7886768081765565
1620,cicids2017_wed_c1,0.23050000000000004,-32.09999999999999,45,0.2857142857142857,0.5454545454545454,0.37499999999999994,1.7528556812079248
1621,cicids2017_tue_c0,0.23002500000000003,-19.200000000000003,56,0.6829268292682927,0.8,0.736842105263158,1.7581837414000228
1622,cicids2017_fri_c0,0.22955000000000003,-0.7000000000000006,55,0.8108108108108109,0.8571428571428571,0.8333333333333334,1.671591821346111
1623,cicids2017_wed_c1,0.22907500000000003,-17.699999999999996,42,0.3333333333333333,0.8181818181818182,0.4736842105263157,1.7169110162465486
1624,cicids2017_fri_c0,0.22860000000000003,-17.9,58,0.7,0.8,0.7466666666666666,1.673876747991689
1625,cicids2017_wed_c0,0.22812500000000002,-4.4,57,0.6595744680851063,0.8857142857142857,0.7560975609756098,1.7825697096383446
1626,cicids2017_wed_c1,0.22765000000000013,-9.500000000000002,42,0.38461538461538464,0.9090909090909091,0.5405405405405405,1.7862386813250861
1627,cicids2017_wed_c0,0.22717500000000002,5.799999999999999,55,0.7272727272727273,0.9142857142857143,0.810126582278481,1.7702688740463557
1628,cicids2017_wed_c0,0.22670000000000012,-7.700000000000001,51,0.6976744186046512,0.8571428571428571,0.7692307692307693,1.8064156212593812
1629,cicids2017_tue_c0,0.226225,-6.200000000000001,55,0.7142857142857143,0.8571428571428571,0.7792207792207793,1.6422020806726543
1630,cicids2017_fri_c0,0.22575000000000012,-7.8000000000000025,55,0.7837837837837838,0.8285714285714286,0.8055555555555555,1.7352055928520804
1631,cicids2017_wed_c0,0.225275,-10.700000000000001,54,0.6521739130434783,0.8571428571428571,0.7407407407407407,1.7820724347284829
1632,cicids2017_wed_c1,0.2248000000000001,-15.700000000000003,40,0.36,0.8181818181818182,0.5,1.774740382395715
1633,cicids2017_fri_c0,0.224325,-30.300000000000004,59,0.78125,0.7142857142857143,0.7462686567164178,1.8173571077640132
1634,cicids2017_wed_c1,0.2238500000000001,-9.600000000000001,41,0.38461538461538464,0.9090909090909091,0.5405405405405405,1.7549604782730195
1635,cicids2017_tue_c0,0.223375,-1.900000000000001,54,0.7894736842105263,0.8571428571428571,0.8219178082191781,1.7445305614454143
1636,cicids2017_wed_c0,0.2229000000000001,-4.699999999999999,54,0.6595744680851063,0.8857142857142857,0.7560975609756098,1.6950122345989531
1637,cicids2017_fri_c0,0.22242499999999998,2.3999999999999972,59,0.7560975609756098,0.8857142857142857,0.8157894736842105,1.6854871469398338
1638,cicids2017_wed_c0,0.2219500000000001,-19.599999999999998,52,0.6829268292682927,0.8,0.736842105263158,1.8468307963856414
1639,cicids2017_fri_c0,0.22147499999999998,6.499999999999998,56,0.8378378378378378,0.8857142857142857,0.8611111111111112,1.7914339316210206
1640,cicids2017_tue_c0,0.22100000000000009,-0.20000000000000218,55,0.7209302325581395,0.8857142857142857,0.7948717948717948,1.791440838118564
1641,cicids2017_wed_c0,0.22052500000000008,15.70000000000001,50,0.8048780487804879,0.9428571428571428,0.868421052631579,1.768793449037094
1642,cicids2017_fri_c0,0.22005000000000008,1.0999999999999983,57,0.7380952380952381,0.8857142857142857,0.8051948051948051,1.7639734616370362
1643,cicids2017_tue_c0,0.21957500000000008,-3.000000000000001,54,0.7692307692307693,0.8571428571428571,0.8108108108108107,1.6291989025999807
1644,cicids2017_wed_c0,0.21910000000000007,14.6,56,0.6938775510204082,0.9714285714285714,0.8095238095238094,1.7657305442002325
1645,cicids2017_fri_c0,0.21862500000000007,-2.700000000000003,57,0.7692307692307693,0.8571428571428571,0.8108108108108107,1.6931817918663914
1646,cicids2017_tue_c0,0.21815000000000007,-33.3,57,0.6341463414634146,0.7428571428571429,0.6842105263157895,1.6651478119253218
1647,cicids2017_tue_c0,0.21767500000000006,16.900000000000002,57,0.723404255319149,0.9714285714285714,0.8292682926829269,1.7602099605621955
1648,cicids2017_wed_c0,0.21720000000000006,0.40000000000000036,56,0.6530612244897959,0.9142857142857143,0.7619047619047618,1.7192718934197655
1649,cicids2017_wed_c1,0.21672500000000006,-5.8000000000000025,41,0.3793103448275862,1.0,0.5499999999999999,1.7058576185294652
1650,cicids2017_wed_c1,0.21625000000000005,-11.0,38,0.37037037037037035,0.9090909090909091,0.5263157894736842,1.7744001784904675
1651,cicids2017_fri_c0,0.21577500000000005,3.8999999999999986,58,0.6956521739130435,0.9142857142857143,0.7901234567901234,1.8291147208106764
1652,cicids2017_fri_c0,0.21530000000000005,15.899999999999999,52,0.8048780487804879,0.9428571428571428,0.868421052631579,1.6747417948990664
1653,cicids2017_fri_c0,0.21482500000000004,11.599999999999996,58,0.8205128205128205,0.9142857142857143,0.8648648648648648,1.755058693774662
1654,cicids2017_wed_c0,0.21435000000000004,-1.6999999999999984,51,0.7045454545454546,0.8857142857142857,0.7848101265822784,1.6826365016722826
1655,cicids2017_fri_c0,0.21387500000000004,-21.900000000000006,56,0.7297297297297297,0.7714285714285715,0.75,1.7299155254023315
1656,cicids2017_fri_c0,0.21340000000000003,10.399999999999999,57,0.8,0.9142857142857143,0.8533333333333333,1.7559965604485344
1657,cicids2017_wed_c1,0.21292500000000003,-8.200000000000003,39,0.3548387096774194,1.0,0.5238095238095238,1.8069202512354121
1658,cicids2017_wed_c1,0.21245000000000003,-3.2000000000000033,39,0.5,0.9090909090909091,0.6451612903225806,1.7827995376012171
1659,cicids2017_wed_c1,0.21197500000000002,-6.1,43,0.43478260869565216,0.9090909090909091,0.5882352941176471,1.7888589115728526
1660,cicids2017_tue_c0,0.21150000000000002,-1.7000000000000002,57,0.6274509803921569,0.9142857142857143,0.7441860465116279,1.638819284722778
1661,cicids2017_wed_c0,0.21102500000000002,-19.6,58,0.6041666666666666,0.8285714285714286,0.6987951807228916,1.6972903403255926
1662,cicids2017_wed_c0,0.21055000000000013,1.5999999999999996,57,0.6666666666666666,0.9142857142857143,0.7710843373493975,1.6829193525304036
1663,cicids2017_fri_c0,0.210075,17.599999999999998,58,0.825,0.9428571428571428,0.88,1.7093822336977766
1664,cicids2017_wed_c0,0.20960000000000012,-9.500000000000002,55,0.6666666666666666,0.8571428571428571,0.75,1.644594881784382
1665,cicids2017_wed_c0,0.209125,10.799999999999999,56,0.717391304347826,0.9428571428571428,0.8148148148148148,1.6681603811934882
1666,cicids2017_tue_c0,0.2086500000000001,-2.4999999999999996,54,0.6888888888888889,0.8857142857142857,0.775,1.7749362514695302
1667,cicids2017_wed_c1,0.208175,2.6999999999999957,38,0.5238095238095238,1.0,0.6875000000000001,1.7238041592104785
1668,cicids2017_wed_c0,0.2077000000000001,-32.8,57,0.574468085106383,0.7714285714285715,0.6585365853658536,1.7441996759570833
1669,cicids2017_wed_c0,0.207225,-12.9,54,0.625,0.8571428571428571,0.7228915662650602,1.7660734180520843
1670,cicids2017_wed_c0,0.2067500000000001,-3.6,54,0.6739130434782609,0.8857142857142857,0.7654320987654321,1.7655375098639834
1671,cicids2017_wed_c1,0.206275,-30.69999999999999,43,0.2692307692307692,0.6363636363636364,0.37837837837837834,1.7357162242638813
1672,cicids2017_wed_c0,0.2058000000000001,-18.6,57,0.6170212765957447,0.8285714285714286,0.7073170731707318,1.7972474302331296
1673,cicids2017_tue_c0,0.20532499999999998,-2.3000000000000003,56,0.6888888888888889,0.8857142857142857,0.775,1.729263778127153
1674,cicids2017_wed_c1,0.2048500000000001,-7.600000000000001,39,0.4166666666666667,0.9090909090909091,0.5714285714285715,1.8126505523760228
1675,cicids2017_wed_c0,0.20437499999999997,9.599999999999998,55,0.7021276595744681,0.9428571428571428,0.8048780487804879,1.7138210023916947
1676,cicids2017_wed_c1,0.20390000000000008,-7.000000000000002,40,0.36666666666666664,1.0,0.5365853658536585,1.7132575258526308
1677,cicids2017_fri_c0,0.20342499999999997,-1.7000000000000015,56,0.7894736842105263,0.8571428571428571,0.8219178082191781,1.7001861410814159
1678,cicids2017_tue_c0,0.20295000000000007,14.5,55,0.6938775510204082,0.9714285714285714,0.8095238095238094,1.695602855165169
1679,cicids2017_wed_c1,0.20247499999999996,-19.6,39,0.36363636363636365,0.7272727272727273,0.4848484848484849,1.6924203937886955
1680,cicids2017_wed_c0,0.20200000000000007,2.1999999999999997,58,0.6111111111111112,0.9428571428571428,0.7415730337078652,1.7204027751051685
1681,cicids2017_wed_c1,0.20152500000000007,-9.200000000000005,45,0.38461538461538464,0.9090909090909091,0.5405405405405405,1.643886211368325
1682,cicids2017_fri_c0,0.20105000000000006,0.9999999999999982,56,0.7380952380952381,0.8857142857142857,0.8051948051948051,1.7159223210609362
1683,cicids2017_fri_c0,0.20057500000000006,14.099999999999998,56,0.7674418604651163,0.9428571428571428,0.8461538461538461,1.6530338060300527
1684,cicids2017_wed_c1,0.20010000000000006,1.8999999999999977,41,0.5,1.0,0.6666666666666666,1.6484995387657713
1685,cicids2017_tue_c0,0.19962500000000005,15.899999999999999,58,0.7083333333333334,0.9714285714285714,0.8192771084337349,1.6584207840193013
1686,cicids2017_wed_c0,0.19915000000000005,-12.700000000000001,56,0.625,0.8571428571428571,0.7228915662650602,1.705773662188085
1687,cicids2017_tue_c0,0.19867500000000005,11.899999999999999,56,0.7333333333333333,0.9428571428571428,0.8250000000000001,1.6327740882176573
1688,cicids2017_tue_c0,0.19820000000000004,-13.600000000000001,58,0.6122448979591837,0.8571428571428571,0.7142857142857143,1.7729236440540297
1689,cicids2017_wed_c1,0.19772500000000004,-12.400000000000002,35,0.35714285714285715,0.9090909090909091,0.5128205128205129,1.775147991625973
1690,cicids2017_fri_c0,0.19725000000000004,-11.799999999999999,59,0.7073170731707317,0.8285714285714286,0.7631578947368421,1.78887496240519
1691,cicids2017_wed_c1,0.19677500000000003,-4.300000000000003,45,0.39285714285714285,1.0,0.5641025641025641,1.678673003349962
1692,cicids2017_wed_c1,0.19630000000000003,-12.9,41,0.3448275862068966,0.9090909090909091,0.5000000000000001,1.7343021315164324
1693,cicids2017_wed_c0,0.19582500000000003,-16.599999999999998,55,0.6444444444444445,0.8285714285714286,0.7250000000000001,1.6589405150162062
1694,cicids2017_tue_c0,0.19535000000000002,-8.4,55,0.6818181818181818,0.8571428571428571,0.759493670886076,1.7608609686991508
1695,cicids2017_fri_c0,0.19487500000000002,12.600000000000001,58,0.6666666666666666,0.9714285714285714,0.7906976744186046,1.7307685998086502
1696,cicids2017_wed_c0,0.19440000000000002,10.599999999999998,54,0.717391304347826,0.9428571428571428,0.8148148148148148,1.696837493358694
1697,cicids2017_tue_c0,0.19392500000000001,-1.400000000000001,54,0.7045454545454546,0.8857142857142857,0.7848101265822784,1.6193102166863353
1698,cicids2017_fri_c0,0.19345,-0.5000000000000031,57,0.8108108108108109,0.8571428571428571,0.8333333333333334,1.6314375487681863
1699,cicids2017_tue_c0,0.192975,4.6999999999999975,55,0.7111111111111111,0.9142857142857143,0.8,1.8489121551739611
1700,cicids2017_wed_c1,0.1925,-5.9,40,0.3793103448275862,1.0,0.5499999999999999,1.7571697389333891
1701,cicids2017_tue_c0,0.192025,19.3,54,0.6862745098039216,1.0,0.813953488372093,1.6933393920396598
1702,cicids2017_fri_c0,0.1915500000000001,-20.7,57,0.75,0.7714285714285715,0.7605633802816902,1.7095769167507608
1703,cicids2017_wed_c0,0.191075,-23.4,58,0.6222222222222222,0.8,0.7000000000000001,1.63436742007336
1704,cicids2017_fri_c0,0.1906000000000001,15.299999999999997,57,0.7857142857142857,0.9428571428571428,0.8571428571428571,1.72111369973099
1705,cicids2017_wed_c1,0.190125,1.7999999999999994,40,0.5,1.0,0.6666666666666666,1.6622833860275843
1706,cicids2017_wed_c1,0.1896500000000001,-5.2,36,0.39285714285714285,1.0,0.5641025641025641,1.66778441046804
1707,cicids2017_wed_c1,0.18917499999999998,-1.5999999999999985,44,0.5263157894736842,0.9090909090909091,0.6666666666666666,1.7928005890128476
1708,cicids2017_wed_c1,0.1887000000000001,0.2999999999999998,36,0.4782608695652174,1.0,0.6470588235294118,1.5993455839675137
1709,cicids2017_fri_c0,0.18822499999999998,7.200000000000006,58,0.7441860465116279,0.9142857142857143,0.8205128205128205,1.7228134666735682
1710,cicids2017_fri_c0,0.18775000000000008,-15.200000000000003,58,0.6590909090909091,0.8285714285714286,0.7341772151898734,1.5854488231458364
1711,cicids2017_tue_c0,0.18727499999999997,16.6,54,0.723404255319149,0.9714285714285714,0.8292682926829269,1.819872796483986
1712,cicids2017_tue_c0,0.18680000000000008,7.599999999999998,57,0.673469387755102,0.9428571428571428,0.7857142857142857,1.7033291863806994
1713,cicids2017_wed_c1,0.18632499999999996,-12.799999999999999,42,0.3448275862068966,0.9090909090909091,0.5000000000000001,1.6970499467007973
1714,cicids2017_wed_c0,0.18585000000000007,-8.400000000000002,55,0.6818181818181818,0.8571428571428571,0.759493670886076,1.573461802048731
1715,cicids2017_wed_c0,0.18537499999999996,1.6,57,0.6666666666666666,0.9142857142857143,0.7710843373493975,1.646661902788931
1716,cicids2017_wed_c1,0.18490000000000006,-14.500000000000002,41,0.375,0.8181818181818182,0.5142857142857142,1.5115739434746667
1717,cicids2017_wed_c0,0.18442499999999995,10.699999999999998,55,0.717391304347826,0.9428571428571428,0.8148148148148148,1.6627418996179482
1718,cicids2017_tue_c0,0.18395000000000006,10.0,53,0.8,0.9142857142857143,0.8533333333333333,1.6379540374929773
1719,cicids2017_tue_c0,0.18347499999999994,-3.8000000000000016,57,0.75,0.8571428571428571,0.7999999999999999,1.6779717293224894
1720,cicids2017_wed_c0,0.18300000000000005,11.5,52,0.7333333333333333,0.9428571428571428,0.8250000000000001,1.7483907948243238
1721,cicids2017_fri_c0,0.18252500000000005,-2.1999999999999993,56,0.90625,0.8285714285714286,0.8656716417910447,1.7287055605330501
1722,cicids2017_wed_c0,0.18205000000000005,-4.6000000000000005,55,0.6595744680851063,0.8857142857142857,0.7560975609756098,1.6204086856570576
1723,cicids2017_wed_c0,0.18157500000000004,-4.8,53,0.6595744680851063,0.8857142857142857,0.7560975609756098,1.719575752990726
1724,cicids2017_wed_c0,0.18110000000000004,2.4999999999999996,55,0.6808510638297872,0.9142857142857143,0.7804878048780487,1.7301204760615891
1725,cicids2017_wed_c0,0.18062500000000004,6.199999999999999,54,0.66,0.9428571428571428,0.7764705882352942,1.7044566191378834
1726,cicids2017_wed_c1,0.18015000000000003,-5.500000000000002,38,0.45454545454545453,0.9090909090909091,0.6060606060606061,1.7215035708008195
1727,cicids2017_wed_c1,0.17967500000000003,-8.400000000000004,36,0.5,0.8181818181818182,0.6206896551724137,1.6675879322770484
1728,cicids2017_wed_c0,0.17920000000000003,1.5999999999999983,57,0.6666666666666666,0.9142857142857143,0.7710843373493975,1.7337283437713324
1729,cicids2017_tue_c0,0.17872500000000002,12.9,55,0.75,0.9428571428571428,0.8354430379746834,1.6818566615290957
1730,cicids2017_fri_c0,0.17825000000000002,-5.0,56,0.7317073170731707,0.8571428571428571,0.7894736842105263,1.7073346122121695
1731,cicids2017_wed_c1,0.17777500000000002,-13.400000000000006,41,0.391304347826087,0.8181818181818182,0.5294117647058824,1.6646147027550957
1732,cicids2017_wed_c1,0.1773,-17.2,42,0.30303030303030304,0.9090909090909091,0.45454545454545453,1.6817504035320638
1733,cicids2017_wed_c0,0.176825,-16.6,55,0.6444444444444445,0.8285714285714286,0.7250000000000001,1.679870004541404
1734,cicids2017_wed_c1,0.17635,-8.8,44,0.34375,1.0,0.5116279069767442,1.5675575908203727
1735,cicids2017_wed_c1,0.175875,-7.100000000000003,44,0.4166666666666667,0.9090909090909091,0.5714285714285715,1.6665658803932961
1736,cicids2017_wed_c1,0.1754,-11.500000000000004,44,0.35714285714285715,0.9090909090909091,0.5128205128205129,1.7301699288527246
1737,cicids2017_wed_c0,0.174925,-18.5,58,0.6170212765957447,0.8285714285714286,0.7073170731707318,1.668599078532575
1738,cicids2017_fri_c0,0.17445,23.60000000000001,58,0.8292682926829268,0.9714285714285714,0.8947368421052632,1.6031731510511134
1739,cicids2017_fri_c0,0.173975,-5.600000000000003,55,0.8285714285714286,0.8285714285714286,0.8285714285714286,1.6130162002154758
1740,cicids2017_fri_c0,0.1735,3.1999999999999975,56,0.775,0.8857142857142857,0.8266666666666667,1.6112009527484983
1741,cicids2017_tue_c0,0.17302499999999998,-1.2000000000000015,56,0.7045454545454546,0.8857142857142857,0.7848101265822784,1.6488949388378593
1742,cicids2017_wed_c0,0.1725500000000001,-1.8000000000000003,56,0.6274509803921569,0.9142857142857143,0.7441860465116279,1.627964964683077
1743,cicids2017_tue_c0,0.17207499999999998,1.699999999999998,58,0.6666666666666666,0.9142857142857143,0.7710843373493975,1.6973966077014373
1744,cicids2017_fri_c0,0.17160000000000009,-3.8000000000000007,57,0.75,0.8571428571428571,0.7999999999999999,1.5325180065477617
1745,cicids2017_fri_c0,0.17112499999999997,-2.600000000000004,58,0.7692307692307693,0.8571428571428571,0.8108108108108107,1.6457200811273742
1746,cicids2017_wed_c1,0.17065000000000008,-7.500000000000002,40,0.4166666666666667,0.9090909090909091,0.5714285714285715,1.7054996319684368
1747,cicids2017_wed_c1,0.17017499999999997,-19.0,46,0.2857142857142857,0.9090909090909091,0.43478260869565216,1.6065109996609415
1748,cicids2017_tue_c0,0.16970000000000007,4.699999999999999,55,0.7111111111111111,0.9142857142857143,0.8,1.7116445301935972
1749,cicids2017_wed_c1,0.16922499999999996,-7.100000000000001,39,0.36666666666666664,1.0,0.5365853658536585,1.6174109825878271
1750,cicids2017_wed_c0,0.16875000000000007,16.299999999999997,51,0.723404255319149,0.9714285714285714,0.8292682926829269,1.6438420821418815
1751,cicids2017_wed_c1,0.16827500000000006,3.7999999999999936,38,0.55,1.0,0.7096774193548387,1.6652848701618712
1752,cicids2017_wed_c1,0.16780000000000006,-4.100000000000001,36,0.4074074074074074,1.0,0.5789473684210525,1.7316808965773618
1753,cicids2017_wed_c0,0.16732500000000006,14.3,53,0.6938775510204082,0.9714285714285714,0.8095238095238094,1.6675267910938665
1754,cicids2017_tue_c0,0.16685000000000005,3.8999999999999986,58,0.6956521739130435,0.9142857142857143,0.7901234567901234,1.622469230612285
1755,cicids2017_wed_c0,0.16637500000000005,2.0,56,0.6111111111111112,0.9428571428571428,0.7415730337078652,1.6313509591229085
1756,cicids2017_tue_c0,0.16590000000000005,-7.500000000000002,53,0.6976744186046512,0.8571428571428571,0.7692307692307693,1.6175724886552452
1757,cicids2017_tue_c0,0.16542500000000004,-1.6000000000000014,52,0.7045454545454546,0.8857142857142857,0.7848101265822784,1.5970709157638308
1758,cicids2017_wed_c0,0.16495000000000004,20.2,52,0.7,1.0,0.8235294117647058,1.6272464340951274
1759,cicids2017_wed_c0,0.16447500000000004,7.399999999999999,55,0.673469387755102,0.9428571428571428,0.7857142857142857,1.739279995350019
1760,cicids2017_wed_c0,0.16400000000000003,-7.700000000000001,51,0.6976744186046512,0.8571428571428571,0.7692307692307693,1.5984399744625124
1761,cicids2017_tue_c0,0.16352500000000014,10.600000000000001,54,0.717391304347826,0.9428571428571428,0.8148148148148148,1.6618445621660882
1762,cicids2017_tue_c0,0.16305000000000003,17.9,56,0.7391304347826086,0.9714285714285714,0.8395061728395062,1.6210708658518589
1763,cicids2017_fri_c0,0.16257500000000014,6.1,58,0.7272727272727273,0.9142857142857143,0.810126582278481,1.6118433560682093
1764,cicids2017_wed_c0,0.16210000000000002,13.499999999999996,56,0.68,0.9714285714285714,0.8,1.6405826918542226
1765,cicids2017_wed_c0,0.16162500000000013,1.3999999999999995,55,0.6666666666666666,0.9142857142857143,0.7710843373493975,1.6666325843600232
1766,cicids2017_wed_c1,0.16115000000000002,-1.799999999999999,37,0.44,1.0,0.6111111111111112,1.7292034105574634
1767,cicids2017_wed_c0,0.16067500000000012,-0.6000000000000005,57,0.64,0.9142857142857143,0.7529411764705883,1.657708687911412
1768,cicids2017_tue_c0,0.1602,-3.099999999999999,53,0.7692307692307693,0.8571428571428571,0.8108108108108107,1.6818642143459284
1769,cicids2017_fri_c0,0.15972500000000012,2.3999999999999986,59,0.7560975609756098,0.8857142857142857,0.8157894736842105,1.6684171078069345
1770,cicids2017_fri_c0,0.15925,2.1999999999999993,57,0.7560975609756098,0.8857142857142857,0.8157894736842105,1.6218032057127696
1771,cicids2017_tue_c0,0.1587750000000001,15.6,55,0.7083333333333334,0.9714285714285714,0.8192771084337349,1.6713163184407303
1772,cicids2017_tue_c0,0.1583,-12.4,53,0.7073170731707317,0.8285714285714286,0.7631578947368421,1.6145858561487592
1773,cicids2017_tue_c0,0.1578250000000001,11.299999999999997,56,0.6538461538461539,0.9714285714285714,0.7816091954022988,1.6462407648135162
1774,cicids2017_tue_c0,0.15735,9.599999999999998,55,0.7021276595744681,0.9428571428571428,0.8048780487804879,1.5818139085550775
1775,cicids2017_wed_c1,0.1568750000000001,-10.000000000000002,43,0.3333333333333333,1.0,0.5,1.6352498195452199
1776,cicids2017_fri_c0,0.15639999999999998,13.2,58,0.75,0.9428571428571428,0.8354430379746834,1.5142018706899874
1777,cicids2017_tue_c0,0.1559250000000001,-18.400000000000002,59,0.6170212765957447,0.8285714285714286,0.7073170731707318,1.5965043005572703
1778,cicids2017_fri_c0,0.15544999999999998,5.4999999999999964,57,0.8157894736842105,0.8857142857142857,0.8493150684931505,1.5046508087876689
1779,cicids2017_tue_c0,0.15497500000000008,-5.400000000000002,58,0.6458333333333334,0.8857142857142857,0.7469879518072288,1.6617820167691095
1780,cicids2017_wed_c0,0.15450000000000008,-3.8,58,0.6037735849056604,0.9142857142857143,0.7272727272727272,1.6504696912888983
1781,cicids2017_fri_c0,0.15402500000000008,-32.2,57,0.65,0.7428571428571429,0.6933333333333334,1.6158010047581155
1782,cicids2017_tue_c0,0.15355000000000008,8.599999999999998,56,0.6875,0.9428571428571428,0.7951807228915663,1.6745260671966533
1783,cicids2017_fri_c0,0.15307500000000007,9.299999999999995,57,0.7804878048780488,0.9142857142857143,0.8421052631578947,1.6052369379576061
1784,cicids2017_wed_c1,0.15260000000000007,-4.799999999999999,40,0.39285714285714285,1.0,0.5641025641025641,1.5226249191086088
1785,cicids2017_wed_c0,0.15212500000000007,-5.700000000000001,55,0.6458333333333334,0.8857142857142857,0.7469879518072288,1.7058652199478415
1786,cicids2017_fri_c0,0.15165000000000006,13.699999999999998,57,0.8648648648648649,0.9142857142857143,0.888888888888889,1.6501244417145076
1787,cicids2017_fri_c0,0.15117500000000006,1.299999999999999,59,0.7380952380952381,0.8857142857142857,0.8051948051948051,1.6386991613769077
1788,cicids2017_fri_c0,0.15070000000000006,17.6,58,0.825,0.9428571428571428,0.88,1.588876570793898
1789,cicids2017_tue_c0,0.15022500000000005,-19.5,53,0.6829268292682927,0.8,0.736842105263158,1.558745760059173
1790,cicids2017_wed_c1,0.14975000000000005,-8.600000000000003,34,0.5,0.8181818181818182,0.6206896551724137,1.5558029425666497
1791,cicids2017_wed_c0,0.14927500000000005,8.599999999999998,56,0.6875,0.9428571428571428,0.7951807228915663,1.6276585661126066
1792,cicids2017_wed_c1,0.14880000000000004,-17.5,39,0.30303030303030304,0.9090909090909091,0.45454545454545453,1.5868454208491687
1793,cicids2017_tue_c0,0.14832500000000004,15.600000000000005,55,0.7083333333333334,0.9714285714285714,0.8192771084337349,1.6110117584027062
1794,cicids2017_tue_c0,0.14785000000000004,-6.800000000000001,55,0.6326530612244898,0.8857142857142857,0.7380952380952381,1.5976112669322897
1795,cicids2017_tue_c0,0.14737500000000003,-4.5,56,0.6595744680851063,0.8857142857142857,0.7560975609756098,1.661473919827954
1796,cicids2017_fri_c0,0.14690000000000003,4.599999999999996,59,0.7948717948717948,0.8857142857142857,0.8378378378378378,1.6081795376356633
1797,cicids2017_wed_c1,0.14642500000000003,-5.100000000000002,42,0.45454545454545453,0.9090909090909091,0.6060606060606061,1.494582718876784
1798,cicids2017_fri_c0,0.14595000000000002,3.000000000000001,54,0.775,0.8857142857142857,0.8266666666666667,1.5463174697116846
1799,cicids2017_tue_c0,0.14547500000000002,-2.6645352591003757e-15,57,0.7209302325581395,0.8857142857142857,0.7948717948717948,1.6940508577644704
1800,cicids2017_wed_c0,0.14500000000000002,12.299999999999999,55,0.6666666666666666,0.9714285714285714,0.7906976744186046,1.5612823315219115
1801,cicids2017_fri_c0,0.14452500000000013,9.299999999999999,57,0.7804878048780488,0.9142857142857143,0.8421052631578947,1.5788196201512115
1802,cicids2017_tue_c0,0.14405,15.600000000000001,55,0.7083333333333334,0.9714285714285714,0.8192771084337349,1.60935122231002
1803,cicids2017_tue_c0,0.14357500000000012,18.8,54,0.7555555555555555,0.9714285714285714,0.85,1.6843056808675934
1804,cicids2017_tue_c0,0.1431,4.899999999999999,57,0.7111111111111111,0.9142857142857143,0.8,1.729321256719205
1805,cicids2017_fri_c0,0.1426250000000001,1.5,55,0.8571428571428571,0.8571428571428571,0.8571428571428571,1.6918180332360944
1806,cicids2017_fri_c0,0.14215,-15.700000000000001,58,0.7368421052631579,0.8,0.7671232876712328,1.5710823580524413
1807,cicids2017_fri_c0,0.1416750000000001,22.399999999999995,57,0.8095238095238095,0.9714285714285714,0.8831168831168832,1.5915640015589687
1808,cicids2017_tue_c0,0.1412,12.999999999999996,50,0.8648648648648649,0.9142857142857143,0.888888888888889,1.6488917054121484
1809,cicids2017_fri_c0,0.1407250000000001,9.2,56,0.7804878048780488,0.9142857142857143,0.8421052631578947,1.6071200048247554
1810,cicids2017_wed_c1,0.14024999999999999,-5.0000000000000036,38,0.39285714285714285,1.0,0.5641025641025641,1.6102970041619153
1811,cicids2017_fri_c0,0.1397750000000001,23.400000000000006,56,0.8292682926829268,0.9714285714285714,0.8947368421052632,1.6670650224616783
1812,cicids2017_wed_c0,0.13929999999999998,5.1,54,0.6470588235294118,0.9428571428571428,0.7674418604651163,1.6349107695554654
1813,cicids2017_wed_c0,0.1388250000000001,-4.700000000000001,54,0.6595744680851063,0.8857142857142857,0.7560975609756098,1.5877371226228478
1814,cicids2017_tue_c0,0.13834999999999997,-14.300000000000002,56,0.6744186046511628,0.8285714285714286,0.7435897435897435,1.6444491189050006
1815,cicids2017_wed_c1,0.13787500000000008,-15.100000000000003,40,0.4444444444444444,0.7272727272727273,0.5517241379310345,1.6094940077633422
1816,cicids2017_fri_c0,0.13739999999999997,0.49999999999999867,56,0.8333333333333334,0.8571428571428571,0.8450704225352113,1.5649811773607156
1817,cicids2017_fri_c0,0.13692500000000007,2.1999999999999984,57,0.7560975609756098,0.8857142857142857,0.8157894736842105,1.6316032499131932
1818,cicids2017_tue_c0,0.13644999999999996,-32.099999999999994,58,0.65,0.7428571428571429,0.6933333333333334,1.6393198279831886
1819,cicids2017_fri_c0,0.13597500000000007,11.699999999999998,59,0.8205128205128205,0.9142857142857143,0.8648648648648648,1.6961863989413353
1820,cicids2017_tue_c0,0.13550000000000006,18.700000000000003,53,0.7555555555555555,0.9714285714285714,0.85,1.5721058773001657
1821,cicids2017_tue_c0,0.13502500000000006,-2.199999999999999,57,0.6888888888888889,0.8857142857142857,0.775,1.655377307765684
1822,cicids2017_wed_c1,0.13455000000000006,-6.900000000000002,41,0.36666666666666664,1.0,0.5365853658536585,1.6550236633243598
1823,cicids2017_tue_c0,0.13407500000000006,5.399999999999999,51,0.7272727272727273,0.9142857142857143,0.810126582278481,1.5666572641653127
1824,cicids2017_wed_c1,0.13360000000000005,-9.600000000000001,41,0.38461538461538464,0.9090909090909091,0.5405405405405405,1.6330033414494503
1825,cicids2017_wed_c1,0.13312500000000005,-6.9,35,0.43478260869565216,0.9090909090909091,0.5882352941176471,1.7083717850227076
1826,cicids2017_wed_c1,0.13265000000000005,-14.400000000000002,42,0.375,0.8181818181818182,0.5142857142857142,1.6376653466287656
1827,cicids2017_fri_c0,0.13217500000000004,-1.700000000000001,56,0.7894736842105263,0.8571428571428571,0.8219178082191781,1.6099310619236715
1828,cicids2017_wed_c1,0.13170000000000004,-21.3,39,0.3,0.8181818181818182,0.43902439024390244,1.6213965876607648
1829,cicids2017_wed_c0,0.13122500000000004,15.399999999999999,53,0.7083333333333334,0.9714285714285714,0.8192771084337349,1.5203267682265422
1830,cicids2017_wed_c1,0.13075000000000003,-1.8000000000000007,37,0.44,1.0,0.6111111111111112,1.6592909284451183
1831,cicids2017_tue_c0,0.13027500000000003,2.500000000000001,55,0.6808510638297872,0.9142857142857143,0.7804878048780487,1.618808210187996
1832,cicids2017_wed_c1,0.12980000000000003,-9.300000000000002,44,0.38461538461538464,0.9090909090909091,0.5405405405405405,1.5829511806863588
1833,cicids2017_wed_c0,0.12932500000000002,-10.700000000000001,54,0.6521739130434783,0.8571428571428571,0.7407407407407407,1.5297645360862706
1834,cicids2017_fri_c0,0.12885000000000002,2.1999999999999957,57,0.7560975609756098,0.8857142857142857,0.8157894736842105,1.7316430132829412
1835,cicids2017_tue_c0,0.12837500000000002,10.700000000000001,55,0.717391304347826,0.9428571428571428,0.8148148148148148,1.5720213820082816
1836,cicids2017_fri_c0,0.1279,14.199999999999996,57,0.7674418604651163,0.9428571428571428,0.8461538461538461,1.572562291254168
1837,cicids2017_wed_c1,0.127425,-4.0000000000000036,37,0.4074074074074074,1.0,0.5789473684210525,1.6286204778904356
1838,cicids2017_tue_c0,0.12695,2.699999999999999,57,0.6808510638297872,0.9142857142857143,0.7804878048780487,1.6043495483363666
1839,cicids2017_fri_c0,0.126475,31.3,53,0.875,1.0,0.9333333333333333,1.6269937628905975
1840,cicids2017_wed_c0,0.126,10.1,55,0.6415094339622641,0.9714285714285714,0.7727272727272727,1.5942676777913605
1841,cicids2017_tue_c0,0.1255250000000001,16.900000000000006,57,0.723404255319149,0.9714285714285714,0.8292682926829269,1.6036561271408463
1842,cicids2017_fri_c0,0.12505,9.199999999999998,56,0.7804878048780488,0.9142857142857143,0.8421052631578947,1.611787303653585
1843,cicids2017_wed_c1,0.1245750000000001,-2.9,37,0.4230769230769231,1.0,0.5945945945945945,1.5873538252996058
1844,cicids2017_wed_c1,0.12409999999999999,-16.400000000000002,44,0.34615384615384615,0.8181818181818182,0.4864864864864865,1.6379753846518506
1845,cicids2017_wed_c0,0.1236250000000001,3.3000000000000003,52,0.6956521739130435,0.9142857142857143,0.7901234567901234,1.6482388427433052
1846,cicids2017_wed_c0,0.12314999999999998,-8.8,57,0.6078431372549019,0.8857142857142857,0.7209302325581395,1.5874782455846452
1847,cicids2017_tue_c0,0.12267500000000009,8.599999999999998,56,0.6875,0.9428571428571428,0.7951807228915663,1.6434574718460364
1848,cicids2017_wed_c0,0.12219999999999998,-1.6999999999999997,57,0.6274509803921569,0.9142857142857143,0.7441860465116279,1.4765301034047609
1849,cicids2017_wed_c0,0.12172500000000008,-1.3,55,0.7045454545454546,0.8857142857142857,0.7848101265822784,1.6549065639285854
1850,cicids2017_fri_c0,0.12124999999999997,-2.3999999999999995,55,0.6888888888888889,0.8857142857142857,0.775,1.613419105478045
1851,cicids2017_fri_c0,0.12077500000000008,14.099999999999998,56,0.7674418604651163,0.9428571428571428,0.8461538461538461,1.6331624763841366
1852,cicids2017_tue_c0,0.12029999999999996,-7.900000000000006,54,0.7837837837837838,0.8285714285714286,0.8055555555555555,1.5953371493031046
1853,cicids2017_tue_c0,0.11982500000000007,0.4999999999999982,57,0.6530612244897959,0.9142857142857143,0.7619047619047618,1.516633718685195
1854,cicids2017_fri_c0,0.11934999999999996,13.099999999999994,57,0.75,0.9428571428571428,0.8354430379746834,1.5788488281338646
1855,cicids2017_fri_c0,0.11887500000000006,15.300000000000004,57,0.7857142857142857,0.9428571428571428,0.8571428571428571,1.5531199600755683
1856,cicids2017_wed_c1,0.11839999999999995,-19.799999999999997,43,0.3103448275862069,0.8181818181818182,0.45000000000000007,1.5608059601603415
1857,cicids2017_tue_c0,0.11792500000000006,9.799999999999999,57,0.7021276595744681,0.9428571428571428,0.8048780487804879,1.5044834931198148
1858,cicids2017_wed_c0,0.11744999999999994,-4.700000000000001,54,0.6595744680851063,0.8857142857142857,0.7560975609756098,1.594753694480453
1859,cicids2017_wed_c0,0.11697500000000005,2.1999999999999993,58,0.6111111111111112,0.9428571428571428,0.7415730337078652,1.4753827775681956
1860,cicids2017_wed_c0,0.11650000000000005,8.299999999999999,53,0.6875,0.9428571428571428,0.7951807228915663,1.56958918382428
1861,cicids2017_wed_c0,0.11602500000000004,18.200000000000003,54,0.6730769230769231,1.0,0.8045977011494253,1.5488941025966956
1862,cicids2017_tue_c0,0.11555000000000004,17.7,54,0.7391304347826086,0.9714285714285714,0.8395061728395062,1.5178195098036316
1863,cicids2017_wed_c1,0.11507500000000004,2.299999999999997,34,0.5238095238095238,1.0,0.6875000000000001,1.5766662050801554
1864,cicids2017_tue_c0,0.11460000000000004,19.7,58,0.6862745098039216,1.0,0.813953488372093,1.4989479927543976
1865,cicids2017_wed_c1,0.11412500000000003,-11.700000000000001,36,0.42857142857142855,0.8181818181818182,0.5625,1.510366244322755
1866,cicids2017_tue_c0,0.11365000000000003,-17.4,58,0.6304347826086957,0.8285714285714286,0.7160493827160495,1.584711478891592
1867,cicids2017_fri_c0,0.11317500000000003,16.999999999999996,58,0.723404255319149,0.9714285714285714,0.8292682926829269,1.6299905544028583
1868,cicids2017_wed_c1,0.11270000000000002,0.19999999999999787,46,0.4583333333333333,1.0,0.6285714285714286,1.620735642904351
1869,cicids2017_fri_c0,0.11222500000000002,14.399999999999999,59,0.7674418604651163,0.9428571428571428,0.8461538461538461,1.5779859397395322
1870,cicids2017_wed_c1,0.11175000000000002,-4.5000000000000036,43,0.39285714285714285,1.0,0.5641025641025641,1.6003332149719203
1871,cicids2017_fri_c0,0.11127500000000001,18.4,55,0.8461538461538461,0.9428571428571428,0.8918918918918919,1.5853734304833842
1872,cicids2017_fri_c0,0.11080000000000001,10.399999999999995,57,0.8,0.9142857142857143,0.8533333333333333,1.5863219978763579
1873,cicids2017_wed_c0,0.110325,3.1999999999999993,57,0.6226415094339622,0.9428571428571428,0.7500000000000001,1.5181852330867
1874,cicids2017_wed_c1,0.10985,-4.199999999999999,40,0.47619047619047616,0.9090909090909091,0.6249999999999999,1.6478259724416353
1875,cicids2017_tue_c0,0.109375,5.499999999999998,58,0.6470588235294118,0.9428571428571428,0.7674418604651163,1.543832778442671
1876,cicids2017_fri_c0,0.10890000000000011,10.899999999999997,57,0.717391304347826,0.9428571428571428,0.8148148148148148,1.6329440344518293
1877,cicids2017_fri_c0,0.108425,16.8,56,0.723404255319149,0.9714285714285714,0.8292682926829269,1.6491717189455843
1878,cicids2017_wed_c1,0.1079500000000001,-3.600000000000002,41,0.4074074074074074,1.0,0.5789473684210525,1.6766761502584282
1879,cicids2017_wed_c0,0.10747499999999999,18.1,53,0.6730769230769231,1.0,0.8045977011494253,1.7269697212708988
1880,cicids2017_fri_c0,0.1070000000000001,28.60000000000001,59,0.813953488372093,1.0,0.8974358974358974,1.5964546882024733
1881,cicids2017_tue_c0,0.10652500000000009,16.800000000000004,56,0.723404255319149,0.9714285714285714,0.8292682926829269,1.6428427453924084
1882,cicids2017_tue_c0,0.10605000000000009,13.799999999999997,53,0.7674418604651163,0.9428571428571428,0.8461538461538461,1.60096541277036
1883,cicids2017_fri_c0,0.10557500000000009,10.499999999999995,58,0.8,0.9142857142857143,0.8533333333333333,1.556719766760962
1884,cicids2017_wed_c1,0.10510000000000008,-6.199999999999999,37,0.3793103448275862,1.0,0.5499999999999999,1.5922153441913878
1885,cicids2017_wed_c0,0.10462500000000008,20.400000000000006,54,0.7,1.0,0.8235294117647058,1.6604261441469492
1886,cicids2017_fri_c0,0.10415000000000008,20.0,55,0.7727272727272727,0.9714285714285714,0.8607594936708862,1.5151698071301924
1887,cicids2017_wed_c0,0.10367500000000007,13.499999999999996,56,0.68,0.9714285714285714,0.8,1.6325828466843149
1888,cicids2017_tue_c0,0.10320000000000007,9.8,57,0.7021276595744681,0.9428571428571428,0.8048780487804879,1.6151837201035848
1889,cicids2017_fri_c0,0.10272500000000007,-1.7000000000000028,56,0.7894736842105263,0.8571428571428571,0.8219178082191781,1.5841454765168947
1890,cicids2017_tue_c0,0.10225000000000006,5.299999999999999,56,0.6470588235294118,0.9428571428571428,0.7674418604651163,1.71735609972783
1891,cicids2017_fri_c0,0.10177500000000006,15.399999999999999,58,0.7857142857142857,0.9428571428571428,0.8571428571428571,1.6253168502420794
1892,cicids2017_fri_c0,0.10130000000000006,8.299999999999997,58,0.7619047619047619,0.9142857142857143,0.8311688311688312,1.5977531285790931
1893,cicids2017_wed_c1,0.10082500000000005,1.6999999999999984,39,0.5,1.0,0.6666666666666666,1.6064230293673416
1894,cicids2017_wed_c0,0.10035000000000005,-2.8000000000000003,51,0.6888888888888889,0.8857142857142857,0.775,1.4891730039954347
1895,cicids2017_fri_c0,0.09987500000000005,21.4,58,0.7906976744186046,0.9714285714285714,0.8717948717948717,1.5518663417502054
1896,cicids2017_wed_c1,0.09940000000000004,-7.700000000000003,38,0.4166666666666667,0.9090909090909091,0.5714285714285715,1.5821566316298021
1897,cicids2017_wed_c0,0.09892500000000004,-2.8000000000000003,57,0.6153846153846154,0.9142857142857143,0.7356321839080461,1.5372801378281262
1898,cicids2017_wed_c1,0.09845000000000004,-6.200000000000001,37,0.3793103448275862,1.0,0.5499999999999999,1.6637209391970906
1899,cicids2017_wed_c0,0.09797500000000003,5.199999999999999,55,0.6470588235294118,0.9428571428571428,0.7674418604651163,1.593043434841429
1900,cicids2017_tue_c0,0.09750000000000003,11.799999999999999,55,0.7333333333333333,0.9428571428571428,0.8250000000000001,1.5285190001174005
1901,cicids2017_wed_c0,0.09702500000000003,14.100000000000001,57,0.625,1.0,0.7692307692307693,1.554302186345445
1902,cicids2017_wed_c0,0.09655000000000014,22.60000000000001,54,0.7291666666666666,1.0,0.8433734939759037,1.5931368790412495
1903,cicids2017_wed_c0,0.09607500000000002,7.599999999999998,57,0.673469387755102,0.9428571428571428,0.7857142857142857,1.6171230158698895
1904,cicids2017_fri_c0,0.09560000000000013,4.399999999999997,57,0.7948717948717948,0.8857142857142857,0.8378378378378378,1.5340335903672664
1905,cicids2017_tue_c0,0.09512500000000002,10.700000000000001,55,0.717391304347826,0.9428571428571428,0.8148148148148148,1.5489872031676601
1906,cicids2017_fri_c0,0.09465000000000012,21.4,58,0.7906976744186046,0.9714285714285714,0.8717948717948717,1.6870640628891171
1907,cicids2017_tue_c0,0.09417500000000001,9.3,52,0.7021276595744681,0.9428571428571428,0.8048780487804879,1.6277316417239562
1908,cicids2017_fri_c0,0.09370000000000012,-1.700000000000001,56,0.7894736842105263,0.8571428571428571,0.8219178082191781,1.6514207645560641
1909,cicids2017_fri_c0,0.093225,24.5,56,0.85,0.9714285714285714,0.9066666666666667,1.5693353046117022
1910,cicids2017_wed_c1,0.09275000000000011,-2.599999999999999,45,0.5,0.9090909090909091,0.6451612903225806,1.644067569368093
1911,cicids2017_fri_c0,0.092275,19.7,57,0.868421052631579,0.9428571428571428,0.904109589041096,1.5691470305466695
1912,cicids2017_wed_c1,0.0918000000000001,-0.30000000000000426,41,0.4583333333333333,1.0,0.6285714285714286,1.6684184271243854
1913,cicids2017_fri_c0,0.09132499999999999,29.600000000000005,58,0.8333333333333334,1.0,0.9090909090909091,1.637851327051682
1914,cicids2017_wed_c1,0.0908500000000001,-3.2000000000000006,39,0.5,0.9090909090909091,0.6451612903225806,1.635124436453565
1915,cicids2017_tue_c0,0.09037499999999998,9.9,58,0.7021276595744681,0.9428571428571428,0.8048780487804879,1.544511940340517
1916,cicids2017_wed_c0,0.08990000000000009,8.2,58,0.6181818181818182,0.9714285714285714,0.7555555555555554,1.5702500184766934
1917,cicids2017_tue_c0,0.08942499999999998,15.700000000000003,56,0.7083333333333334,0.9714285714285714,0.8192771084337349,1.5759080062360358
1918,cicids2017_tue_c0,0.08895000000000008,2.4999999999999987,55,0.6808510638297872,0.9142857142857143,0.7804878048780487,1.643116806192086
1919,cicids2017_tue_c0,0.08847499999999997,14.799999999999997,58,0.6938775510204082,0.9714285714285714,0.8095238095238094,1.5654362878211483
1920,cicids2017_wed_c0,0.08800000000000008,2.5,55,0.6808510638297872,0.9142857142857143,0.7804878048780487,1.5375868030997724
1921,cicids2017_tue_c0,0.08752500000000007,1.3999999999999986,55,0.6666666666666666,0.9142857142857143,0.7710843373493975,1.64391275548428
1922,cicids2017_wed_c0,0.08705000000000007,11.500000000000002,58,0.6538461538461539,0.9714285714285714,0.7816091954022988,1.6048408645602372
1923,cicids2017_wed_c1,0.08657500000000007,-0.4000000000000049,40,0.4583333333333333,1.0,0.6285714285714286,1.5911514189597034
1924,cicids2017_tue_c0,0.08610000000000007,-28.6,55,0.627906976744186,0.7714285714285715,0.6923076923076923,1.5900524562944778
1925,cicids2017_tue_c0,0.08562500000000006,9.7,56,0.7021276595744681,0.9428571428571428,0.8048780487804879,1.5952804148782083
1926,cicids2017_fri_c0,0.08515000000000006,13.699999999999996,57,0.8648648648648649,0.9142857142857143,0.888888888888889,1.6825484100751964
1927,cicids2017_tue_c0,0.08467500000000006,10.399999999999999,52,0.717391304347826,0.9428571428571428,0.8148148148148148,1.5907523626718703
1928,cicids2017_fri_c0,0.08420000000000005,24.700000000000003,58,0.85,0.9714285714285714,0.9066666666666667,1.4753353788823567
1929,cicids2017_fri_c0,0.08372500000000005,-17.6,55,0.8181818181818182,0.7714285714285715,0.7941176470588236,1.4667533137547368
1930,cicids2017_wed_c1,0.08325000000000005,-7.7,38,0.4166666666666667,0.9090909090909091,0.5714285714285715,1.6062425291070102
1931,cicids2017_fri_c0,0.08277500000000004,25.200000000000003,58,0.7608695652173914,1.0,0.8641975308641976,1.4399321527280755
1932,cicids2017_tue_c0,0.08230000000000004,-3.5999999999999996,54,0.6739130434782609,0.8857142857142857,0.7654320987654321,1.54111616158531
1933,cicids2017_wed_c1,0.08182500000000004,-2.399999999999998,41,0.6923076923076923,0.8181818181818182,0.7500000000000001,1.5659036981021477
1934,cicids2017_wed_c1,0.08135000000000003,-18.5,45,0.32142857142857145,0.8181818181818182,0.46153846153846156,1.5537064289146072
1935,cicids2017_fri_c0,0.08087500000000003,26.300000000000004,58,0.7777777777777778,1.0,0.8750000000000001,1.6245327759770416
1936,cicids2017_fri_c0,0.08040000000000003,26.2,57,0.7777777777777778,1.0,0.8750000000000001,1.7047924485765042
1937,cicids2017_tue_c0,0.07992500000000002,11.499999999999998,58,0.6538461538461539,0.9714285714285714,0.7816091954022988,1.712875523039057
1938,cicids2017_wed_c0,0.07945000000000002,7.399999999999999,55,0.673469387755102,0.9428571428571428,0.7857142857142857,1.6202221580396388
1939,cicids2017_wed_c1,0.07897500000000002,1.4999999999999973,37,0.5,1.0,0.6666666666666666,1.5715317170364778
1940,cicids2017_fri_c0,0.07850000000000001,10.699999999999998,55,0.717391304347826,0.9428571428571428,0.8148148148148148,1.612839321478341
1941,cicids2017_fri_c0,0.07802500000000001,0.6999999999999975,58,0.8333333333333334,0.8571428571428571,0.8450704225352113,1.6289917863315897
1942,cicids2017_tue_c0,0.07755000000000012,23.600000000000005,53,0.7446808510638298,1.0,0.8536585365853657,1.614991515758973
1943,cicids2017_wed_c1,0.077075,-13.000000000000002,40,0.3448275862068966,0.9090909090909091,0.5000000000000001,1.709558255970419
1944,cicids2017_fri_c0,0.07660000000000011,15.300000000000004,57,0.7857142857142857,0.9428571428571428,0.8571428571428571,1.5804873333030482
1945,cicids2017_tue_c0,0.076125,20.000000000000007,55,0.7727272727272727,0.9714285714285714,0.8607594936708862,1.623636665241137
1946,cicids2017_fri_c0,0.0756500000000001,15.899999999999999,58,0.7083333333333334,0.9714285714285714,0.8192771084337349,1.536209842380854
1947,cicids2017_fri_c0,0.07517499999999999,-1.7000000000000028,56,0.7894736842105263,0.8571428571428571,0.8219178082191781,1.5871218554686028
1948,cicids2017_wed_c1,0.0747000000000001,-14.500000000000002,35,0.47058823529411764,0.7272727272727273,0.5714285714285714,1.578230186138404
1949,cicids2017_fri_c0,0.07422499999999999,-8.700000000000001,57,0.7631578947368421,0.8285714285714286,0.7945205479452055,1.6052103630838779
1950,cicids2017_tue_c0,0.0737500000000001,21.500000000000007,54,0.7142857142857143,1.0,0.8333333333333333,1.5357754659664564
1951,cicids2017_wed_c1,0.07327499999999998,-1.400000000000001,41,0.44,1.0,0.6111111111111112,1.5909848895814516
1952,cicids2017_wed_c0,0.07280000000000009,8.1,57,0.6181818181818182,0.9714285714285714,0.7555555555555554,1.5312740664027358
1953,cicids2017_fri_c0,0.07232499999999997,13.599999999999994,56,0.8648648648648649,0.9142857142857143,0.888888888888889,1.6409690456641215
1954,cicids2017_tue_c0,0.07185000000000008,2.3999999999999986,54,0.6808510638297872,0.9142857142857143,0.7804878048780487,1.6186597793917665
1955,cicids2017_wed_c1,0.07137499999999997,-6.500000000000002,39,0.43478260869565216,0.9090909090909091,0.5882352941176471,1.576098949370204
1956,cicids2017_tue_c0,0.07090000000000007,15.700000000000006,56,0.7083333333333334,0.9714285714285714,0.8192771084337349,1.5793394523233424
1957,cicids2017_wed_c0,0.07042499999999996,-2.9000000000000004,56,0.6153846153846154,0.9142857142857143,0.7356321839080461,1.5272571058368882
1958,cicids2017_wed_c0,0.06995000000000007,18.300000000000004,55,0.6730769230769231,1.0,0.8045977011494253,1.608988565108199
1959,cicids2017_wed_c0,0.06947499999999995,20.1,51,0.7,1.0,0.8235294117647058,1.718890715110422
1960,cicids2017_fri_c0,0.06900000000000006,9.299999999999997,57,0.7804878048780488,0.9142857142857143,0.8421052631578947,1.5249239573095155
1961,cicids2017_wed_c1,0.06852500000000006,-7.800000000000001,43,0.3548387096774194,1.0,0.5238095238095238,1.7801314981488325
1962,cicids2017_wed_c1,0.06805000000000005,-4.8000000000000025,40,0.39285714285714285,1.0,0.5641025641025641,1.6006969883875417
1963,cicids2017_fri_c0,0.06757500000000005,23.500000000000007,57,0.8292682926829268,0.9714285714285714,0.8947368421052632,1.6263125620227281
1964,cicids2017_wed_c1,0.06710000000000005,-3.9000000000000017,38,0.4074074074074074,1.0,0.5789473684210525,1.5604201591672346
1965,cicids2017_wed_c1,0.06662500000000005,-14.000000000000002,35,0.391304347826087,0.8181818181818182,0.5294117647058824,1.6030196916192374
1966,cicids2017_wed_c0,0.06615000000000004,17.2,55,0.660377358490566,1.0,0.7954545454545454,1.7108133121661584
1967,cicids2017_tue_c0,0.06567500000000004,23.5,52,0.7446808510638298,1.0,0.8536585365853657,1.6568317063432947
1968,cicids2017_tue_c0,0.06520000000000004,19.400000000000006,55,0.6862745098039216,1.0,0.813953488372093,1.6046619972582035
1969,cicids2017_wed_c1,0.06472500000000003,-6.700000000000001,43,0.36666666666666664,1.0,0.5365853658536585,1.494704337767657
1970,cicids2017_fri_c0,0.06425000000000003,17.199999999999996,54,0.825,0.9428571428571428,0.88,1.5434801896474357
1971,cicids2017_wed_c1,0.06377500000000003,-0.9000000000000017,35,0.4583333333333333,1.0,0.6285714285714286,1.5482280197471896
1972,cicids2017_wed_c1,0.06330000000000002,-7.900000000000001,42,0.3548387096774194,1.0,0.5238095238095238,1.5547559153269297
1973,cicids2017_wed_c0,0.06282500000000002,2.5000000000000004,55,0.6808510638297872,0.9142857142857143,0.7804878048780487,1.5062390830409078
1974,cicids2017_tue_c0,0.062350000000000017,18.4,50,0.7555555555555555,0.9714285714285714,0.85,1.5798077834660782
1975,cicids2017_wed_c0,0.06187500000000001,8.1,57,0.6181818181818182,0.9714285714285714,0.7555555555555554,1.4659497187303991
1976,cicids2017_fri_c0,0.06140000000000001,12.399999999999997,55,0.8421052631578947,0.9142857142857143,0.8767123287671234,1.5028618018206792
1977,cicids2017_wed_c1,0.06092500000000001,-14.200000000000003,44,0.375,0.8181818181818182,0.5142857142857142,1.7154704977189466
1978,cicids2017_tue_c0,0.060450000000000004,17.400000000000006,51,0.7391304347826086,0.9714285714285714,0.8395061728395062,1.5741725440835717
1979,cicids2017_fri_c0,0.059975,6.100000000000001,58,0.7272727272727273,0.9142857142857143,0.810126582278481,1.5311351675224456
1980,cicids2017_wed_c1,0.0595,-1.8000000000000012,37,0.44,1.0,0.6111111111111112,1.6177665937814194
1981,cicids2017_wed_c0,0.059024999999999994,11.2,55,0.6538461538461539,0.9714285714285714,0.7816091954022988,1.6180322285643405
1982,cicids2017_wed_c0,0.0585500000000001,11.399999999999999,57,0.6538461538461539,0.9714285714285714,0.7816091954022988,1.5408236512867488
1983,cicids2017_fri_c0,0.05807499999999999,6.099999999999998,58,0.7272727272727273,0.9142857142857143,0.810126582278481,1.603489823072701
1984,cicids2017_wed_c1,0.057600000000000096,-3.4000000000000012,32,0.4230769230769231,1.0,0.5945945945945945,1.745139883608242
1985,cicids2017_wed_c0,0.05712499999999998,13.499999999999998,56,0.68,0.9714285714285714,0.8,1.5115207549663192
1986,cicids2017_wed_c1,0.05665000000000009,-6.4,35,0.3793103448275862,1.0,0.5499999999999999,1.5763453489885701
1987,cicids2017_wed_c1,0.056174999999999975,-3.6,41,0.4074074074074074,1.0,0.5789473684210525,1.4940026122360701
1988,cicids2017_fri_c0,0.05570000000000008,29.6,58,0.8333333333333334,1.0,0.9090909090909091,1.6514860853504552
1989,cicids2017_fri_c0,0.05522499999999997,18.5,56,0.8461538461538461,0.9428571428571428,0.8918918918918919,1.573495309868137
1990,cicids2017_wed_c1,0.054750000000000076,2.8999999999999955,40,0.5238095238095238,1.0,0.6875000000000001,1.4828064743564469
1991,cicids2017_wed_c0,0.05427499999999996,17.500000000000007,58,0.660377358490566,1.0,0.7954545454545454,1.5997896279476478
1992,cicids2017_tue_c0,0.05380000000000007,14.5,55,0.6938775510204082,0.9714285714285714,0.8095238095238094,1.5588038732912504
1993,cicids2017_tue_c0,0.053324999999999956,17.0,52,0.825,0.9428571428571428,0.88,1.5888062551246698
1994,cicids2017_wed_c0,0.052850000000000064,4.399999999999999,58,0.6346153846153846,0.9428571428571428,0.7586206896551724,1.600565943648471
1995,cicids2017_wed_c1,0.05237499999999995,-12.3,42,0.3142857142857143,1.0,0.4782608695652174,1.6370466060939368
1996,cicids2017_fri_c0,0.05190000000000006,4.499999999999998,58,0.7948717948717948,0.8857142857142857,0.8378378378378378,1.6347540888424066
1997,cicids2017_wed_c0,0.05142499999999994,11.300000000000002,56,0.6538461538461539,0.9714285714285714,0.7816091954022988,1.586571319346424
1998,cicids2017_wed_c1,0.05095000000000005,-3.4000000000000004,43,0.4074074074074074,1.0,0.5789473684210525,1.586348074230749
1999,cicids2017_tue_c0,0.05047499999999994,19.500000000000004,56,0.6862745098039216,1.0,0.813953488372093,1.5677326047579128
2000,cicids2017_tue_c0,0.050000000000000044,12.6,52,0.75,0.9428571428571428,0.8354430379746834,1.5051091829200587
2001,cicids2017_wed_c1,0.050000000000000044,-0.40000000000000446,40,0.4583333333333333,1.0,0.6285714285714286,1.5710061882409216
2002,cicids2017_fri_c0,0.050000000000000044,16.4,57,0.8048780487804879,0.9428571428571428,0.868421052631579,1.564015273264402
2003,cicids2017_tue_c0,0.050000000000000044,19.299999999999997,54,0.6862745098039216,1.0,0.813953488372093,1.5134506663214273
2004,cicids2017_tue_c0,0.050000000000000044,13.200000000000001,53,0.68,0.9714285714285714,0.8,1.506120297256492
2005,cicids2017_wed_c1,0.050000000000000044,-10.900000000000002,39,0.37037037037037035,0.9090909090909091,0.5263157894736842,1.4712963161069743
2006,cicids2017_fri_c0,0.050000000000000044,8.300000000000011,58,0.7619047619047619,0.9142857142857143,0.8311688311688312,1.544974908049643
2007,cicids2017_tue_c0,0.050000000000000044,15.799999999999997,57,0.7083333333333334,0.9714285714285714,0.8192771084337349,1.5343830772911686
2008,cicids2017_fri_c0,0.050000000000000044,25.799999999999997,58,0.8717948717948718,0.9714285714285714,0.9189189189189189,1.5914175790556315
2009,cicids2017_wed_c1,0.050000000000000044,-4.700000000000004,41,0.39285714285714285,1.0,0.5641025641025641,1.4432912053009757
2010,cicids2017_wed_c0,0.050000000000000044,21.4,53,0.7142857142857143,1.0,0.8333333333333333,1.5520287462147906
2011,cicids2017_tue_c0,0.050000000000000044,25.900000000000006,54,0.7777777777777778,1.0,0.8750000000000001,1.4973200728054115
2012,cicids2017_tue_c0,0.050000000000000044,20.6,56,0.7,1.0,0.8235294117647058,1.4396024676649877
2013,cicids2017_fri_c0,0.050000000000000044,22.999999999999996,58,0.7291666666666666,1.0,0.8433734939759037,1.4724582561910748
2014,cicids2017_wed_c1,0.050000000000000044,4.899999999999995,38,0.5789473684210527,1.0,0.7333333333333334,1.4519237266132106
2015,cicids2017_wed_c0,0.050000000000000044,4.399999999999999,58,0.6346153846153846,0.9428571428571428,0.7586206896551724,1.5450842502297446
2016,cicids2017_tue_c0,0.050000000000000044,16.500000000000007,59,0.6481481481481481,1.0,0.7865168539325843,1.4815649779825049
2017,cicids2017_tue_c0,0.050000000000000044,15.6,55,0.7083333333333334,0.9714285714285714,0.8192771084337349,1.4322833439836635
2018,cicids2017_wed_c0,0.050000000000000044,9.1,56,0.6296296296296297,0.9714285714285714,0.7640449438202247,1.4835149256661961
2019,cicids2017_wed_c0,0.050000000000000044,11.299999999999999,56,0.6538461538461539,0.9714285714285714,0.7816091954022988,1.5128494803447967
2020,cicids2017_tue_c0,0.050000000000000044,16.800000000000004,56,0.723404255319149,0.9714285714285714,0.8292682926829269,1.522473936924413
2021,cicids2017_tue_c0,0.050000000000000044,17.400000000000002,57,0.660377358490566,1.0,0.7954545454545454,1.6314702974973403
2022,cicids2017_wed_c0,0.050000000000000044,9.2,57,0.6296296296296297,0.9714285714285714,0.7640449438202247,1.5073500767359802
2023,cicids2017_wed_c0,0.050000000000000044,13.200000000000003,53,0.68,0.9714285714285714,0.8,1.4904965830332977
2024,cicids2017_wed_c0,0.050000000000000044,-6.7,56,0.6326530612244898,0.8857142857142857,0.7380952380952381,1.4294010739458223
2025,cicids2017_fri_c0,0.050000000000000044,29.4,56,0.8333333333333334,1.0,0.9090909090909091,1.4558961955528247
2026,cicids2017_tue_c0,0.050000000000000044,26.10000000000001,56,0.7777777777777778,1.0,0.8750000000000001,1.559382569451365
2027,cicids2017_wed_c0,0.050000000000000044,20.200000000000003,52,0.7,1.0,0.8235294117647058,1.4040663476267325
2028,cicids2017_wed_c1,0.050000000000000044,-4.100000000000003,36,0.4074074074074074,1.0,0.5789473684210525,1.4605825935007097
2029,cicids2017_wed_c0,0.050000000000000044,15.300000000000004,52,0.7083333333333334,0.9714285714285714,0.8192771084337349,1.4839676779010265
2030,cicids2017_tue_c0,0.050000000000000044,7.399999999999999,55,0.673469387755102,0.9428571428571428,0.7857142857142857,1.5325874516335931
2031,cicids2017_wed_c0,0.050000000000000044,8.1,57,0.6181818181818182,0.9714285714285714,0.7555555555555554,1.5436213401136087
2032,cicids2017_fri_c0,0.050000000000000044,23.599999999999994,58,0.8292682926829268,0.9714285714285714,0.8947368421052632,1.5026081492789074
2033,cicids2017_fri_c0,0.050000000000000044,30.5,56,0.8536585365853658,1.0,0.9210526315789475,1.4993629293677262
2034,cicids2017_wed_c0,0.050000000000000044,12.3,55,0.6666666666666666,0.9714285714285714,0.7906976744186046,1.590134606252143
2035,cicids2017_wed_c1,0.050000000000000044,-5.500000000000002,38,0.45454545454545453,0.9090909090909091,0.6060606060606061,1.415404206065693
2036,cicids2017_wed_c1,0.050000000000000044,4.799999999999997,37,0.5789473684210527,1.0,0.7333333333333334,1.5312941255629011
2037,cicids2017_wed_c0,0.050000000000000044,18.300000000000004,55,0.6730769230769231,1.0,0.8045977011494253,1.5026790687069862
2038,cicids2017_fri_c0,0.050000000000000044,15.399999999999995,58,0.7857142857142857,0.9428571428571428,0.8571428571428571,1.5044251785431983
2039,cicids2017_wed_c1,0.050000000000000044,-6.799999999999999,36,0.43478260869565216,0.9090909090909091,0.5882352941176471,1.4754983774797994
2040,cicids2017_tue_c0,0.050000000000000044,14.700000000000006,57,0.6938775510204082,0.9714285714285714,0.8095238095238094,1.4923290084135492
2041,cicids2017_tue_c0,0.050000000000000044,10.299999999999999,51,0.717391304347826,0.9428571428571428,0.8148148148148148,1.5457903282565781
2042,cicids2017_wed_c1,0.050000000000000044,1.7000000000000006,44,0.625,0.9090909090909091,0.7407407407407406,1.499806404042915
2043,cicids2017_wed_c0,0.050000000000000044,11.499999999999998,52,0.7333333333333333,0.9428571428571428,0.8250000000000001,1.45942120079367
2044,cicids2017_wed_c0,0.050000000000000044,8.299999999999999,53,0.6875,0.9428571428571428,0.7951807228915663,1.4608833670014978
2045,cicids2017_tue_c0,0.050000000000000044,22.700000000000003,55,0.7291666666666666,1.0,0.8433734939759037,1.5352967102310529
2046,cicids2017_wed_c1,0.050000000000000044,0.4000000000000008,42,0.5882352941176471,0.9090909090909091,0.7142857142857143,1.4132413965381194
2047,cicids2017_tue_c0,0.050000000000000044,24.800000000000004,54,0.7608695652173914,1.0,0.8641975308641976,1.4912102944276973
2048,cicids2017_wed_c0,0.050000000000000044,7.499999999999998,56,0.673469387755102,0.9428571428571428,0.7857142857142857,1.4944447663255047
2049,cicids2017_wed_c1,0.050000000000000044,-12.700000000000001,37,0.4090909090909091,0.8181818181818182,0.5454545454545455,1.5950976289793435
2050,cicids2017_wed_c0,0.050000000000000044,1.1999999999999993,53,0.6666666666666666,0.9142857142857143,0.7710843373493975,1.4902549273741226
2051,cicids2017_fri_c0,0.050000000000000044,9.299999999999997,57,0.7804878048780488,0.9142857142857143,0.8421052631578947,1.5562823561011134
2052,cicids2017_tue_c0,0.050000000000000044,17.7,54,0.7391304347826086,0.9714285714285714,0.8395061728395062,1.514903413350738
2053,cicids2017_tue_c0,0.050000000000000044,7.499999999999998,56,0.673469387755102,0.9428571428571428,0.7857142857142857,1.5064793823852933
2054,cicids2017_wed_c1,0.050000000000000044,-4.500000000000002,37,0.47619047619047616,0.9090909090909091,0.6249999999999999,1.393647525863467
2055,cicids2017_wed_c0,0.050000000000000044,9.2,57,0.6296296296296297,0.9714285714285714,0.7640449438202247,1.376526304107718
2056,cicids2017_tue_c0,0.050000000000000044,10.7,55,0.717391304347826,0.9428571428571428,0.8148148148148148,1.480634013376027
2057,cicids2017_wed_c0,0.050000000000000044,19.200000000000003,53,0.6862745098039216,1.0,0.813953488372093,1.5838039903149492
2058,cicids2017_wed_c0,0.050000000000000044,10.299999999999999,57,0.6415094339622641,0.9714285714285714,0.7727272727272727,1.451896151270997
2059,cicids2017_tue_c0,0.050000000000000044,18.10000000000001,52,0.8461538461538461,0.9428571428571428,0.8918918918918919,1.497033547685511
2060,cicids2017_tue_c0,0.050000000000000044,10.299999999999999,57,0.6415094339622641,0.9714285714285714,0.7727272727272727,1.4484434525640595
2061,cicids2017_wed_c1,0.050000000000000044,-11.000000000000004,44,0.3235294117647059,1.0,0.48888888888888893,1.6064542760789045
2062,cicids2017_wed_c0,0.050000000000000044,8.299999999999999,53,0.6875,0.9428571428571428,0.7951807228915663,1.5179832131634687
2063,cicids2017_fri_c0,0.050000000000000044,22.199999999999996,55,0.8095238095238095,0.9714285714285714,0.8831168831168832,1.4625791543322528
2064,cicids2017_wed_c0,0.050000000000000044,9.200000000000001,57,0.6296296296296297,0.9714285714285714,0.7640449438202247,1.4822634385351539
2065,cicids2017_wed_c0,0.050000000000000044,-1.7999999999999998,56,0.6274509803921569,0.9142857142857143,0.7441860465116279,1.4171083306994494
2066,cicids2017_wed_c0,0.050000000000000044,4.1,55,0.6346153846153846,0.9428571428571428,0.7586206896551724,1.4891916826152563
2067,cicids2017_wed_c0,0.050000000000000044,14.500000000000004,55,0.6938775510204082,0.9714285714285714,0.8095238095238094,1.4059462254318795
2068,cicids2017_wed_c1,0.050000000000000044,-11.400000000000006,39,0.42857142857142855,0.8181818181818182,0.5625,1.431432612788118
2069,cicids2017_tue_c0,0.050000000000000044,13.7,58,0.68,0.9714285714285714,0.8,1.4337240489249874
2070,cicids2017_tue_c0,0.050000000000000044,23.700000000000003,54,0.7446808510638298,1.0,0.8536585365853657,1.4691953460204628
2071,cicids2017_fri_c0,0.050000000000000044,3.6999999999999975,56,0.6956521739130435,0.9142857142857143,0.7901234567901234,1.411329657904622
2072,cicids2017_wed_c0,0.050000000000000044,13.200000000000001,53,0.68,0.9714285714285714,0.8,1.5104050221888086
2073,cicids2017_tue_c0,0.050000000000000044,17.500000000000004,58,0.660377358490566,1.0,0.7954545454545454,1.4675079533535411
2074,cicids2017_tue_c0,0.050000000000000044,8.499999999999998,55,0.6875,0.9428571428571428,0.7951807228915663,1.4293550696780624
2075,cicids2017_wed_c0,0.050000000000000044,19.4,55,0.6862745098039216,1.0,0.813953488372093,1.4492462829989448
2076,cicids2017_tue_c0,0.050000000000000044,12.699999999999998,53,0.75,0.9428571428571428,0.8354430379746834,1.452714219638794
2077,cicids2017_tue_c0,0.050000000000000044,17.700000000000006,54,0.7391304347826086,0.9714285714285714,0.8395061728395062,1.4299052164858213
2078,cicids2017_tue_c0,0.050000000000000044,22.60000000000001,54,0.7291666666666666,1.0,0.8433734939759037,1.3446960047201868
2079,cicids2017_tue_c0,0.050000000000000044,24.500000000000007,51,0.7608695652173914,1.0,0.8641975308641976,1.4170218936452692
2080,cicids2017_fri_c0,0.050000000000000044,5.9999999999999964,57,0.7272727272727273,0.9142857142857143,0.810126582278481,1.5174674145673588
2081,cicids2017_wed_c1,0.050000000000000044,-7.100000000000003,39,0.36666666666666664,1.0,0.5365853658536585,1.555636095203702
2082,cicids2017_fri_c0,0.050000000000000044,29.200000000000003,54,0.8333333333333334,1.0,0.9090909090909091,1.4266369210774117
2083,cicids2017_tue_c0,0.050000000000000044,19.10000000000001,57,0.7555555555555555,0.9714285714285714,0.85,1.324944225343068
2084,cicids2017_wed_c0,0.050000000000000044,22.5,53,0.7291666666666666,1.0,0.8433734939759037,1.3866452238006093
2085,cicids2017_fri_c0,0.050000000000000044,30.500000000000004,56,0.8536585365853658,1.0,0.9210526315789475,1.3538385959410337
2086,cicids2017_wed_c0,0.050000000000000044,9.2,57,0.6296296296296297,0.9714285714285714,0.7640449438202247,1.3654815498982278
2087,cicids2017_wed_c0,0.050000000000000044,9.2,57,0.6296296296296297,0.9714285714285714,0.7640449438202247,1.4661163189294373
2088,cicids2017_wed_c0,0.050000000000000044,17.1,54,0.660377358490566,1.0,0.7954545454545454,1.4158449411624883
2089,cicids2017_tue_c0,0.050000000000000044,19.400000000000006,55,0.6862745098039216,1.0,0.813953488372093,1.469215343755291
2090,cicids2017_fri_c0,0.050000000000000044,20.100000000000005,56,0.7727272727272727,0.9714285714285714,0.8607594936708862,1.5217277344676445
2091,cicids2017_wed_c1,0.050000000000000044,-1.5000000000000013,34,0.5555555555555556,0.9090909090909091,0.6896551724137931,1.4385116225560681
2092,cicids2017_tue_c0,0.050000000000000044,-0.8000000000000007,55,0.64,0.9142857142857143,0.7529411764705883,1.5475228848984253
2093,cicids2017_wed_c1,0.050000000000000044,-14.600000000000001,46,0.3225806451612903,0.9090909090909091,0.4761904761904761,1.4672694827308064
2094,cicids2017_fri_c0,0.050000000000000044,30.299999999999997,54,0.8536585365853658,1.0,0.9210526315789475,1.4836690314323147
2095,cicids2017_fri_c0,0.050000000000000044,23.499999999999996,57,0.8292682926829268,0.9714285714285714,0.8947368421052632,1.4626095131197725
2096,cicids2017_wed_c1,0.050000000000000044,-9.2,40,0.34375,1.0,0.5116279069767442,1.4831046006734199
2097,cicids2017_wed_c1,0.050000000000000044,-6.300000000000004,47,0.36666666666666664,1.0,0.5365853658536585,1.537809374862717
2098,cicids2017_wed_c1,0.050000000000000044,-9.800000000000004,39,0.38461538461538464,0.9090909090909091,0.5405405405405405,1.4866151817917768
2099,cicids2017_wed_c1,0.050000000000000044,0.6999999999999987,40,0.4782608695652174,1.0,0.6470588235294118,1.442795171665557
2100,cicids2017_fri_c0,0.050000000000000044,23.499999999999996,57,0.8292682926829268,0.9714285714285714,0.8947368421052632,1.5017394811202156
2101,cicids2017_wed_c1,0.050000000000000044,-2.5000000000000027,41,0.4230769230769231,1.0,0.5945945945945945,1.4189138607516596
2102,cicids2017_wed_c0,0.050000000000000044,5.299999999999999,56,0.6470588235294118,0.9428571428571428,0.7674418604651163,1.4260415446295016
2103,cicids2017_fri_c0,0.050000000000000044,4.599999999999994,59,0.7948717948717948,0.8857142857142857,0.8378378378378378,1.3869832970911262
2104,cicids2017_fri_c0,0.050000000000000044,31.900000000000006,59,0.875,1.0,0.9333333333333333,1.534097678555227
2105,cicids2017_wed_c1,0.050000000000000044,8.399999999999993,40,0.6875,1.0,0.8148148148148148,1.4287601902669125
2106,cicids2017_tue_c0,0.050000000000000044,19.4,55,0.6862745098039216,1.0,0.813953488372093,1.4537687870003484
2107,cicids2017_wed_c1,0.050000000000000044,-0.9000000000000004,35,0.4583333333333333,1.0,0.6285714285714286,1.526309009049647
2108,cicids2017_fri_c0,0.050000000000000044,29.300000000000004,55,0.8333333333333334,1.0,0.9090909090909091,1.379470063453881
2109,cicids2017_tue_c0,0.050000000000000044,0.3999999999999986,56,0.6530612244897959,0.9142857142857143,0.7619047619047618,1.385088880885918
2110,cicids2017_tue_c0,0.050000000000000044,-4.800000000000001,53,0.6595744680851063,0.8857142857142857,0.7560975609756098,1.3648539070948356
2111,cicids2017_tue_c0,0.050000000000000044,24.800000000000004,54,0.7608695652173914,1.0,0.8641975308641976,1.372604782888907
2112,cicids2017_wed_c0,0.050000000000000044,20.800000000000008,58,0.7,1.0,0.8235294117647058,1.399557990379983
2113,cicids2017_wed_c1,0.050000000000000044,2.3999999999999977,35,0.5238095238095238,1.0,0.6875000000000001,1.3617406260238347
2114,cicids2017_wed_c1,0.050000000000000044,-1.3000000000000003,31,0.4583333333333333,1.0,0.6285714285714286,1.3608164515358052
2115,cicids2017_wed_c0,0.050000000000000044,15.100000000000001,56,0.6363636363636364,1.0,0.7777777777777778,1.455888775762111
2116,cicids2017_fri_c0,0.050000000000000044,13.199999999999996,58,0.75,0.9428571428571428,0.8354430379746834,1.3937498036536577
2117,cicids2017_wed_c1,0.050000000000000044,-2.1999999999999993,44,0.4230769230769231,1.0,0.5945945945945945,1.2374920729711416
2118,cicids2017_wed_c0,0.050000000000000044,4.299999999999999,57,0.6346153846153846,0.9428571428571428,0.7586206896551724,1.4254518892930408
2119,cicids2017_wed_c0,0.050000000000000044,6.4,56,0.66,0.9428571428571428,0.7764705882352942,1.4266039281955851
2120,cicids2017_wed_c0,0.050000000000000044,3.1999999999999993,57,0.6226415094339622,0.9428571428571428,0.7500000000000001,1.4261250027053989
2121,cicids2017_wed_c1,0.050000000000000044,-5.300000000000003,46,0.3793103448275862,1.0,0.5499999999999999,1.3494820279537298
2122,cicids2017_wed_c1,0.050000000000000044,-6.900000000000002,41,0.36666666666666664,1.0,0.5365853658536585,1.3303052206650006
2123,cicids2017_wed_c0,0.050000000000000044,3.0999999999999996,56,0.6226415094339622,0.9428571428571428,0.7500000000000001,1.4133793215891763
2124,cicids2017_wed_c0,0.050000000000000044,0.2999999999999998,55,0.6530612244897959,0.9142857142857143,0.7619047619047618,1.4140273562866774
2125,cicids2017_wed_c0,0.050000000000000044,10.299999999999999,57,0.6415094339622641,0.9714285714285714,0.7727272727272727,1.4272904647287161
2126,cicids2017_tue_c0,0.050000000000000044,20.6,56,0.7,1.0,0.8235294117647058,1.3397593152830924
2127,cicids2017_tue_c0,0.050000000000000044,22.5,53,0.7291666666666666,1.0,0.8433734939759037,1.4033096794639999
2128,cicids2017_wed_c0,0.050000000000000044,12.399999999999999,56,0.6666666666666666,0.9714285714285714,0.7906976744186046,1.4016242349056645
2129,cicids2017_fri_c0,0.050000000000000044,24.60000000000001,57,0.85,0.9714285714285714,0.9066666666666667,1.3726260552826428
2130,cicids2017_tue_c0,0.050000000000000044,15.899999999999999,58,0.7083333333333334,0.9714285714285714,0.8192771084337349,1.3700080370444696
2131,cicids2017_wed_c0,0.050000000000000044,11.300000000000002,56,0.6538461538461539,0.9714285714285714,0.7816091954022988,1.3995404158420557
2132,cicids2017_wed_c1,0.050000000000000044,-3.700000000000003,40,0.4074074074074074,1.0,0.5789473684210525,1.3482134283090996
2133,cicids2017_wed_c0,0.050000000000000044,13.299999999999997,54,0.68,0.9714285714285714,0.8,1.4075135724748662
2134,cicids2017_tue_c0,0.050000000000000044,20.800000000000004,58,0.7,1.0,0.8235294117647058,1.4586730818892724
2135,cicids2017_tue_c0,0.050000000000000044,16.600000000000005,54,0.723404255319149,0.9714285714285714,0.8292682926829269,1.4593087600564603
2136,cicids2017_wed_c0,0.050000000000000044,-3.0,55,0.6153846153846154,0.9142857142857143,0.7356321839080461,1.4024641542106766
2137,cicids2017_wed_c0,0.050000000000000044,3.399999999999999,53,0.6956521739130435,0.9142857142857143,0.7901234567901234,1.3874590088415955
2138,cicids2017_fri_c0,0.050000000000000044,4.599999999999998,59,0.7948717948717948,0.8857142857142857,0.8378378378378378,1.5078549571106417
2139,cicids2017_wed_c0,0.050000000000000044,17.200000000000003,55,0.660377358490566,1.0,0.7954545454545454,1.3556368833604835
2140,cicids2017_tue_c0,0.050000000000000044,21.6,55,0.7142857142857143,1.0,0.8333333333333333,1.3797233462994485
2141,cicids2017_wed_c0,0.050000000000000044,9.399999999999999,53,0.7021276595744681,0.9428571428571428,0.8048780487804879,1.3469329465841833
2142,cicids2017_wed_c1,0.050000000000000044,-0.2000000000000026,42,0.4583333333333333,1.0,0.6285714285714286,1.424024065275208
2143,cicids2017_wed_c1,0.050000000000000044,-3.600000000000004,41,0.4074074074074074,1.0,0.5789473684210525,1.3348344649224007
2144,cicids2017_wed_c0,0.050000000000000044,13.499999999999998,56,0.68,0.9714285714285714,0.8,1.4865454286308803
2145,cicids2017_tue_c0,0.050000000000000044,17.099999999999998,53,0.825,0.9428571428571428,0.88,1.2833733591997434
2146,cicids2017_tue_c0,0.050000000000000044,17.6,53,0.7391304347826086,0.9714285714285714,0.8395061728395062,1.3808272548332148
2147,cicids2017_fri_c0,0.050000000000000044,21.399999999999995,58,0.7906976744186046,0.9714285714285714,0.8717948717948717,1.415883198571807
2148,cicids2017_wed_c1,0.050000000000000044,-16.1,36,0.36,0.8181818181818182,0.5,1.3555049927101601
2149,cicids2017_wed_c1,0.050000000000000044,4.799999999999995,37,0.5789473684210527,1.0,0.7333333333333334,1.336988810430235
2150,cicids2017_wed_c1,0.050000000000000044,7.299999999999994,40,0.6470588235294118,1.0,0.7857142857142858,1.4223480218880624
2151,cicids2017_tue_c0,0.050000000000000044,10.499999999999998,53,0.717391304347826,0.9428571428571428,0.8148148148148148,1.4332961331843697
2152,cicids2017_tue_c0,0.050000000000000044,-9.6,54,0.6666666666666666,0.8571428571428571,0.75,1.3767745722787001
2153,cicids2017_wed_c1,0.050000000000000044,0.600000000000001,44,0.5882352941176471,0.9090909090909091,0.7142857142857143,1.406422565328043
2154,cicids2017_wed_c0,0.050000000000000044,18.3,55,0.6730769230769231,1.0,0.8045977011494253,1.38719283054972
2155,cicids2017_wed_c0,0.050000000000000044,-41.8,54,0.5952380952380952,0.7142857142857143,0.6493506493506493,1.4243060598635966
2156,cicids2017_tue_c0,0.050000000000000044,17.800000000000004,55,0.7391304347826086,0.9714285714285714,0.8395061728395062,1.3981387133096685
2157,cicids2017_tue_c0,0.050000000000000044,11.7,54,0.7333333333333333,0.9428571428571428,0.8250000000000001,1.404957731514907
2158,cicids2017_wed_c0,0.050000000000000044,21.700000000000003,56,0.7142857142857143,1.0,0.8333333333333333,1.2976298264138888
2159,cicids2017_wed_c1,0.050000000000000044,-0.5000000000000023,39,0.4583333333333333,1.0,0.6285714285714286,1.3420575919763422
2160,cicids2017_tue_c0,0.050000000000000044,20.6,56,0.7,1.0,0.8235294117647058,1.3684555762130448
2161,cicids2017_wed_c1,0.050000000000000044,-2.999999999999998,41,0.5,0.9090909090909091,0.6451612903225806,1.4688987180691033
2162,cicids2017_fri_c0,0.050000000000000044,23.6,58,0.8292682926829268,0.9714285714285714,0.8947368421052632,1.3870201899438614
2163,cicids2017_tue_c0,0.050000000000000044,17.6,53,0.7391304347826086,0.9714285714285714,0.8395061728395062,1.3942690667427873
2164,cicids2017_wed_c1,0.050000000000000044,-4.6000000000000005,42,0.39285714285714285,1.0,0.5641025641025641,1.4006229349806996
2165,cicids2017_wed_c1,0.050000000000000044,-2.0999999999999983,39,0.5263157894736842,0.9090909090909091,0.6666666666666666,1.363318580374293
2166,cicids2017_wed_c1,0.050000000000000044,-7.700000000000003,44,0.3548387096774194,1.0,0.5238095238095238,1.4502424682567543
2167,cicids2017_tue_c0,0.050000000000000044,22.600000000000005,54,0.7291666666666666,1.0,0.8433734939759037,1.4365405319137876
2168,cicids2017_wed_c1,0.050000000000000044,-5.900000000000004,40,0.3793103448275862,1.0,0.5499999999999999,1.3915802378837416
2169,cicids2017_wed_c1,0.050000000000000044,0.09999999999999742,45,0.4583333333333333,1.0,0.6285714285714286,1.3239741207789502
2170,cicids2017_wed_c1,0.050000000000000044,-3.2999999999999994,38,0.5,0.9090909090909091,0.6451612903225806,1.4289286125060858
2171,cicids2017_fri_c0,0.050000000000000044,20.2,57,0.7727272727272727,0.9714285714285714,0.8607594936708862,1.3646167013070258
2172,cicids2017_wed_c0,0.050000000000000044,14.299999999999999,53,0.6938775510204082,0.9714285714285714,0.8095238095238094,1.3145567001256637
2173,cicids2017_wed_c1,0.050000000000000044,-1.899999999999999,41,0.5263157894736842,0.9090909090909091,0.6666666666666666,1.3496154708417378
2174,cicids2017_wed_c1,0.050000000000000044,-4.700000000000003,41,0.39285714285714285,1.0,0.5641025641025641,1.3730462947094786
2175,cicids2017_fri_c0,0.050000000000000044,23.799999999999997,55,0.7446808510638298,1.0,0.8536585365853657,1.3645333049784123
2176,cicids2017_wed_c1,0.050000000000000044,-1.1000000000000025,44,0.44,1.0,0.6111111111111112,1.3706322768997743
2177,cicids2017_fri_c0,0.050000000000000044,17.4,56,0.825,0.9428571428571428,0.88,1.417071201185205
2178,cicids2017_tue_c0,0.050000000000000044,5.6999999999999975,54,0.7272727272727273,0.9142857142857143,0.810126582278481,1.3781576680583607
2179,cicids2017_wed_c0,0.050000000000000044,-1.7000000000000002,51,0.7045454545454546,0.8857142857142857,0.7848101265822784,1.3617343681073786
2180,cicids2017_tue_c0,0.050000000000000044,22.6,54,0.7291666666666666,1.0,0.8433734939759037,1.398189415914776
2181,cicids2017_wed_c0,0.050000000000000044,17.3,56,0.660377358490566,1.0,0.7954545454545454,1.3970369579184925
2182,cicids2017_fri_c0,0.050000000000000044,8.399999999999999,59,0.7619047619047619,0.9142857142857143,0.8311688311688312,1.3969466728524957
2183,cicids2017_wed_c0,0.050000000000000044,13.3,54,0.68,0.9714285714285714,0.8,1.4110882092744899
2184,cicids2017_wed_c0,0.050000000000000044,8.0,56,0.6181818181818182,0.9714285714285714,0.7555555555555554,1.3716713912476697
2185,cicids2017_wed_c0,0.050000000000000044,5.4,57,0.6470588235294118,0.9428571428571428,0.7674418604651163,1.4307452429748815
2186,cicids2017_tue_c0,0.050000000000000044,22.600000000000005,54,0.7291666666666666,1.0,0.8433734939759037,1.3534300038319278
2187,cicids2017_tue_c0,0.050000000000000044,19.7,58,0.6862745098039216,1.0,0.813953488372093,1.386922695222439
2188,cicids2017_tue_c0,0.050000000000000044,17.5,52,0.7391304347826086,0.9714285714285714,0.8395061728395062,1.4704768640622667
2189,cicids2017_tue_c0,0.050000000000000044,6.299999999999999,55,0.66,0.9428571428571428,0.7764705882352942,1.476197382715609
2190,cicids2017_wed_c0,0.050000000000000044,19.4,55,0.6862745098039216,1.0,0.813953488372093,1.3720931185742884
2191,cicids2017_tue_c0,0.050000000000000044,18.400000000000006,56,0.6730769230769231,1.0,0.8045977011494253,1.362033951591368
2192,cicids2017_tue_c0,0.050000000000000044,21.6,55,0.7142857142857143,1.0,0.8333333333333333,1.3902885183564069
2193,cicids2017_tue_c0,0.050000000000000044,9.599999999999998,55,0.7021276595744681,0.9428571428571428,0.8048780487804879,1.3235635665687595
2194,cicids2017_fri_c0,0.050000000000000044,31.700000000000003,57,0.875,1.0,0.9333333333333333,1.448993537400877
2195,cicids2017_wed_c0,0.050000000000000044,19.1,52,0.6862745098039216,1.0,0.813953488372093,1.398132309067041
2196,cicids2017_wed_c1,0.050000000000000044,-4.5000000000000036,43,0.39285714285714285,1.0,0.5641025641025641,1.3908147745498445
2197,cicids2017_tue_c0,0.050000000000000044,12.9,55,0.75,0.9428571428571428,0.8354430379746834,1.3678930580383948
2198,cicids2017_wed_c1,0.050000000000000044,-1.2000000000000035,43,0.44,1.0,0.6111111111111112,1.408761878881198
2199,cicids2017_wed_c0,0.050000000000000044,19.500000000000004,56,0.6862745098039216,1.0,0.813953488372093,1.3524148869894432
2200,cicids2017_fri_c0,0.050000000000000044,19.200000000000003,58,0.7555555555555555,0.9714285714285714,0.85,1.372613725383075
2201,cicids2017_tue_c0,0.050000000000000044,20.299999999999997,53,0.7,1.0,0.8235294117647058,1.3245545417247384
2202,cicids2017_fri_c0,0.050000000000000044,9.299999999999995,57,0.7804878048780488,0.9142857142857143,0.8421052631578947,1.4216978416507224
2203,cicids2017_fri_c0,0.050000000000000044,-6.600000000000001,56,0.8055555555555556,0.8285714285714286,0.8169014084507044,1.3847018167601157
2204,cicids2017_tue_c0,0.050000000000000044,19.500000000000007,56,0.6862745098039216,1.0,0.813953488372093,1.3870802168628553
2205,cicids2017_tue_c0,0.050000000000000044,9.599999999999996,55,0.7021276595744681,0.9428571428571428,0.8048780487804879,1.418445864020127
2206,cicids2017_wed_c1,0.050000000000000044,0.899999999999997,42,0.4782608695652174,1.0,0.6470588235294118,1.3319137203814162
2207,cicids2017_fri_c0,0.050000000000000044,29.500000000000007,57,0.8333333333333334,1.0,0.9090909090909091,1.348015667289965
2208,cicids2017_wed_c1,0.050000000000000044,-2.1000000000000014,39,0.5263157894736842,0.9090909090909091,0.6666666666666666,1.3276730995769253
2209,cicids2017_fri_c0,0.050000000000000044,25.7,57,0.8717948717948718,0.9714285714285714,0.9189189189189189,1.4153045250866112
2210,cicids2017_fri_c0,0.050000000000000044,22.2,55,0.8095238095238095,0.9714285714285714,0.8831168831168832,1.3262191870412046
2211,cicids2017_wed_c0,0.050000000000000044,15.5,54,0.7083333333333334,0.9714285714285714,0.8192771084337349,1.364501721175428
2212,cicids2017_wed_c1,0.050000000000000044,-2.4999999999999982,40,0.6923076923076923,0.8181818181818182,0.7500000000000001,1.4363970245769442
2213,cicids2017_wed_c0,0.050000000000000044,19.400000000000006,55,0.6862745098039216,1.0,0.813953488372093,1.353755675295366
2214,cicids2017_fri_c0,0.050000000000000044,27.2,56,0.7954545454545454,1.0,0.8860759493670886,1.4604275703380445
2215,cicids2017_fri_c0,0.050000000000000044,3.2,56,0.775,0.8857142857142857,0.8266666666666667,1.452908116189867
2216,cicids2017_tue_c0,0.050000000000000044,20.500000000000004,55,0.7,1.0,0.8235294117647058,1.3844613905700682
2217,cicids2017_tue_c0,0.050000000000000044,26.000000000000004,55,0.7777777777777778,1.0,0.8750000000000001,1.5029501259855937
2218,cicids2017_wed_c1,0.050000000000000044,-6.6,44,0.36666666666666664,1.0,0.5365853658536585,1.3663555687652238
2219,cicids2017_tue_c0,0.050000000000000044,12.0,51,0.8421052631578947,0.9142857142857143,0.8767123287671234,1.4339218256596766
2220,cicids2017_fri_c0,0.050000000000000044,24.1,58,0.7446808510638298,1.0,0.8536585365853657,1.4583965939214636
2221,cicids2017_wed_c1,0.050000000000000044,-4.800000000000003,40,0.39285714285714285,1.0,0.5641025641025641,1.4571196467989647
2222,cicids2017_fri_c0,0.050000000000000044,-5.900000000000004,58,0.7142857142857143,0.8571428571428571,0.7792207792207793,1.4472542553899006
2223,cicids2017_fri_c0,0.050000000000000044,15.2,56,0.7857142857142857,0.9428571428571428,0.8571428571428571,1.3779077086070113
2224,cicids2017_tue_c0,0.050000000000000044,19.400000000000002,55,0.6862745098039216,1.0,0.813953488372093,1.3432778096829656
2225,cicids2017_tue_c0,0.050000000000000044,3.5999999999999996,55,0.6956521739130435,0.9142857142857143,0.7901234567901234,1.3330936619095466
2226,cicids2017_wed_c0,0.050000000000000044,16.300000000000004,57,0.6481481481481481,1.0,0.7865168539325843,1.3518748669280805
2227,cicids2017_wed_c1,0.050000000000000044,-6.1,38,0.3793103448275862,1.0,0.5499999999999999,1.4530004283622062
2228,cicids2017_wed_c1,0.050000000000000044,2.3000000000000016,34,0.5238095238095238,1.0,0.6875000000000001,1.4885483004625852
2229,cicids2017_tue_c0,0.050000000000000044,20.700000000000006,57,0.7,1.0,0.8235294117647058,1.494293645627437
2230,cicids2017_wed_c1,0.050000000000000044,-7.000000000000002,40,0.36666666666666664,1.0,0.5365853658536585,1.4349790409950889
2231,cicids2017_wed_c0,0.050000000000000044,10.2,56,0.6415094339622641,0.9714285714285714,0.7727272727272727,1.3898195783854663
2232,cicids2017_fri_c0,0.050000000000000044,2.299999999999997,58,0.7560975609756098,0.8857142857142857,0.8157894736842105,1.4636166491578848
2233,cicids2017_wed_c1,0.050000000000000044,-7.300000000000004,48,0.3548387096774194,1.0,0.5238095238095238,1.5580447540597178
2234,cicids2017_fri_c0,0.050000000000000044,24.499999999999996,56,0.85,0.9714285714285714,0.9066666666666667,1.3551262686511178
2235,cicids2017_wed_c0,0.050000000000000044,0.0,58,0.5892857142857143,0.9428571428571428,0.7252747252747254,1.4463698926403623
2236,cicids2017_wed_c1,0.050000000000000044,-0.1000000000000017,43,0.4583333333333333,1.0,0.6285714285714286,1.372511874882228
2237,cicids2017_fri_c0,0.050000000000000044,20.200000000000003,57,0.7727272727272727,0.9714285714285714,0.8607594936708862,1.3868953463334122
2238,cicids2017_tue_c0,0.050000000000000044,26.600000000000005,50,0.7954545454545454,1.0,0.8860759493670886,1.4812576196684015
2239,cicids2017_tue_c0,0.050000000000000044,15.7,56,0.7083333333333334,0.9714285714285714,0.8192771084337349,1.5261224867547492
2240,cicids2017_wed_c1,0.050000000000000044,-3.5000000000000044,42,0.4074074074074074,1.0,0.5789473684210525,1.4633548642287932
2241,cicids2017_fri_c0,0.050000000000000044,30.3,54,0.8536585365853658,1.0,0.9210526315789475,1.3845248649771182
2242,cicids2017_wed_c0,0.050000000000000044,17.400000000000006,57,0.660377358490566,1.0,0.7954545454545454,1.4198789740590085
2243,cicids2017_tue_c0,0.050000000000000044,22.70000000000001,55,0.7291666666666666,1.0,0.8433734939759037,1.4194830305428991
2244,cicids2017_fri_c0,0.050000000000000044,24.799999999999997,59,0.85,0.9714285714285714,0.9066666666666667,1.4736474590493283
2245,cicids2017_wed_c0,0.050000000000000044,6.1,53,0.66,0.9428571428571428,0.7764705882352942,1.38481259303678
2246,cicids2017_wed_c1,0.050000000000000044,-6.800000000000003,42,0.36666666666666664,1.0,0.5365853658536585,1.384055457479704
2247,cicids2017_wed_c0,0.050000000000000044,14.500000000000005,55,0.6938775510204082,0.9714285714285714,0.8095238095238094,1.3746993323214365
2248,cicids2017_fri_c0,0.050000000000000044,15.399999999999999,58,0.7857142857142857,0.9428571428571428,0.8571428571428571,1.415780596394098
2249,cicids2017_fri_c0,0.050000000000000044,32.900000000000006,58,0.8974358974358975,1.0,0.945945945945946,1.4071294776034795
2250,cicids2017_tue_c0,0.050000000000000044,10.799999999999999,56,0.717391304347826,0.9428571428571428,0.8148148148148148,1.3789941097837992
2251,cicids2017_wed_c0,0.050000000000000044,14.499999999999998,55,0.6938775510204082,0.9714285714285714,0.8095238095238094,1.3978119517966083
2252,cicids2017_wed_c0,0.050000000000000044,6.299999999999999,55,0.66,0.9428571428571428,0.7764705882352942,1.3936824480882168
2253,cicids2017_fri_c0,0.050000000000000044,10.499999999999996,58,0.8,0.9142857142857143,0.8533333333333333,1.376948303606934
2254,cicids2017_wed_c0,0.050000000000000044,7.399999999999999,55,0.673469387755102,0.9428571428571428,0.7857142857142857,1.3165152530217266
2255,cicids2017_tue_c0,0.050000000000000044,19.900000000000006,54,0.7727272727272727,0.9714285714285714,0.8607594936708862,1.3637566397329637
2256,cicids2017_wed_c0,0.050000000000000044,0.2000000000000001,54,0.6530612244897959,0.9142857142857143,0.7619047619047618,1.4627988229872122
2257,cicids2017_wed_c1,0.050000000000000044,-8.100000000000003,34,0.4166666666666667,0.9090909090909091,0.5714285714285715,1.4582922279254558
2258,cicids2017_wed_c0,0.050000000000000044,16.300000000000004,51,0.723404255319149,0.9714285714285714,0.8292682926829269,1.3745424606923917
2259,cicids2017_fri_c0,0.050000000000000044,23.299999999999997,55,0.8292682926829268,0.9714285714285714,0.8947368421052632,1.4009995742102062
2260,cicids2017_wed_c1,0.050000000000000044,-8.0,35,0.4166666666666667,0.9090909090909091,0.5714285714285715,1.5335097768286252
2261,cicids2017_fri_c0,0.050000000000000044,29.3,55,0.8333333333333334,1.0,0.9090909090909091,1.407974605534692
2262,cicids2017_wed_c1,0.050000000000000044,-1.7000000000000015,38,0.44,1.0,0.6111111111111112,1.4658994508968723
2263,cicids2017_fri_c0,0.050000000000000044,14.299999999999997,58,0.7674418604651163,0.9428571428571428,0.8461538461538461,1.3979741049214522
2264,cicids2017_wed_c0,0.050000000000000044,0.40000000000000124,56,0.6530612244897959,0.9142857142857143,0.7619047619047618,1.401235329396892
2265,cicids2017_fri_c0,0.050000000000000044,15.199999999999998,56,0.7857142857142857,0.9428571428571428,0.8571428571428571,1.3656762127790114
2266,cicids2017_fri_c0,0.050000000000000044,14.199999999999998,57,0.7674418604651163,0.9428571428571428,0.8461538461538461,1.4903434249323462
2267,cicids2017_wed_c0,0.050000000000000044,9.2,57,0.6296296296296297,0.9714285714285714,0.7640449438202247,1.4078282847281138
2268,cicids2017_wed_c0,0.050000000000000044,-7.9,55,0.62,0.8857142857142857,0.7294117647058823,1.4419146478306237
2269,cicids2017_fri_c0,0.050000000000000044,29.4,56,0.8333333333333334,1.0,0.9090909090909091,1.497177827128832
2270,cicids2017_wed_c1,0.050000000000000044,-8.6,40,0.4,0.9090909090909091,0.5555555555555556,1.4949398277758843
2271,cicids2017_tue_c0,0.050000000000000044,21.5,54,0.7142857142857143,1.0,0.8333333333333333,1.3955821377255488
2272,cicids2017_tue_c0,0.050000000000000044,23.900000000000006,56,0.7446808510638298,1.0,0.8536585365853657,1.474453389059671
2273,cicids2017_tue_c0,0.050000000000000044,14.5,55,0.6938775510204082,0.9714285714285714,0.8095238095238094,1.3756386676899341
2274,cicids2017_tue_c0,0.050000000000000044,14.500000000000007,55,0.6938775510204082,0.9714285714285714,0.8095238095238094,1.4477095787278293
2275,cicids2017_fri_c0,0.050000000000000044,28.50000000000001,58,0.813953488372093,1.0,0.8974358974358974,1.450556755647427
2276,cicids2017_tue_c0,0.050000000000000044,21.6,55,0.7142857142857143,1.0,0.8333333333333333,1.5104354744383246
2277,cicids2017_fri_c0,0.050000000000000044,24.7,58,0.85,0.9714285714285714,0.9066666666666667,1.4079708108189424
2278,cicids2017_fri_c0,0.050000000000000044,12.099999999999998,58,0.7333333333333333,0.9428571428571428,0.8250000000000001,1.4573842791489733
2279,cicids2017_tue_c0,0.050000000000000044,14.399999999999999,54,0.6938775510204082,0.9714285714285714,0.8095238095238094,1.3915644471196202
2280,cicids2017_wed_c0,0.050000000000000044,14.399999999999999,54,0.6938775510204082,0.9714285714285714,0.8095238095238094,1.4139591080534848
2281,cicids2017_wed_c1,0.050000000000000044,-9.700000000000003,40,0.38461538461538464,0.9090909090909091,0.5405405405405405,1.5083538489127921
2282,cicids2017_tue_c0,0.050000000000000044,11.499999999999998,52,0.7333333333333333,0.9428571428571428,0.8250000000000001,1.3858576600740873
2283,cicids2017_tue_c0,0.050000000000000044,20.5,55,0.7,1.0,0.8235294117647058,1.3642828993612004
2284,cicids2017_wed_c1,0.050000000000000044,5.0999999999999925,40,0.5789473684210527,1.0,0.7333333333333334,1.3585519059061817
2285,cicids2017_wed_c0,0.050000000000000044,17.200000000000003,55,0.660377358490566,1.0,0.7954545454545454,1.369173382772213
2286,cicids2017_wed_c1,0.050000000000000044,-5.3000000000000025,40,0.45454545454545453,0.9090909090909091,0.6060606060606061,1.3821173416428352
2287,cicids2017_wed_c1,0.050000000000000044,-7.000000000000003,40,0.36666666666666664,1.0,0.5365853658536585,1.3401938281041719
2288,cicids2017_wed_c1,0.050000000000000044,-5.900000000000004,40,0.3793103448275862,1.0,0.5499999999999999,1.3777974976650278
2289,cicids2017_wed_c1,0.050000000000000044,-1.5000000000000018,40,0.44,1.0,0.6111111111111112,1.350144058302954
2290,cicids2017_tue_c0,0.050000000000000044,24.00000000000001,57,0.7446808510638298,1.0,0.8536585365853657,1.4605253227911363
2291,cicids2017_tue_c0,0.050000000000000044,14.3,53,0.6938775510204082,0.9714285714285714,0.8095238095238094,1.4410156681772317
2292,cicids2017_tue_c0,0.050000000000000044,18.000000000000007,57,0.7391304347826086,0.9714285714285714,0.8395061728395062,1.3543733361862627
2293,cicids2017_fri_c0,0.050000000000000044,24.60000000000001,57,0.85,0.9714285714285714,0.9066666666666667,1.4011074065236764
2294,cicids2017_wed_c0,0.050000000000000044,19.3,54,0.6862745098039216,1.0,0.813953488372093,1.3565126806281884
2295,cicids2017_wed_c0,0.050000000000000044,3.4000000000000012,53,0.6956521739130435,0.9142857142857143,0.7901234567901234,1.4258063905655387
2296,cicids2017_wed_c1,0.050000000000000044,-4.4,44,0.39285714285714285,1.0,0.5641025641025641,1.3934972324029278
2297,cicids2017_fri_c0,0.050000000000000044,15.5,59,0.7857142857142857,0.9428571428571428,0.8571428571428571,1.499491233941063
2298,cicids2017_tue_c0,0.050000000000000044,17.400000000000002,57,0.660377358490566,1.0,0.7954545454545454,1.4438152552029804
2299,cicids2017_fri_c0,0.050000000000000044,32.900000000000006,58,0.8974358974358975,1.0,0.945945945945946,1.3903182805527174
2300,cicids2017_wed_c1,0.050000000000000044,-8.200000000000005,44,0.4,0.9090909090909091,0.5555555555555556,1.413987840963739
2301,cicids2017_tue_c0,0.050000000000000044,18.800000000000004,54,0.7555555555555555,0.9714285714285714,0.85,1.4594919524836858
2302,cicids2017_fri_c0,0.050000000000000044,17.0,58,0.723404255319149,0.9714285714285714,0.8292682926829269,1.391089483001937
2303,cicids2017_wed_c0,0.050000000000000044,12.200000000000001,54,0.6666666666666666,0.9714285714285714,0.7906976744186046,1.4718812523206182
2304,cicids2017_wed_c1,0.050000000000000044,-2.1999999999999997,38,0.5263157894736842,0.9090909090909091,0.6666666666666666,1.4848937519173073
2305,cicids2017_wed_c1,0.050000000000000044,6.899999999999993,36,0.6470588235294118,1.0,0.7857142857142858,1.380640387650094
2306,cicids2017_fri_c0,0.050000000000000044,27.300000000000004,57,0.7954545454545454,1.0,0.8860759493670886,1.4352654220171221
2307,cicids2017_tue_c0,0.050000000000000044,15.600000000000001,55,0.7083333333333334,0.9714285714285714,0.8192771084337349,1.5479218165388728
2308,cicids2017_fri_c0,0.050000000000000044,14.099999999999998,56,0.7674418604651163,0.9428571428571428,0.8461538461538461,1.3797863317808579
2309,cicids2017_tue_c0,0.050000000000000044,17.8,55,0.7391304347826086,0.9714285714285714,0.8395061728395062,1.4226811317510704
2310,cicids2017_wed_c0,0.050000000000000044,12.500000000000005,57,0.6666666666666666,0.9714285714285714,0.7906976744186046,1.4235446999341386
2311,cicids2017_tue_c0,0.050000000000000044,20.800000000000004,58,0.7,1.0,0.8235294117647058,1.458540512786645
2312,cicids2017_fri_c0,0.050000000000000044,-1.000000000000003,58,0.7045454545454546,0.8857142857142857,0.7848101265822784,1.3656871382825548
2313,cicids2017_wed_c0,0.050000000000000044,13.100000000000001,52,0.68,0.9714285714285714,0.8,1.4516064780691524
2314,cicids2017_fri_c0,0.050000000000000044,2.7999999999999954,57,0.8823529411764706,0.8571428571428571,0.8695652173913043,1.3822365614722565
2315,cicids2017_fri_c0,0.050000000000000044,4.600000000000003,59,0.7948717948717948,0.8857142857142857,0.8378378378378378,1.3225257270928628
2316,cicids2017_fri_c0,0.050000000000000044,18.400000000000006,55,0.8461538461538461,0.9428571428571428,0.8918918918918919,1.4167650022444367
2317,cicids2017_fri_c0,0.050000000000000044,22.5,58,0.8095238095238095,0.9714285714285714,0.8831168831168832,1.3921032548530365
2318,cicids2017_tue_c0,0.050000000000000044,4.699999999999999,55,0.7111111111111111,0.9142857142857143,0.8,1.3980482742941607
2319,cicids2017_wed_c1,0.050000000000000044,-4.8,40,0.39285714285714285,1.0,0.5641025641025641,1.4448776378417842
2320,cicids2017_wed_c1,0.050000000000000044,-1.3999999999999986,41,0.44,1.0,0.6111111111111112,1.315323305410566
2321,cicids2017_fri_c0,0.050000000000000044,17.0,58,0.723404255319149,0.9714285714285714,0.8292682926829269,1.40470163828812
2322,cicids2017_fri_c0,0.050000000000000044,17.8,55,0.7391304347826086,0.9714285714285714,0.8395061728395062,1.376961726720712
2323,cicids2017_tue_c0,0.050000000000000044,22.799999999999997,56,0.7291666666666666,1.0,0.8433734939759037,1.4450496763555214
2324,cicids2017_wed_c0,0.050000000000000044,-3.8000000000000007,52,0.6739130434782609,0.8857142857142857,0.7654320987654321,1.4337030785287448
2325,cicids2017_wed_c0,0.050000000000000044,19.2,53,0.6862745098039216,1.0,0.813953488372093,1.4010204624630036
2326,cicids2017_wed_c1,0.050000000000000044,-3.4,43,0.4074074074074074,1.0,0.5789473684210525,1.3723640343297172
2327,cicids2017_tue_c0,0.050000000000000044,11.599999999999998,53,0.7333333333333333,0.9428571428571428,0.8250000000000001,1.3787633724290305
2328,cicids2017_fri_c0,0.050000000000000044,15.40000000000001,58,0.7857142857142857,0.9428571428571428,0.8571428571428571,1.3245540622985659
2329,cicids2017_fri_c0,0.050000000000000044,20.999999999999993,59,0.8918918918918919,0.9428571428571428,0.9166666666666667,1.3501039528400642
2330,cicids2017_fri_c0,0.050000000000000044,18.20000000000001,59,0.7391304347826086,0.9714285714285714,0.8395061728395062,1.3746357011204942
2331,cicids2017_fri_c0,0.050000000000000044,26.2,57,0.7777777777777778,1.0,0.8750000000000001,1.3479055580408126
2332,cicids2017_wed_c1,0.050000000000000044,-1.6999999999999988,38,0.44,1.0,0.6111111111111112,1.4017008687085788
2333,cicids2017_tue_c0,0.050000000000000044,7.6,57,0.673469387755102,0.9428571428571428,0.7857142857142857,1.3182343718929979
2334,cicids2017_wed_c1,0.050000000000000044,8.099999999999993,37,0.6875,1.0,0.8148148148148148,1.2716420456684843
2335,cicids2017_wed_c0,0.050000000000000044,9.1,56,0.6296296296296297,0.9714285714285714,0.7640449438202247,1.3666298923357192
2336,cicids2017_wed_c0,0.050000000000000044,15.500000000000005,54,0.7083333333333334,0.9714285714285714,0.8192771084337349,1.310398128599824
2337,cicids2017_tue_c0,0.050000000000000044,6.4,50,0.7441860465116279,0.9142857142857143,0.8205128205128205,1.3804708273466268
2338,cicids2017_wed_c1,0.050000000000000044,-0.5000000000000019,39,0.4583333333333333,1.0,0.6285714285714286,1.3553691908576693
2339,cicids2017_fri_c0,0.050000000000000044,11.400000000000007,56,0.8205128205128205,0.9142857142857143,0.8648648648648648,1.3591741026421273
2340,cicids2017_fri_c0,0.050000000000000044,10.40000000000001,57,0.8,0.9142857142857143,0.8533333333333333,1.4367727094461504
2341,cicids2017_tue_c0,0.050000000000000044,21.80000000000001,57,0.7142857142857143,1.0,0.8333333333333333,1.3864664237742188
2342,cicids2017_tue_c0,0.050000000000000044,22.900000000000006,51,0.8292682926829268,0.9714285714285714,0.8947368421052632,1.4427811220031104
2343,cicids2017_wed_c0,0.050000000000000044,17.200000000000003,55,0.660377358490566,1.0,0.7954545454545454,1.4574011873538633
2344,cicids2017_wed_c0,0.050000000000000044,21.70000000000001,56,0.7142857142857143,1.0,0.8333333333333333,1.3295705239298006
2345,cicids2017_wed_c0,0.050000000000000044,20.500000000000007,55,0.7,1.0,0.8235294117647058,1.325554923508836
2346,cicids2017_tue_c0,0.050000000000000044,24.700000000000006,53,0.7608695652173914,1.0,0.8641975308641976,1.4893706381381249
2347,cicids2017_tue_c0,0.050000000000000044,8.600000000000001,56,0.6875,0.9428571428571428,0.7951807228915663,1.4123238701303666
2348,cicids2017_wed_c1,0.050000000000000044,-0.5000000000000018,39,0.4583333333333333,1.0,0.6285714285714286,1.4301829083322655
2349,cicids2017_fri_c0,0.050000000000000044,15.299999999999997,57,0.7857142857142857,0.9428571428571428,0.8571428571428571,1.3961239490316781
2350,cicids2017_wed_c0,0.050000000000000044,12.299999999999999,55,0.6666666666666666,0.9714285714285714,0.7906976744186046,1.3483069979862194
2351,cicids2017_wed_c0,0.050000000000000044,10.300000000000002,57,0.6415094339622641,0.9714285714285714,0.7727272727272727,1.2980110872428614
2352,cicids2017_wed_c1,0.050000000000000044,-11.000000000000004,37,0.5714285714285714,0.7272727272727273,0.64,1.303352989723459
2353,cicids2017_wed_c0,0.050000000000000044,5.399999999999999,57,0.6470588235294118,0.9428571428571428,0.7674418604651163,1.3630272403347115
2354,cicids2017_tue_c0,0.050000000000000044,12.6,58,0.6666666666666666,0.9714285714285714,0.7906976744186046,1.4562154029237857
2355,cicids2017_tue_c0,0.050000000000000044,16.500000000000004,53,0.723404255319149,0.9714285714285714,0.8292682926829269,1.414105136490996
2356,cicids2017_tue_c0,0.050000000000000044,12.499999999999998,51,0.75,0.9428571428571428,0.8354430379746834,1.4187157070517877
2357,cicids2017_tue_c0,0.050000000000000044,15.800000000000002,57,0.7083333333333334,0.9714285714285714,0.8192771084337349,1.487404749064638
2358,cicids2017_fri_c0,0.050000000000000044,20.200000000000003,57,0.7727272727272727,0.9714285714285714,0.8607594936708862,1.4803499942785023
2359,cicids2017_wed_c0,0.050000000000000044,15.1,56,0.6363636363636364,1.0,0.7777777777777778,1.5522128243433895
2360,cicids2017_fri_c0,0.050000000000000044,17.100000000000005,59,0.723404255319149,0.9714285714285714,0.8292682926829269,1.4813632061379123
2361,cicids2017_wed_c0,0.050000000000000044,12.3,55,0.6666666666666666,0.9714285714285714,0.7906976744186046,1.322905951242313
2362,cicids2017_wed_c1,0.050000000000000044,-2.400000000000003,42,0.4230769230769231,1.0,0.5945945945945945,1.2927793686691145
2363,cicids2017_wed_c1,0.050000000000000044,-1.8000000000000016,37,0.44,1.0,0.6111111111111112,1.422395807992977
2364,cicids2017_fri_c0,0.050000000000000044,28.6,59,0.813953488372093,1.0,0.8974358974358974,1.4079354579306051
2365,cicids2017_wed_c1,0.050000000000000044,-2.8999999999999995,37,0.4230769230769231,1.0,0.5945945945945945,1.4098644678714174
2366,cicids2017_fri_c0,0.050000000000000044,23.599999999999998,58,0.8292682926829268,0.9714285714285714,0.8947368421052632,1.421930789763905
2367,cicids2017_tue_c0,0.050000000000000044,18.800000000000004,54,0.7555555555555555,0.9714285714285714,0.85,1.4163257240401936
2368,cicids2017_fri_c0,0.050000000000000044,25.7,57,0.8717948717948718,0.9714285714285714,0.9189189189189189,1.4030761458563683
2369,cicids2017_fri_c0,0.050000000000000044,8.200000000000001,57,0.7619047619047619,0.9142857142857143,0.8311688311688312,1.403309342377404
2370,cicids2017_fri_c0,0.050000000000000044,20.9,58,0.8918918918918919,0.9428571428571428,0.9166666666666667,1.4608592971345309
2371,cicids2017_fri_c0,0.050000000000000044,18.099999999999994,58,0.7391304347826086,0.9714285714285714,0.8395061728395062,1.4650925973470028
2372,cicids2017_wed_c1,0.050000000000000044,-9.9,44,0.3333333333333333,1.0,0.5,1.3455033831314105
2373,cicids2017_fri_c0,0.050000000000000044,18.6,57,0.8461538461538461,0.9428571428571428,0.8918918918918919,1.5656074603141188
2374,cicids2017_tue_c0,0.050000000000000044,22.700000000000003,55,0.7291666666666666,1.0,0.8433734939759037,1.327358863271965
2375,cicids2017_wed_c0,0.050000000000000044,5.1,54,0.6470588235294118,0.9428571428571428,0.7674418604651163,1.475577179772398
2376,cicids2017_wed_c1,0.050000000000000044,-9.6,41,0.38461538461538464,0.9090909090909091,0.5405405405405405,1.5184351331713486
2377,cicids2017_wed_c1,0.050000000000000044,-10.600000000000003,42,0.37037037037037035,0.9090909090909091,0.5263157894736842,1.3984863300466188
2378,cicids2017_fri_c0,0.050000000000000044,11.600000000000001,58,0.8205128205128205,0.9142857142857143,0.8648648648648648,1.4848121627395772
2379,cicids2017_wed_c1,0.050000000000000044,-5.4,45,0.3793103448275862,1.0,0.5499999999999999,1.4264024942533615
2380,cicids2017_wed_c0,0.050000000000000044,20.1,51,0.7,1.0,0.8235294117647058,1.4628530795850587
2381,cicids2017_fri_c0,0.050000000000000044,30.600000000000005,57,0.8536585365853658,1.0,0.9210526315789475,1.4406585676194432
2382,cicids2017_tue_c0,0.050000000000000044,19.6,57,0.6862745098039216,1.0,0.813953488372093,1.5191124369133135
2383,cicids2017_wed_c1,0.050000000000000044,-12.5,34,0.35714285714285715,0.9090909090909091,0.5128205128205129,1.410995529301997
2384,cicids2017_tue_c0,0.050000000000000044,15.5,54,0.7083333333333334,0.9714285714285714,0.8192771084337349,1.49345831837274
2385,cicids2017_fri_c0,0.050000000000000044,13.699999999999996,57,0.8648648648648649,0.9142857142857143,0.888888888888889,1.3470201415406766
2386,cicids2017_wed_c1,0.050000000000000044,-7.400000000000001,41,0.4166666666666667,0.9090909090909091,0.5714285714285715,1.3955369546642755
2387,cicids2017_wed_c1,0.050000000000000044,-6.8000000000000025,36,0.43478260869565216,0.9090909090909091,0.5882352941176471,1.4046821039639865
2388,cicids2017_wed_c1,0.050000000000000044,-12.4,40,0.4090909090909091,0.8181818181818182,0.5454545454545455,1.3963017813245142
2389,cicids2017_wed_c1,0.050000000000000044,-2.9000000000000035,42,0.5,0.9090909090909091,0.6451612903225806,1.3137723663636929
2390,cicids2017_wed_c1,0.050000000000000044,2.499999999999999,36,0.5238095238095238,1.0,0.6875000000000001,1.3672921538426108
2391,cicids2017_tue_c0,0.050000000000000044,10.799999999999997,56,0.717391304347826,0.9428571428571428,0.8148148148148148,1.3000495261528742
2392,cicids2017_fri_c0,0.050000000000000044,30.60000000000001,57,0.8536585365853658,1.0,0.9210526315789475,1.292061039306191
2393,cicids2017_wed_c0,0.050000000000000044,14.499999999999998,55,0.6938775510204082,0.9714285714285714,0.8095238095238094,1.2586089441521853
2394,cicids2017_fri_c0,0.050000000000000044,22.5,58,0.8095238095238095,0.9714285714285714,0.8831168831168832,1.37055850572138
2395,cicids2017_tue_c0,0.050000000000000044,23.90000000000001,56,0.7446808510638298,1.0,0.8536585365853657,1.3029957907834704
2396,cicids2017_wed_c0,0.050000000000000044,18.4,56,0.6730769230769231,1.0,0.8045977011494253,1.3686503772804692
2397,cicids2017_wed_c1,0.050000000000000044,-4.900000000000002,39,0.39285714285714285,1.0,0.5641025641025641,1.3607730748398128
2398,cicids2017_tue_c0,0.050000000000000044,16.700000000000003,55,0.723404255319149,0.9714285714285714,0.8292682926829269,1.4611955956521478
2399,cicids2017_tue_c0,0.050000000000000044,12.299999999999997,55,0.6666666666666666,0.9714285714285714,0.7906976744186046,1.2738714873568886
2400,cicids2017_wed_c0,0.050000000000000044,16.1,55,0.6481481481481481,1.0,0.7865168539325843,1.3819914368830508
2401,cicids2017_fri_c0,0.050000000000000044,13.599999999999998,56,0.8648648648648649,0.9142857142857143,0.888888888888889,1.3279430901619276
2402,cicids2017_wed_c0,0.050000000000000044,8.399999999999999,54,0.6875,0.9428571428571428,0.7951807228915663,1.3941809737743098
2403,cicids2017_wed_c0,0.050000000000000044,11.399999999999999,57,0.6538461538461539,0.9714285714285714,0.7816091954022988,1.3354378317069022
2404,cicids2017_wed_c0,0.050000000000000044,7.299999999999999,54,0.673469387755102,0.9428571428571428,0.7857142857142857,1.4258157039521313
2405,cicids2017_tue_c0,0.050000000000000044,14.400000000000006,54,0.6938775510204082,0.9714285714285714,0.8095238095238094,1.394392586247845
2406,cicids2017_wed_c1,0.050000000000000044,-8.5,41,0.4,0.9090909090909091,0.5555555555555556,1.3910282912409755
2407,cicids2017_tue_c0,0.050000000000000044,-5.500000000000002,57,0.6458333333333334,0.8857142857142857,0.7469879518072288,1.3736936144507526
2408,cicids2017_wed_c0,0.050000000000000044,0.1999999999999993,54,0.6530612244897959,0.9142857142857143,0.7619047619047618,1.3483574047908935
2409,cicids2017_tue_c0,0.050000000000000044,16.6,54,0.723404255319149,0.9714285714285714,0.8292682926829269,1.3060380718798084
2410,cicids2017_fri_c0,0.050000000000000044,22.400000000000002,57,0.8095238095238095,0.9714285714285714,0.8831168831168832,1.3851686125002622
2411,cicids2017_wed_c0,0.050000000000000044,16.2,56,0.6481481481481481,1.0,0.7865168539325843,1.3814370613170925
2412,cicids2017_fri_c0,0.050000000000000044,22.40000000000001,57,0.8095238095238095,0.9714285714285714,0.8831168831168832,1.4082159601892996
2413,cicids2017_wed_c1,0.050000000000000044,1.8000000000000016,45,0.625,0.9090909090909091,0.7407407407407406,1.3719064384702355
2414,cicids2017_wed_c0,0.050000000000000044,13.300000000000004,54,0.68,0.9714285714285714,0.8,1.405464783462283
2415,cicids2017_tue_c0,0.050000000000000044,24.900000000000006,55,0.7608695652173914,1.0,0.8641975308641976,1.4099099220202005
2416,cicids2017_tue_c0,0.050000000000000044,21.500000000000004,54,0.7142857142857143,1.0,0.8333333333333333,1.4313398029040076
2417,cicids2017_wed_c0,0.050000000000000044,2.1999999999999997,58,0.6111111111111112,0.9428571428571428,0.7415730337078652,1.3717944635163541
2418,cicids2017_tue_c0,0.050000000000000044,-19.499999999999996,53,0.6829268292682927,0.8,0.736842105263158,1.373027319965201
2419,cicids2017_tue_c0,0.050000000000000044,9.899999999999997,58,0.7021276595744681,0.9428571428571428,0.8048780487804879,1.3195960198426273
2420,cicids2017_tue_c0,0.050000000000000044,17.5,58,0.660377358490566,1.0,0.7954545454545454,1.37587262028304
2421,cicids2017_tue_c0,0.050000000000000044,23.4,51,0.7446808510638298,1.0,0.8536585365853657,1.3485002260826642
2422,cicids2017_wed_c1,0.050000000000000044,-6.800000000000001,42,0.36666666666666664,1.0,0.5365853658536585,1.4084286231220584
2423,cicids2017_fri_c0,0.050000000000000044,24.4,55,0.85,0.9714285714285714,0.9066666666666667,1.4345191456747226
2424,cicids2017_wed_c1,0.050000000000000044,-11.0,32,0.45,0.8181818181818182,0.5806451612903226,1.4377700043284536
2425,cicids2017_tue_c0,0.050000000000000044,16.8,56,0.723404255319149,0.9714285714285714,0.8292682926829269,1.2377731077504
2426,cicids2017_wed_c0,0.050000000000000044,19.500000000000004,56,0.6862745098039216,1.0,0.813953488372093,1.3276491234356012
2427,cicids2017_fri_c0,0.050000000000000044,27.10000000000001,55,0.7954545454545454,1.0,0.8860759493670886,1.43688563884322
2428,cicids2017_tue_c0,0.050000000000000044,28.50000000000001,58,0.813953488372093,1.0,0.8974358974358974,1.4813892346977977
2429,cicids2017_wed_c1,0.050000000000000044,-2.600000000000003,40,0.4230769230769231,1.0,0.5945945945945945,1.379725331719162
2430,cicids2017_tue_c0,0.050000000000000044,14.099999999999996,56,0.7674418604651163,0.9428571428571428,0.8461538461538461,1.470620368372586
2431,cicids2017_fri_c0,0.050000000000000044,25.600000000000005,56,0.8717948717948718,0.9714285714285714,0.9189189189189189,1.3822448060379142
2432,cicids2017_wed_c0,0.050000000000000044,19.500000000000007,56,0.6862745098039216,1.0,0.813953488372093,1.4175583688425895
2433,cicids2017_fri_c0,0.050000000000000044,4.299999999999999,56,0.7948717948717948,0.8857142857142857,0.8378378378378378,1.3651080912931557
2434,cicids2017_tue_c0,0.050000000000000044,26.1,56,0.7777777777777778,1.0,0.8750000000000001,1.35344578361749
2435,cicids2017_tue_c0,0.050000000000000044,20.5,55,0.7,1.0,0.8235294117647058,1.3823035800018884
2436,cicids2017_wed_c0,0.050000000000000044,12.399999999999999,56,0.6666666666666666,0.9714285714285714,0.7906976744186046,1.3931962812613496
2437,cicids2017_wed_c0,0.050000000000000044,5.299999999999999,56,0.6470588235294118,0.9428571428571428,0.7674418604651163,1.3816495290636188
2438,cicids2017_wed_c0,0.050000000000000044,6.399999999999999,56,0.66,0.9428571428571428,0.7764705882352942,1.4627382833956024
2439,cicids2017_wed_c1,0.050000000000000044,-1.500000000000003,40,0.44,1.0,0.6111111111111112,1.4413522437367567
2440,cicids2017_fri_c0,0.050000000000000044,13.7,57,0.8648648648648649,0.9142857142857143,0.888888888888889,1.4065243026595955
2441,cicids2017_tue_c0,0.050000000000000044,25.0,56,0.7608695652173914,1.0,0.8641975308641976,1.4010241947304591
2442,cicids2017_fri_c0,0.050000000000000044,27.4,58,0.7954545454545454,1.0,0.8860759493670886,1.403467915851806
2443,cicids2017_fri_c0,0.050000000000000044,23.700000000000003,59,0.8292682926829268,0.9714285714285714,0.8947368421052632,1.3642238039115424
2444,cicids2017_fri_c0,0.050000000000000044,20.199999999999996,57,0.7727272727272727,0.9714285714285714,0.8607594936708862,1.4429403539143317
2445,cicids2017_wed_c0,0.050000000000000044,16.200000000000003,56,0.6481481481481481,1.0,0.7865168539325843,1.4007133707123007
2446,cicids2017_wed_c1,0.050000000000000044,-7.700000000000002,38,0.4166666666666667,0.9090909090909091,0.5714285714285715,1.415956308986167
2447,cicids2017_wed_c1,0.050000000000000044,0.7999999999999997,35,0.625,0.9090909090909091,0.7407407407407406,1.4335792286453901
2448,cicids2017_wed_c0,0.050000000000000044,3.3999999999999986,59,0.6226415094339622,0.9428571428571428,0.7500000000000001,1.36000119425287
2449,cicids2017_wed_c1,0.050000000000000044,2.599999999999998,37,0.5238095238095238,1.0,0.6875000000000001,1.3834509462979132
2450,cicids2017_fri_c0,0.050000000000000044,26.700000000000006,56,0.8947368421052632,0.9714285714285714,0.9315068493150684,1.4876759861990527
2451,cicids2017_wed_c1,0.050000000000000044,-7.700000000000001,44,0.3548387096774194,1.0,0.5238095238095238,1.50700828638756
2452,cicids2017_wed_c1,0.050000000000000044,-6.800000000000002,36,0.43478260869565216,0.9090909090909091,0.5882352941176471,1.3743260706943012
2453,cicids2017_fri_c0,0.050000000000000044,17.5,57,0.825,0.9428571428571428,0.88,1.387048681616454
2454,cicids2017_tue_c0,0.050000000000000044,21.6,55,0.7142857142857143,1.0,0.8333333333333333,1.4602630302085726
2455,cicids2017_wed_c1,0.050000000000000044,-35.09999999999999,37,0.2608695652173913,0.5454545454545454,0.3529411764705882,1.4019892953952344
2456,cicids2017_tue_c0,0.050000000000000044,0.3999999999999968,56,0.6530612244897959,0.9142857142857143,0.7619047619047618,1.4467384971299697
2457,cicids2017_wed_c1,0.050000000000000044,-4.699999999999999,40,0.6,0.8181818181818182,0.6923076923076923,1.530092969411605
2458,cicids2017_wed_c1,0.050000000000000044,1.8999999999999981,35,0.6666666666666666,0.9090909090909091,0.7692307692307692,1.3928844553718718
2459,cicids2017_tue_c0,0.050000000000000044,16.700000000000006,55,0.723404255319149,0.9714285714285714,0.8292682926829269,1.3235273287243654
2460,cicids2017_fri_c0,0.050000000000000044,26.70000000000001,56,0.8947368421052632,0.9714285714285714,0.9315068493150684,1.4281670820784151
2461,cicids2017_tue_c0,0.050000000000000044,17.6,53,0.7391304347826086,0.9714285714285714,0.8395061728395062,1.4248957594090084
2462,cicids2017_fri_c0,0.050000000000000044,24.8,54,0.7608695652173914,1.0,0.8641975308641976,1.3237358823781566
2463,cicids2017_tue_c0,0.050000000000000044,25.700000000000003,52,0.7777777777777778,1.0,0.8750000000000001,1.3852573402338502
2464,cicids2017_wed_c0,0.050000000000000044,11.300000000000004,56,0.6538461538461539,0.9714285714285714,0.7816091954022988,1.4244587849955705
2465,cicids2017_tue_c0,0.050000000000000044,24.800000000000004,54,0.7608695652173914,1.0,0.8641975308641976,1.4053567668949507
2466,cicids2017_fri_c0,0.050000000000000044,24.0,57,0.7446808510638298,1.0,0.8536585365853657,1.3552914773914058
2467,cicids2017_tue_c0,0.050000000000000044,19.900000000000002,54,0.7727272727272727,0.9714285714285714,0.8607594936708862,1.4012588461310433
2468,cicids2017_wed_c0,0.050000000000000044,11.299999999999999,56,0.6538461538461539,0.9714285714285714,0.7816091954022988,1.3140310998714375
2469,cicids2017_fri_c0,0.050000000000000044,26.700000000000003,56,0.8947368421052632,0.9714285714285714,0.9315068493150684,1.3312312333894225
2470,cicids2017_fri_c0,0.050000000000000044,17.099999999999994,58,0.9411764705882353,0.9142857142857143,0.9275362318840579,1.4060390843886885
2471,cicids2017_wed_c1,0.050000000000000044,-27.4,44,0.25,0.8181818181818182,0.38297872340425526,1.4264374961768267
2472,cicids2017_fri_c0,0.050000000000000044,21.700000000000006,55,0.9166666666666666,0.9428571428571428,0.9295774647887323,1.381329453894217
2473,cicids2017_tue_c0,0.050000000000000044,24.800000000000004,54,0.7608695652173914,1.0,0.8641975308641976,1.485798226490265
2474,cicids2017_fri_c0,0.050000000000000044,25.7,57,0.8717948717948718,0.9714285714285714,0.9189189189189189,1.3591819777882657
2475,cicids2017_fri_c0,0.050000000000000044,20.299999999999997,58,0.7727272727272727,0.9714285714285714,0.8607594936708862,1.410070643604453
2476,cicids2017_tue_c0,0.050000000000000044,17.5,52,0.7391304347826086,0.9714285714285714,0.8395061728395062,1.4131149782309598
2477,cicids2017_wed_c0,0.050000000000000044,21.400000000000006,53,0.7142857142857143,1.0,0.8333333333333333,1.436125298558723
2478,cicids2017_fri_c0,0.050000000000000044,7.299999999999997,59,0.7441860465116279,0.9142857142857143,0.8205128205128205,1.4089301318579341
2479,cicids2017_fri_c0,0.050000000000000044,24.8,59,0.85,0.9714285714285714,0.9066666666666667,1.4537286764983586
2480,cicids2017_fri_c0,0.050000000000000044,30.60000000000001,57,0.8536585365853658,1.0,0.9210526315789475,1.4751318013705
2481,cicids2017_wed_c0,0.050000000000000044,8.2,58,0.6181818181818182,0.9714285714285714,0.7555555555555554,1.493405152281866
2482,cicids2017_wed_c1,0.050000000000000044,0.09999999999999587,45,0.4583333333333333,1.0,0.6285714285714286,1.3634682079254172
2483,cicids2017_fri_c0,0.050000000000000044,-9.800000000000002,57,0.7435897435897436,0.8285714285714286,0.7837837837837838,1.4471784107823398
2484,cicids2017_tue_c0,0.050000000000000044,19.000000000000004,56,0.7555555555555555,0.9714285714285714,0.85,1.37287938042719
2485,cicids2017_tue_c0,0.050000000000000044,5.799999999999999,55,0.7272727272727273,0.9142857142857143,0.810126582278481,1.4099230108883785
2486,cicids2017_tue_c0,0.050000000000000044,11.400000000000004,51,0.7333333333333333,0.9428571428571428,0.8250000000000001,1.3777606116400138
2487,cicids2017_fri_c0,0.050000000000000044,23.5,57,0.8292682926829268,0.9714285714285714,0.8947368421052632,1.3313569549277917
2488,cicids2017_fri_c0,0.050000000000000044,22.200000000000003,55,0.8095238095238095,0.9714285714285714,0.8831168831168832,1.36046761897887
2489,cicids2017_wed_c0,0.050000000000000044,12.399999999999999,56,0.6666666666666666,0.9714285714285714,0.7906976744186046,1.4104260611059767
2490,cicids2017_tue_c0,0.050000000000000044,17.6,53,0.7391304347826086,0.9714285714285714,0.8395061728395062,1.4214507613294047
2491,cicids2017_tue_c0,0.050000000000000044,19.10000000000001,57,0.7555555555555555,0.9714285714285714,0.85,1.3858498138897213
2492,cicids2017_tue_c0,0.050000000000000044,19.900000000000006,54,0.7727272727272727,0.9714285714285714,0.8607594936708862,1.2728093529002247
2493,cicids2017_wed_c1,0.050000000000000044,-6.0,39,0.3793103448275862,1.0,0.5499999999999999,1.4230607889535367
2494,cicids2017_wed_c0,0.050000000000000044,20.1,51,0.7,1.0,0.8235294117647058,1.3617060890459836
2495,cicids2017_tue_c0,0.050000000000000044,14.299999999999999,53,0.6938775510204082,0.9714285714285714,0.8095238095238094,1.3337332935263209
2496,cicids2017_fri_c0,0.050000000000000044,23.799999999999997,55,0.7446808510638298,1.0,0.8536585365853657,1.33124698102418
2497,cicids2017_wed_c1,0.050000000000000044,-4.551914400963142e-15,44,0.4583333333333333,1.0,0.6285714285714286,1.3694663611383837
2498,cicids2017_wed_c1,0.050000000000000044,-7.800000000000002,43,0.3548387096774194,1.0,0.5238095238095238,1.3891099229832735
2499,cicids2017_fri_c0,0.050000000000000044,23.4,56,0.8292682926829268,0.9714285714285714,0.8947368421052632,1.4504696930636496
2500,cicids2017_wed_c1,0.050000000000000044,3.2999999999999994,38,0.7142857142857143,0.9090909090909091,0.8,1.2849695021726968
2501,cicids2017_wed_c0,0.050000000000000044,-4.4,57,0.6595744680851063,0.8857142857142857,0.7560975609756098,1.3720975812745682
2502,cicids2017_fri_c0,0.050000000000000044,28.20000000000001,55,0.813953488372093,1.0,0.8974358974358974,1.359651071639891
2503,cicids2017_wed_c1,0.050000000000000044,-2.3999999999999986,47,0.5,0.9090909090909091,0.6451612903225806,1.3804426780545531
2504,cicids2017_fri_c0,0.050000000000000044,14.199999999999998,57,0.7674418604651163,0.9428571428571428,0.8461538461538461,1.3033659437668872
2505,cicids2017_fri_c0,0.050000000000000044,23.500000000000007,57,0.8292682926829268,0.9714285714285714,0.8947368421052632,1.3117847128814095
2506,cicids2017_fri_c0,0.050000000000000044,15.899999999999999,58,0.7083333333333334,0.9714285714285714,0.8192771084337349,1.44081750833341
2507,cicids2017_tue_c0,0.050000000000000044,21.700000000000006,56,0.7142857142857143,1.0,0.8333333333333333,1.3505572526832477
2508,cicids2017_wed_c0,0.050000000000000044,15.2,57,0.6363636363636364,1.0,0.7777777777777778,1.403124505629392
2509,cicids2017_tue_c0,0.050000000000000044,24.9,55,0.7608695652173914,1.0,0.8641975308641976,1.454138618082006
2510,cicids2017_fri_c0,0.050000000000000044,8.399999999999999,59,0.7619047619047619,0.9142857142857143,0.8311688311688312,1.4180652269514147
2511,cicids2017_fri_c0,0.050000000000000044,-0.5000000000000036,57,0.8108108108108109,0.8571428571428571,0.8333333333333334,1.3601543133378295
2512,cicids2017_wed_c1,0.050000000000000044,-2.800000000000002,43,0.5,0.9090909090909091,0.6451612903225806,1.3646359914520738
2513,cicids2017_wed_c1,0.050000000000000044,-0.3000000000000008,41,0.4583333333333333,1.0,0.6285714285714286,1.3103228736435348
2514,cicids2017_wed_c1,0.050000000000000044,-0.9000000000000018,35,0.4583333333333333,1.0,0.6285714285714286,1.4064907368032937
2515,cicids2017_fri_c0,0.050000000000000044,18.6,57,0.8461538461538461,0.9428571428571428,0.8918918918918919,1.3441059248095646
2516,cicids2017_wed_c1,0.050000000000000044,-8.700000000000001,45,0.34375,1.0,0.5116279069767442,1.4176099263504511
2517,cicids2017_wed_c0,0.050000000000000044,1.1999999999999993,53,0.6666666666666666,0.9142857142857143,0.7710843373493975,1.4164081893412996
2518,cicids2017_wed_c0,0.050000000000000044,8.1,57,0.6181818181818182,0.9714285714285714,0.7555555555555554,1.3481777199870089
2519,cicids2017_fri_c0,0.050000000000000044,25.6,56,0.8717948717948718,0.9714285714285714,0.9189189189189189,1.4482859617273074
2520,cicids2017_wed_c1,0.050000000000000044,1.5999999999999965,38,0.5,1.0,0.6666666666666666,1.4093373910182068
2521,cicids2017_tue_c0,0.050000000000000044,14.600000000000001,56,0.6938775510204082,0.9714285714285714,0.8095238095238094,1.4156841019060988
2522,cicids2017_fri_c0,0.050000000000000044,22.400000000000002,57,0.8095238095238095,0.9714285714285714,0.8831168831168832,1.3627090083763924
2523,cicids2017_fri_c0,0.050000000000000044,-8.000000000000002,59,0.6818181818181818,0.8571428571428571,0.759493670886076,1.437846171341559
2524,cicids2017_tue_c0,0.050000000000000044,14.499999999999996,55,0.6938775510204082,0.9714285714285714,0.8095238095238094,1.399353615714591
2525,cicids2017_fri_c0,0.050000000000000044,17.5,57,0.825,0.9428571428571428,0.88,1.3777630008489898
2526,cicids2017_tue_c0,0.050000000000000044,17.4,57,0.660377358490566,1.0,0.7954545454545454,1.4106488924608838
2527,cicids2017_tue_c0,0.050000000000000044,15.2,57,0.6363636363636364,1.0,0.7777777777777778,1.4628260133438724
2528,cicids2017_wed_c1,0.050000000000000044,-2.4000000000000017,42,0.4230769230769231,1.0,0.5945945945945945,1.3653010678727857
2529,cicids2017_fri_c0,0.050000000000000044,22.0,59,0.7142857142857143,1.0,0.8333333333333333,1.4254944604902118
2530,cicids2017_wed_c0,0.050000000000000044,19.1,52,0.6862745098039216,1.0,0.813953488372093,1.4802894368221238
2531,cicids2017_wed_c1,0.050000000000000044,-6.400000000000001,40,0.43478260869565216,0.9090909090909091,0.5882352941176471,1.3849067079924366
2532,cicids2017_wed_c1,0.050000000000000044,-3.600000000000003,41,0.4074074074074074,1.0,0.5789473684210525,1.3955576960335885
2533,cicids2017_wed_c1,0.050000000000000044,2.999999999999998,41,0.5238095238095238,1.0,0.6875000000000001,1.4661238211748708
2534,cicids2017_fri_c0,0.050000000000000044,21.199999999999996,56,0.7906976744186046,0.9714285714285714,0.8717948717948717,1.4442316548164722
2535,cicids2017_wed_c1,0.050000000000000044,0.7999999999999972,41,0.4782608695652174,1.0,0.6470588235294118,1.3651230751472534
2536,cicids2017_wed_c1,0.050000000000000044,-4.4,44,0.39285714285714285,1.0,0.5641025641025641,1.481275277365905
2537,cicids2017_tue_c0,0.050000000000000044,19.700000000000003,52,0.7727272727272727,0.9714285714285714,0.8607594936708862,1.4269768899692559
2538,cicids2017_tue_c0,0.050000000000000044,14.799999999999997,58,0.6938775510204082,0.9714285714285714,0.8095238095238094,1.3942146053850069
2539,cicids2017_wed_c0,0.050000000000000044,21.200000000000003,51,0.7142857142857143,1.0,0.8333333333333333,1.3375066989477113
2540,cicids2017_tue_c0,0.050000000000000044,19.500000000000004,56,0.6862745098039216,1.0,0.813953488372093,1.3748465855154814
2541,cicids2017_tue_c0,0.050000000000000044,14.6,56,0.6938775510204082,0.9714285714285714,0.8095238095238094,1.4951201152145897
2542,cicids2017_wed_c1,0.050000000000000044,-13.200000000000001,38,0.3448275862068966,0.9090909090909091,0.5000000000000001,1.4959027612767624
2543,cicids2017_wed_c1,0.050000000000000044,0.699999999999998,40,0.4782608695652174,1.0,0.6470588235294118,1.410320233724095
2544,cicids2017_tue_c0,0.050000000000000044,22.800000000000004,56,0.7291666666666666,1.0,0.8433734939759037,1.4315934966898347
2545,cicids2017_wed_c1,0.050000000000000044,4.399999999999997,33,0.5789473684210527,1.0,0.7333333333333334,1.4034285323620646
2546,cicids2017_tue_c0,0.050000000000000044,13.400000000000002,55,0.68,0.9714285714285714,0.8,1.40993375092909
2547,cicids2017_wed_c1,0.050000000000000044,-3.400000000000003,43,0.4074074074074074,1.0,0.5789473684210525,1.4635003852583828
2548,cicids2017_wed_c0,0.050000000000000044,4.299999999999999,51,0.7111111111111111,0.9142857142857143,0.8,1.5473759906226763
2549,cicids2017_tue_c0,0.050000000000000044,6.099999999999998,58,0.7272727272727273,0.9142857142857143,0.810126582278481,1.4335936572652364
2550,cicids2017_fri_c0,0.050000000000000044,27.900000000000006,57,0.918918918918919,0.9714285714285714,0.9444444444444445,1.4742322595423012
2551,cicids2017_wed_c0,0.050000000000000044,9.299999999999999,52,0.7021276595744681,0.9428571428571428,0.8048780487804879,1.4345136154338418
2552,cicids2017_tue_c0,0.050000000000000044,12.399999999999999,56,0.6666666666666666,0.9714285714285714,0.7906976744186046,1.4616767525413983
2553,cicids2017_fri_c0,0.050000000000000044,22.4,57,0.8095238095238095,0.9714285714285714,0.8831168831168832,1.506907846441596
2554,cicids2017_fri_c0,0.050000000000000044,15.299999999999997,57,0.7857142857142857,0.9428571428571428,0.8571428571428571,1.3526241342230598
2555,cicids2017_wed_c1,0.050000000000000044,-1.7999999999999994,37,0.44,1.0,0.6111111111111112,1.3544203885937889
2556,cicids2017_fri_c0,0.050000000000000044,27.4,58,0.7954545454545454,1.0,0.8860759493670886,1.2921575801832157
2557,cicids2017_wed_c1,0.050000000000000044,-6.700000000000005,43,0.36666666666666664,1.0,0.5365853658536585,1.3798164977908514
2558,cicids2017_wed_c1,0.050000000000000044,0.19999999999999618,35,0.4782608695652174,1.0,0.6470588235294118,1.4720133698246214
2559,cicids2017_fri_c0,0.050000000000000044,12.499999999999995,56,0.8421052631578947,0.9142857142857143,0.8767123287671234,1.304412558614042
2560,cicids2017_wed_c0,0.050000000000000044,13.200000000000001,53,0.68,0.9714285714285714,0.8,1.3973732471612301
2561,cicids2017_wed_c0,0.050000000000000044,12.1,53,0.6666666666666666,0.9714285714285714,0.7906976744186046,1.5085657739711178
2562,cicids2017_tue_c0,0.050000000000000044,14.700000000000003,57,0.6938775510204082,0.9714285714285714,0.8095238095238094,1.4017888498792057
2563,cicids2017_wed_c0,0.050000000000000044,17.299999999999997,56,0.660377358490566,1.0,0.7954545454545454,1.3792911183308967
2564,cicids2017_tue_c0,0.050000000000000044,17.60000000000001,53,0.7391304347826086,0.9714285714285714,0.8395061728395062,1.3406952549688875
2565,cicids2017_tue_c0,0.050000000000000044,2.6000000000000014,56,0.6808510638297872,0.9142857142857143,0.7804878048780487,1.4406699838163668
2566,cicids2017_tue_c0,0.050000000000000044,6.599999999999998,52,0.7441860465116279,0.9142857142857143,0.8205128205128205,1.4917394756118385
2567,cicids2017_wed_c1,0.050000000000000044,-4.600000000000002,42,0.39285714285714285,1.0,0.5641025641025641,1.4294551283930483
2568,cicids2017_wed_c0,0.050000000000000044,10.1,55,0.6415094339622641,0.9714285714285714,0.7727272727272727,1.3503302259164267
2569,cicids2017_tue_c0,0.050000000000000044,16.5,53,0.723404255319149,0.9714285714285714,0.8292682926829269,1.40139410659431
2570,cicids2017_wed_c1,0.050000000000000044,-4.100000000000001,35,0.6428571428571429,0.8181818181818182,0.7200000000000001,1.4944245975341264
2571,cicids2017_wed_c1,0.050000000000000044,2.5999999999999925,42,0.6666666666666666,0.9090909090909091,0.7692307692307692,1.3904660109907423
2572,cicids2017_wed_c1,0.050000000000000044,-4.000000000000001,37,0.4074074074074074,1.0,0.5789473684210525,1.3503750145887188
2573,cicids2017_wed_c0,0.050000000000000044,9.1,56,0.6296296296296297,0.9714285714285714,0.7640449438202247,1.4753216357834265
2574,cicids2017_tue_c0,0.050000000000000044,16.700000000000003,55,0.723404255319149,0.9714285714285714,0.8292682926829269,1.4437401570618564
2575,cicids2017_wed_c1,0.050000000000000044,-4.200000000000001,46,0.39285714285714285,1.0,0.5641025641025641,1.5231990816009309
2576,cicids2017_tue_c0,0.050000000000000044,6.9000000000000075,55,0.7441860465116279,0.9142857142857143,0.8205128205128205,1.395936135550717
2577,cicids2017_tue_c0,0.050000000000000044,5.299999999999997,56,0.6470588235294118,0.9428571428571428,0.7674418604651163,1.3823728175623404
2578,cicids2017_tue_c0,0.050000000000000044,7.399999999999999,55,0.673469387755102,0.9428571428571428,0.7857142857142857,1.4187880630306713
2579,cicids2017_wed_c1,0.050000000000000044,-2.600000000000001,40,0.4230769230769231,1.0,0.5945945945945945,1.3808302150538427
2580,cicids2017_wed_c0,0.050000000000000044,8.2,52,0.6875,0.9428571428571428,0.7951807228915663,1.378260270854023
2581,cicids2017_tue_c0,0.050000000000000044,8.699999999999998,57,0.6875,0.9428571428571428,0.7951807228915663,1.4135923556275443
2582,cicids2017_tue_c0,0.050000000000000044,16.6,54,0.723404255319149,0.9714285714285714,0.8292682926829269,1.3686332414553546
2583,cicids2017_tue_c0,0.050000000000000044,23.700000000000003,54,0.7446808510638298,1.0,0.8536585365853657,1.3727819191335666
2584,cicids2017_wed_c0,0.050000000000000044,9.1,50,0.7021276595744681,0.9428571428571428,0.8048780487804879,1.3269688145949505
2585,cicids2017_tue_c0,0.050000000000000044,19.500000000000007,56,0.6862745098039216,1.0,0.813953488372093,1.3317324048389854
2586,cicids2017_wed_c0,0.050000000000000044,20.2,52,0.7,1.0,0.8235294117647058,1.4160297620707054
2587,cicids2017_tue_c0,0.050000000000000044,15.600000000000001,55,0.7083333333333334,0.9714285714285714,0.8192771084337349,1.3868743639145489
2588,cicids2017_tue_c0,0.050000000000000044,24.6,52,0.7608695652173914,1.0,0.8641975308641976,1.3696677354315496
2589,cicids2017_wed_c1,0.050000000000000044,-2.000000000000001,35,0.44,1.0,0.6111111111111112,1.4147224440482231
2590,cicids2017_tue_c0,0.050000000000000044,4.9999999999999964,58,0.7111111111111111,0.9142857142857143,0.8,1.349061703357827
2591,cicids2017_fri_c0,0.050000000000000044,17.700000000000003,59,0.825,0.9428571428571428,0.88,1.4509231663758548
2592,cicids2017_tue_c0,0.050000000000000044,17.3,56,0.660377358490566,1.0,0.7954545454545454,1.417882586275154
2593,cicids2017_wed_c0,0.050000000000000044,13.299999999999999,54,0.68,0.9714285714285714,0.8,1.4414117662620807
2594,cicids2017_fri_c0,0.050000000000000044,25.900000000000006,59,0.8717948717948718,0.9714285714285714,0.9189189189189189,1.4165163150538764
2595,cicids2017_tue_c0,0.050000000000000044,16.4,52,0.723404255319149,0.9714285714285714,0.8292682926829269,1.4917743136475867
2596,cicids2017_fri_c0,0.050000000000000044,22.5,58,0.8095238095238095,0.9714285714285714,0.8831168831168832,1.43154156407622
2597,cicids2017_wed_c0,0.050000000000000044,18.4,56,0.6730769230769231,1.0,0.8045977011494253,1.4313820601030234
2598,cicids2017_wed_c0,0.050000000000000044,14.100000000000001,51,0.6938775510204082,0.9714285714285714,0.8095238095238094,1.5050878660657367
2599,cicids2017_wed_c1,0.050000000000000044,2.8999999999999972,40,0.5238095238095238,1.0,0.6875000000000001,1.5911949989318832
2600,cicids2017_tue_c0,0.050000000000000044,17.699999999999996,54,0.7391304347826086,0.9714285714285714,0.8395061728395062,1.5351438596491667
2601,cicids2017_wed_c1,0.050000000000000044,0.09999999999999698,39,0.5882352941176471,0.9090909090909091,0.7142857142857143,1.3783845138807236
2602,cicids2017_fri_c0,0.050000000000000044,21.300000000000004,57,0.7906976744186046,0.9714285714285714,0.8717948717948717,1.3786621360884892
2603,cicids2017_wed_c1,0.050000000000000044,-1.4000000000000035,41,0.44,1.0,0.6111111111111112,1.401998302501699
2604,cicids2017_wed_c0,0.050000000000000044,-2.9,56,0.6153846153846154,0.9142857142857143,0.7356321839080461,1.3948889448624051
2605,cicids2017_wed_c1,0.050000000000000044,-4.700000000000001,41,0.39285714285714285,1.0,0.5641025641025641,1.411736134084684
2606,cicids2017_wed_c1,0.050000000000000044,-2.5999999999999996,40,0.4230769230769231,1.0,0.5945945945945945,1.4940883717955473
2607,cicids2017_wed_c0,0.050000000000000044,11.6,59,0.6538461538461539,0.9714285714285714,0.7816091954022988,1.5233363487829534
2608,cicids2017_tue_c0,0.050000000000000044,-2.4000000000000004,55,0.6888888888888889,0.8857142857142857,0.775,1.5366762926140038
2609,cicids2017_wed_c0,0.050000000000000044,18.300000000000004,55,0.6730769230769231,1.0,0.8045977011494253,1.4868291834934424
2610,cicids2017_wed_c1,0.050000000000000044,4.399999999999998,44,0.55,1.0,0.7096774193548387,1.536111274416353
2611,cicids2017_wed_c1,0.050000000000000044,-6.700000000000001,43,0.36666666666666664,1.0,0.5365853658536585,1.4544848814026345
2612,cicids2017_wed_c1,0.050000000000000044,9.499999999999993,40,0.7333333333333333,1.0,0.846153846153846,1.4972715867295574
2613,cicids2017_fri_c0,0.050000000000000044,9.3,57,0.7804878048780488,0.9142857142857143,0.8421052631578947,1.4242320057273736
2614,cicids2017_wed_c0,0.050000000000000044,16.200000000000003,56,0.6481481481481481,1.0,0.7865168539325843,1.502284369116465
2615,cicids2017_fri_c0,0.050000000000000044,7.1999999999999975,58,0.7441860465116279,0.9142857142857143,0.8205128205128205,1.4854846164549542
2616,cicids2017_wed_c0,0.050000000000000044,22.70000000000001,55,0.7291666666666666,1.0,0.8433734939759037,1.5210593574189057
2617,cicids2017_wed_c1,0.050000000000000044,-4.600000000000001,36,0.47619047619047616,0.9090909090909091,0.6249999999999999,1.4587428955902242
2618,cicids2017_fri_c0,0.050000000000000044,29.599999999999994,58,0.8333333333333334,1.0,0.9090909090909091,1.4725882329801885
2619,cicids2017_wed_c0,0.050000000000000044,13.1,52,0.68,0.9714285714285714,0.8,1.5089288689572327
2620,cicids2017_wed_c1,0.050000000000000044,-5.500000000000002,44,0.3793103448275862,1.0,0.5499999999999999,1.3917010596475403
2621,cicids2017_wed_c1,0.050000000000000044,0.6000000000000001,39,0.4782608695652174,1.0,0.6470588235294118,1.3675405254740118
2622,cicids2017_tue_c0,0.050000000000000044,15.700000000000003,56,0.7083333333333334,0.9714285714285714,0.8192771084337349,1.4583454763542196
2623,cicids2017_fri_c0,0.050000000000000044,31.300000000000004,53,0.875,1.0,0.9333333333333333,1.4156530656480395
2624,cicids2017_wed_c1,0.050000000000000044,-10.799999999999999,40,0.37037037037037035,0.9090909090909091,0.5263157894736842,1.4388232712015854
2625,cicids2017_wed_c1,0.050000000000000044,-10.100000000000001,42,0.3333333333333333,1.0,0.5,1.4079937714708255
2626,cicids2017_wed_c0,0.050000000000000044,17.1,54,0.660377358490566,1.0,0.7954545454545454,1.4374474016715866
2627,cicids2017_wed_c1,0.050000000000000044,-4.100000000000001,41,0.47619047619047616,0.9090909090909091,0.6249999999999999,1.5421918094584057
2628,cicids2017_fri_c0,0.050000000000000044,15.5,59,0.7857142857142857,0.9428571428571428,0.8571428571428571,1.395246119081632
2629,cicids2017_wed_c0,0.050000000000000044,7.0,57,0.6071428571428571,0.9714285714285714,0.7472527472527473,1.4549306378736448
2630,cicids2017_fri_c0,0.050000000000000044,4.299999999999997,56,0.7948717948717948,0.8857142857142857,0.8378378378378378,1.5212413975721932
2631,cicids2017_wed_c1,0.050000000000000044,1.9000000000000008,46,0.625,0.9090909090909091,0.7407407407407406,1.5212829167758022
2632,cicids2017_wed_c0,0.050000000000000044,12.4,56,0.6666666666666666,0.9714285714285714,0.7906976744186046,1.5205688078844706
2633,cicids2017_wed_c1,0.050000000000000044,5.499999999999998,33,0.6111111111111112,1.0,0.7586206896551725,1.5099814580698556
2634,cicids2017_wed_c0,0.050000000000000044,11.299999999999999,56,0.6538461538461539,0.9714285714285714,0.7816091954022988,1.37991397392535
2635,cicids2017_fri_c0,0.050000000000000044,16.599999999999994,59,0.8048780487804879,0.9428571428571428,0.868421052631579,1.5394174048862936
2636,cicids2017_fri_c0,0.050000000000000044,12.599999999999998,57,0.8421052631578947,0.9142857142857143,0.8767123287671234,1.366978871135351
2637,cicids2017_tue_c0,0.050000000000000044,19.800000000000004,53,0.7727272727272727,0.9714285714285714,0.8607594936708862,1.4354762072115268
2638,cicids2017_wed_c0,0.050000000000000044,8.499999999999998,55,0.6875,0.9428571428571428,0.7951807228915663,1.4992778504591984
2639,cicids2017_fri_c0,0.050000000000000044,8.299999999999999,58,0.7619047619047619,0.9142857142857143,0.8311688311688312,1.4740830136336753
2640,cicids2017_wed_c1,0.050000000000000044,2.199999999999998,33,0.5238095238095238,1.0,0.6875000000000001,1.4935588728548614
2641,cicids2017_fri_c0,0.050000000000000044,2.899999999999997,59,0.6808510638297872,0.9142857142857143,0.7804878048780487,1.5107108622634502
2642,cicids2017_tue_c0,0.050000000000000044,13.500000000000005,56,0.68,0.9714285714285714,0.8,1.6026382010167564
2643,cicids2017_fri_c0,0.050000000000000044,22.5,58,0.8095238095238095,0.9714285714285714,0.8831168831168832,1.4745235534807555
2644,cicids2017_tue_c0,0.050000000000000044,10.499999999999998,53,0.717391304347826,0.9428571428571428,0.8148148148148148,1.4578705527637201
2645,cicids2017_tue_c0,0.050000000000000044,14.6,56,0.6938775510204082,0.9714285714285714,0.8095238095238094,1.4952029500508073
2646,cicids2017_fri_c0,0.050000000000000044,21.099999999999998,55,0.7906976744186046,0.9714285714285714,0.8717948717948717,1.3743766286522348
2647,cicids2017_wed_c0,0.050000000000000044,22.60000000000001,54,0.7291666666666666,1.0,0.8433734939759037,1.4240351874421573
2648,cicids2017_wed_c1,0.050000000000000044,3.199999999999996,43,0.5238095238095238,1.0,0.6875000000000001,1.4346515327014366
2649,cicids2017_wed_c1,0.050000000000000044,1.3999999999999964,36,0.5,1.0,0.6666666666666666,1.3941018752245493
2650,cicids2017_tue_c0,0.050000000000000044,21.5,54,0.7142857142857143,1.0,0.8333333333333333,1.4477977283351917
2651,cicids2017_wed_c1,0.050000000000000044,-16.9,45,0.30303030303030304,0.9090909090909091,0.45454545454545453,1.520714988695011
2652,cicids2017_wed_c1,0.050000000000000044,-11.000000000000002,38,0.37037037037037035,0.9090909090909091,0.5263157894736842,1.4348774119660634
2653,cicids2017_wed_c1,0.050000000000000044,-9.900000000000002,38,0.38461538461538464,0.9090909090909091,0.5405405405405405,1.4147298665592398
2654,cicids2017_tue_c0,0.050000000000000044,2.799999999999997,58,0.6808510638297872,0.9142857142857143,0.7804878048780487,1.4055315795866263
2655,cicids2017_wed_c1,0.050000000000000044,-2.5,41,0.4230769230769231,1.0,0.5945945945945945,1.4080841324983544
2656,cicids2017_wed_c0,0.050000000000000044,11.100000000000001,54,0.6538461538461539,0.9714285714285714,0.7816091954022988,1.4354099073816626
2657,cicids2017_fri_c0,0.050000000000000044,22.400000000000006,57,0.8095238095238095,0.9714285714285714,0.8831168831168832,1.5347910755506442
2658,cicids2017_tue_c0,0.050000000000000044,21.000000000000007,54,0.7906976744186046,0.9714285714285714,0.8717948717948717,1.5057701556403302
2659,cicids2017_wed_c0,0.050000000000000044,14.100000000000001,57,0.625,1.0,0.7692307692307693,1.3625262504413955
2660,cicids2017_fri_c0,0.050000000000000044,22.300000000000004,56,0.8095238095238095,0.9714285714285714,0.8831168831168832,1.425333599951094
2661,cicids2017_tue_c0,0.050000000000000044,10.799999999999999,56,0.717391304347826,0.9428571428571428,0.8148148148148148,1.5001793099685286
2662,cicids2017_wed_c1,0.050000000000000044,-18.4,40,0.38095238095238093,0.7272727272727273,0.5,1.52544337855106
2663,cicids2017_fri_c0,0.050000000000000044,3.200000000000001,56,0.775,0.8857142857142857,0.8266666666666667,1.4786371534581986
2664,cicids2017_tue_c0,0.050000000000000044,21.200000000000003,56,0.7906976744186046,0.9714285714285714,0.8717948717948717,1.467836013168593
2665,cicids2017_fri_c0,0.050000000000000044,21.400000000000002,58,0.7906976744186046,0.9714285714285714,0.8717948717948717,1.4492442994660428
2666,cicids2017_wed_c0,0.050000000000000044,10.2,56,0.6415094339622641,0.9714285714285714,0.7727272727272727,1.5097378321908201
2667,cicids2017_fri_c0,0.050000000000000044,16.5,58,0.8048780487804879,0.9428571428571428,0.868421052631579,1.3759717113277448
2668,cicids2017_wed_c1,0.050000000000000044,1.4999999999999942,42,0.625,0.9090909090909091,0.7407407407407406,1.4872697852200356
2669,cicids2017_fri_c0,0.050000000000000044,28.4,57,0.813953488372093,1.0,0.8974358974358974,1.5094214317173362
2670,cicids2017_wed_c1,0.050000000000000044,8.099999999999994,37,0.6875,1.0,0.8148148148148148,1.4570023205529496
2671,cicids2017_wed_c1,0.050000000000000044,-8.800000000000002,38,0.4,0.9090909090909091,0.5555555555555556,1.4915517219977423
2672,cicids2017_wed_c1,0.050000000000000044,-0.20000000000000082,42,0.4583333333333333,1.0,0.6285714285714286,1.4743354234552788
2673,cicids2017_wed_c1,0.050000000000000044,-0.7000000000000006,37,0.4583333333333333,1.0,0.6285714285714286,1.4945867179301664
2674,cicids2017_fri_c0,0.050000000000000044,16.5,58,0.8048780487804879,0.9428571428571428,0.868421052631579,1.5046981409492066
2675,cicids2017_wed_c1,0.050000000000000044,-1.799999999999999,37,0.44,1.0,0.6111111111111112,1.3748250407357239
2676,cicids2017_wed_c0,0.050000000000000044,11.2,55,0.6538461538461539,0.9714285714285714,0.7816091954022988,1.4598038281428358
2677,cicids2017_wed_c1,0.050000000000000044,-0.6000000000000005,38,0.4583333333333333,1.0,0.6285714285714286,1.4350852123135203
2678,cicids2017_wed_c1,0.050000000000000044,8.099999999999994,37,0.6875,1.0,0.8148148148148148,1.4252677025361806
2679,cicids2017_wed_c0,0.050000000000000044,12.300000000000002,55,0.6666666666666666,0.9714285714285714,0.7906976744186046,1.389284059125051
2680,cicids2017_tue_c0,0.050000000000000044,9.799999999999997,57,0.7021276595744681,0.9428571428571428,0.8048780487804879,1.3586450276923268
2681,cicids2017_fri_c0,0.050000000000000044,24.400000000000006,55,0.85,0.9714285714285714,0.9066666666666667,1.3745387529194146
2682,cicids2017_fri_c0,0.050000000000000044,17.999999999999996,57,0.7391304347826086,0.9714285714285714,0.8395061728395062,1.4174706743234213
2683,cicids2017_tue_c0,0.050000000000000044,8.799999999999999,52,0.7804878048780488,0.9142857142857143,0.8421052631578947,1.3546699868016163
2684,cicids2017_wed_c1,0.050000000000000044,-11.500000000000004,44,0.35714285714285715,0.9090909090909091,0.5128205128205129,1.3501527192669203
2685,cicids2017_wed_c0,0.050000000000000044,-1.8000000000000003,56,0.6274509803921569,0.9142857142857143,0.7441860465116279,1.3891096383584087
2686,cicids2017_tue_c0,0.050000000000000044,10.700000000000001,55,0.717391304347826,0.9428571428571428,0.8148148148148148,1.4080183975860394
2687,cicids2017_fri_c0,0.050000000000000044,-0.30000000000000204,54,0.7209302325581395,0.8857142857142857,0.7948717948717948,1.4097755993383727
2688,cicids2017_wed_c0,0.050000000000000044,10.2,56,0.6415094339622641,0.9714285714285714,0.7727272727272727,1.3843365901573006
2689,cicids2017_wed_c0,0.050000000000000044,12.399999999999999,56,0.6666666666666666,0.9714285714285714,0.7906976744186046,1.409032307142864
2690,cicids2017_wed_c1,0.050000000000000044,-3.3000000000000003,33,0.4230769230769231,1.0,0.5945945945945945,1.5014137270672183
2691,cicids2017_wed_c0,0.050000000000000044,6.300000000000001,55,0.66,0.9428571428571428,0.7764705882352942,1.3532501341901826
2692,cicids2017_wed_c0,0.050000000000000044,18.1,53,0.6730769230769231,1.0,0.8045977011494253,1.523713595896102
2693,cicids2017_wed_c1,0.050000000000000044,-11.799999999999999,46,0.4090909090909091,0.8181818181818182,0.5454545454545455,1.3664216332427213
2694,cicids2017_tue_c0,0.050000000000000044,18.400000000000002,50,0.7555555555555555,0.9714285714285714,0.85,1.481200842052249
2695,cicids2017_wed_c1,0.050000000000000044,-4.700000000000003,41,0.39285714285714285,1.0,0.5641025641025641,1.4456039110493952
2696,cicids2017_tue_c0,0.050000000000000044,15.600000000000001,55,0.7083333333333334,0.9714285714285714,0.8192771084337349,1.4593225710725173
2697,cicids2017_fri_c0,0.050000000000000044,26.799999999999997,57,0.8947368421052632,0.9714285714285714,0.9315068493150684,1.4722069602459051
2698,cicids2017_tue_c0,0.050000000000000044,15.7,56,0.7083333333333334,0.9714285714285714,0.8192771084337349,1.4189107644353096
2699,cicids2017_fri_c0,0.050000000000000044,27.4,58,0.7954545454545454,1.0,0.8860759493670886,1.5022910730813859
2700,cicids2017_fri_c0,0.050000000000000044,26.099999999999998,56,0.7777777777777778,1.0,0.8750000000000001,1.4581788716616286
2701,cicids2017_wed_c1,0.050000000000000044,-10.6,42,0.37037037037037035,0.9090909090909091,0.5263157894736842,1.485923052558889
2702,cicids2017_wed_c1,0.050000000000000044,-13.400000000000002,41,0.391304347826087,0.8181818181818182,0.5294117647058824,1.3043721927395995
2703,cicids2017_fri_c0,0.050000000000000044,19.099999999999998,57,0.7555555555555555,0.9714285714285714,0.85,1.5082912574796041
2704,cicids2017_wed_c1,0.050000000000000044,6.699999999999996,45,0.6111111111111112,1.0,0.7586206896551725,1.433610455392285
2705,cicids2017_fri_c0,0.050000000000000044,17.599999999999994,58,0.825,0.9428571428571428,0.88,1.4523089638720308
2706,cicids2017_tue_c0,0.050000000000000044,24.6,52,0.7608695652173914,1.0,0.8641975308641976,1.4137091482834596
2707,cicids2017_wed_c0,0.050000000000000044,16.2,56,0.6481481481481481,1.0,0.7865168539325843,1.477902579754833
2708,cicids2017_tue_c0,0.050000000000000044,17.5,52,0.7391304347826086,0.9714285714285714,0.8395061728395062,1.3250784902528352
2709,cicids2017_wed_c0,0.050000000000000044,5.0,53,0.6470588235294118,0.9428571428571428,0.7674418604651163,1.3944923463983299
2710,cicids2017_wed_c1,0.050000000000000044,2.9999999999999973,41,0.5238095238095238,1.0,0.6875000000000001,1.5113822740690948
2711,cicids2017_fri_c0,0.050000000000000044,23.499999999999996,57,0.8292682926829268,0.9714285714285714,0.8947368421052632,1.492989189022114
2712,cicids2017_fri_c0,0.050000000000000044,-1.7000000000000046,56,0.7894736842105263,0.8571428571428571,0.8219178082191781,1.4557415074157578
2713,cicids2017_wed_c1,0.050000000000000044,-7.600000000000003,45,0.3548387096774194,1.0,0.5238095238095238,1.4542196124316038
2714,cicids2017_wed_c0,0.050000000000000044,-10.0,56,0.5961538461538461,0.8857142857142857,0.7126436781609196,1.4726930038065216
2715,cicids2017_wed_c0,0.050000000000000044,18.3,55,0.6730769230769231,1.0,0.8045977011494253,1.4863406667429175
2716,cicids2017_tue_c0,0.050000000000000044,14.499999999999998,55,0.6938775510204082,0.9714285714285714,0.8095238095238094,1.4608207346701736
2717,cicids2017_tue_c0,0.050000000000000044,22.700000000000003,55,0.7291666666666666,1.0,0.8433734939759037,1.4105749265382992
2718,cicids2017_wed_c0,0.050000000000000044,16.299999999999997,57,0.6481481481481481,1.0,0.7865168539325843,1.45890591091093
2719,cicids2017_wed_c0,0.050000000000000044,17.499999999999996,58,0.660377358490566,1.0,0.7954545454545454,1.415240290054484
2720,cicids2017_fri_c0,0.050000000000000044,17.799999999999997,55,0.7391304347826086,0.9714285714285714,0.8395061728395062,1.4669150556486672
2721,cicids2017_wed_c0,0.050000000000000044,15.300000000000004,58,0.6363636363636364,1.0,0.7777777777777778,1.3862031862332769
2722,cicids2017_wed_c0,0.050000000000000044,12.1,53,0.6666666666666666,0.9714285714285714,0.7906976744186046,1.3530198215900942
2723,cicids2017_fri_c0,0.050000000000000044,17.400000000000002,56,0.825,0.9428571428571428,0.88,1.4108512385087368
2724,cicids2017_tue_c0,0.050000000000000044,7.599999999999998,57,0.673469387755102,0.9428571428571428,0.7857142857142857,1.4799081114833295
2725,cicids2017_wed_c1,0.050000000000000044,-14.0,41,0.3333333333333333,0.9090909090909091,0.4878048780487804,1.3615661515587771
2726,cicids2017_wed_c0,0.050000000000000044,1.2999999999999994,54,0.6666666666666666,0.9142857142857143,0.7710843373493975,1.464655787178754
2727,cicids2017_fri_c0,0.050000000000000044,27.3,57,0.7954545454545454,1.0,0.8860759493670886,1.4307206379996007
2728,cicids2017_fri_c0,0.050000000000000044,27.300000000000008,57,0.7954545454545454,1.0,0.8860759493670886,1.3761772043860288
2729,cicids2017_wed_c0,0.050000000000000044,6.299999999999999,55,0.66,0.9428571428571428,0.7764705882352942,1.4089392668454377
2730,cicids2017_tue_c0,0.050000000000000044,18.500000000000007,57,0.6730769230769231,1.0,0.8045977011494253,1.3407757470911246
2731,cicids2017_wed_c1,0.050000000000000044,2.0999999999999948,43,0.5,1.0,0.6666666666666666,1.44926128075703
2732,cicids2017_wed_c0,0.050000000000000044,13.3,54,0.68,0.9714285714285714,0.8,1.5073454503776413
2733,cicids2017_wed_c1,0.050000000000000044,-9.3,39,0.34375,1.0,0.5116279069767442,1.37526407383861
2734,cicids2017_fri_c0,0.050000000000000044,16.3,56,0.8048780487804879,0.9428571428571428,0.868421052631579,1.3263897319485924
2735,cicids2017_tue_c0,0.050000000000000044,14.600000000000001,56,0.6938775510204082,0.9714285714285714,0.8095238095238094,1.444183764205331
2736,cicids2017_fri_c0,0.050000000000000044,11.5,57,0.8205128205128205,0.9142857142857143,0.8648648648648648,1.4183595041245423
2737,cicids2017_wed_c0,0.050000000000000044,4.199999999999999,56,0.6346153846153846,0.9428571428571428,0.7586206896551724,1.4835594316251854
2738,cicids2017_fri_c0,0.050000000000000044,29.500000000000004,57,0.8333333333333334,1.0,0.9090909090909091,1.5217594007050785
2739,cicids2017_tue_c0,0.050000000000000044,17.8,55,0.7391304347826086,0.9714285714285714,0.8395061728395062,1.4547464688468714
2740,cicids2017_tue_c0,0.050000000000000044,9.7,56,0.7021276595744681,0.9428571428571428,0.8048780487804879,1.4099710108378651
2741,cicids2017_fri_c0,0.050000000000000044,14.799999999999997,57,0.8888888888888888,0.9142857142857143,0.9014084507042254,1.5200979877023064
2742,cicids2017_fri_c0,0.050000000000000044,29.400000000000006,56,0.8333333333333334,1.0,0.9090909090909091,1.4023129550988254
2743,cicids2017_wed_c0,0.050000000000000044,17.299999999999997,56,0.660377358490566,1.0,0.7954545454545454,1.4160595361200543
2744,cicids2017_wed_c1,0.050000000000000044,-2.7,39,0.4230769230769231,1.0,0.5945945945945945,1.4020482975381796
2745,cicids2017_fri_c0,0.050000000000000044,18.199999999999996,59,0.7391304347826086,0.9714285714285714,0.8395061728395062,1.523430370536205
2746,cicids2017_tue_c0,0.050000000000000044,-5.100000000000001,55,0.7317073170731707,0.8571428571428571,0.7894736842105263,1.4242581063099047
2747,cicids2017_fri_c0,0.050000000000000044,27.300000000000004,57,0.7954545454545454,1.0,0.8860759493670886,1.4688372434822368
2748,cicids2017_wed_c1,0.050000000000000044,-5.799999999999999,41,0.3793103448275862,1.0,0.5499999999999999,1.4786422068927672
2749,cicids2017_tue_c0,0.050000000000000044,14.5,55,0.6938775510204082,0.9714285714285714,0.8095238095238094,1.411706623839696
2750,cicids2017_wed_c1,0.050000000000000044,-8.9,43,0.34375,1.0,0.5116279069767442,1.5336133998020562
2751,cicids2017_fri_c0,0.050000000000000044,10.499999999999996,58,0.8,0.9142857142857143,0.8533333333333333,1.4564441862783029
2752,cicids2017_fri_c0,0.050000000000000044,17.500000000000007,57,0.825,0.9428571428571428,0.88,1.5137093743488872
2753,cicids2017_wed_c0,0.050000000000000044,12.299999999999999,55,0.6666666666666666,0.9714285714285714,0.7906976744186046,1.4334695977117449
2754,cicids2017_wed_c0,0.050000000000000044,8.0,56,0.6181818181818182,0.9714285714285714,0.7555555555555554,1.359750215798291
2755,cicids2017_wed_c1,0.050000000000000044,-5.699999999999999,42,0.3793103448275862,1.0,0.5499999999999999,1.6459590477239558
2756,cicids2017_wed_c1,0.050000000000000044,2.7999999999999954,39,0.5238095238095238,1.0,0.6875000000000001,1.5147950241085224
2757,cicids2017_wed_c1,0.050000000000000044,-3.7000000000000015,40,0.4074074074074074,1.0,0.5789473684210525,1.5271188771659285
2758,cicids2017_wed_c0,0.050000000000000044,15.5,54,0.7083333333333334,0.9714285714285714,0.8192771084337349,1.399456721502087
2759,cicids2017_tue_c0,0.050000000000000044,23.400000000000002,51,0.7446808510638298,1.0,0.8536585365853657,1.4113209814286654
2760,cicids2017_tue_c0,0.050000000000000044,2.5,55,0.6808510638297872,0.9142857142857143,0.7804878048780487,1.4041493484072747
2761,cicids2017_fri_c0,0.050000000000000044,18.800000000000004,59,0.8461538461538461,0.9428571428571428,0.8918918918918919,1.4831548674690285
2762,cicids2017_tue_c0,0.050000000000000044,16.800000000000004,56,0.723404255319149,0.9714285714285714,0.8292682926829269,1.5742731821066656
2763,cicids2017_tue_c0,0.050000000000000044,4.599999999999998,54,0.7111111111111111,0.9142857142857143,0.8,1.4966405575274218
2764,cicids2017_fri_c0,0.050000000000000044,30.5,56,0.8536585365853658,1.0,0.9210526315789475,1.4470493429877709
2765,cicids2017_fri_c0,0.050000000000000044,23.599999999999994,58,0.8292682926829268,0.9714285714285714,0.8947368421052632,1.4786883280443541
2766,cicids2017_wed_c0,0.050000000000000044,12.3,55,0.6666666666666666,0.9714285714285714,0.7906976744186046,1.509877936122969
2767,cicids2017_tue_c0,0.050000000000000044,15.800000000000002,57,0.7083333333333334,0.9714285714285714,0.8192771084337349,1.3895999021601007
2768,cicids2017_wed_c1,0.050000000000000044,-4.700000000000003,35,0.47619047619047616,0.9090909090909091,0.6249999999999999,1.536554346356078
2769,cicids2017_tue_c0,0.050000000000000044,11.399999999999999,57,0.6538461538461539,0.9714285714285714,0.7816091954022988,1.5915671968134053
2770,cicids2017_wed_c1,0.050000000000000044,-4.000000000000003,36,0.6428571428571429,0.8181818181818182,0.7200000000000001,1.4665874204910296
2771,cicids2017_wed_c0,0.050000000000000044,3.0999999999999996,56,0.6226415094339622,0.9428571428571428,0.7500000000000001,1.44618071020931
2772,cicids2017_fri_c0,0.050000000000000044,3.1,55,0.775,0.8857142857142857,0.8266666666666667,1.3618751177091217
2773,cicids2017_fri_c0,0.050000000000000044,8.399999999999997,59,0.7619047619047619,0.9142857142857143,0.8311688311688312,1.4956041975912346
2774,cicids2017_wed_c0,0.050000000000000044,17.1,54,0.660377358490566,1.0,0.7954545454545454,1.4598158636234766
2775,cicids2017_wed_c0,0.050000000000000044,-0.7000000000000002,56,0.64,0.9142857142857143,0.7529411764705883,1.4699732777401766
2776,cicids2017_tue_c0,0.050000000000000044,9.599999999999998,55,0.7021276595744681,0.9428571428571428,0.8048780487804879,1.366169487042136
2777,cicids2017_wed_c0,0.050000000000000044,16.200000000000003,56,0.6481481481481481,1.0,0.7865168539325843,1.4868762128460058
2778,cicids2017_wed_c1,0.050000000000000044,-0.2999999999999998,41,0.4583333333333333,1.0,0.6285714285714286,1.470736441775879
2779,cicids2017_tue_c0,0.050000000000000044,19.400000000000002,55,0.6862745098039216,1.0,0.813953488372093,1.4268016328210726
2780,cicids2017_fri_c0,0.050000000000000044,30.4,55,0.8536585365853658,1.0,0.9210526315789475,1.3908144617552127
2781,cicids2017_tue_c0,0.050000000000000044,19.3,54,0.6862745098039216,1.0,0.813953488372093,1.3213522982076842
2782,cicids2017_wed_c1,0.050000000000000044,-17.599999999999987,37,0.4,0.7272727272727273,0.5161290322580645,1.4882373753569027
2783,cicids2017_wed_c1,0.050000000000000044,-4.5,43,0.39285714285714285,1.0,0.5641025641025641,1.3700175318594603
2784,cicids2017_wed_c1,0.050000000000000044,-7.1000000000000005,39,0.36666666666666664,1.0,0.5365853658536585,1.3105113168408447
2785,cicids2017_wed_c1,0.050000000000000044,0.2999999999999975,36,0.4782608695652174,1.0,0.6470588235294118,1.3394543331084523
2786,cicids2017_fri_c0,0.050000000000000044,27.500000000000004,59,0.7954545454545454,1.0,0.8860759493670886,1.2594318855160256
2787,cicids2017_tue_c0,0.050000000000000044,-4.4,57,0.6595744680851063,0.8857142857142857,0.7560975609756098,1.3667448780279723
2788,cicids2017_fri_c0,0.050000000000000044,16.299999999999997,56,0.8048780487804879,0.9428571428571428,0.868421052631579,1.3956113341854173
2789,cicids2017_fri_c0,0.050000000000000044,23.599999999999994,58,0.8292682926829268,0.9714285714285714,0.8947368421052632,1.4309722978400827
2790,cicids2017_wed_c1,0.050000000000000044,-9.5,42,0.38461538461538464,0.9090909090909091,0.5405405405405405,1.5584038104668074
2791,cicids2017_wed_c1,0.050000000000000044,-7.700000000000003,49,0.4,0.9090909090909091,0.5555555555555556,1.393961321775948
2792,cicids2017_fri_c0,0.050000000000000044,24.700000000000003,58,0.85,0.9714285714285714,0.9066666666666667,1.4836742986537474
2793,cicids2017_wed_c0,0.050000000000000044,11.0,53,0.6538461538461539,0.9714285714285714,0.7816091954022988,1.3987049235786098
2794,cicids2017_wed_c0,0.050000000000000044,15.100000000000001,56,0.6363636363636364,1.0,0.7777777777777778,1.4143853620828035
2795,cicids2017_fri_c0,0.050000000000000044,30.4,55,0.8536585365853658,1.0,0.9210526315789475,1.334569420084012
2796,cicids2017_wed_c1,0.050000000000000044,-3.200000000000002,34,0.4230769230769231,1.0,0.5945945945945945,1.3019868481473489
2797,cicids2017_wed_c1,0.050000000000000044,-2.6000000000000014,40,0.4230769230769231,1.0,0.5945945945945945,1.3972518269485454
2798,cicids2017_wed_c0,0.050000000000000044,-11.8,54,0.6382978723404256,0.8571428571428571,0.7317073170731707,1.4842512889610755
2799,cicids2017_wed_c0,0.050000000000000044,3.1999999999999993,57,0.6226415094339622,0.9428571428571428,0.7500000000000001,1.4517349476096906
2800,cicids2017_tue_c0,0.050000000000000044,12.799999999999997,54,0.75,0.9428571428571428,0.8354430379746834,1.384662124600764
2801,cicids2017_wed_c1,0.050000000000000044,0.6999999999999957,40,0.4782608695652174,1.0,0.6470588235294118,1.3537391127218938
2802,cicids2017_tue_c0,0.050000000000000044,15.700000000000003,56,0.7083333333333334,0.9714285714285714,0.8192771084337349,1.3793230903159366
2803,cicids2017_wed_c1,0.050000000000000044,-3.0000000000000013,36,0.4230769230769231,1.0,0.5945945945945945,1.374558395912602
2804,cicids2017_fri_c0,0.050000000000000044,16.4,57,0.8048780487804879,0.9428571428571428,0.868421052631579,1.3548902503027165
2805,cicids2017_fri_c0,0.050000000000000044,26.4,59,0.7777777777777778,1.0,0.8750000000000001,1.2910113421651825
2806,cicids2017_wed_c1,0.050000000000000044,-0.40000000000000235,40,0.4583333333333333,1.0,0.6285714285714286,1.3017725611290394
2807,cicids2017_tue_c0,0.050000000000000044,15.600000000000001,55,0.7083333333333334,0.9714285714285714,0.8192771084337349,1.3290139617922256
2808,cicids2017_tue_c0,0.050000000000000044,6.399999999999999,56,0.66,0.9428571428571428,0.7764705882352942,1.2761227651953109
2809,cicids2017_wed_c1,0.050000000000000044,-16.400000000000002,44,0.34615384615384615,0.8181818181818182,0.4864864864864865,1.3253502898955791
2810,cicids2017_fri_c0,0.050000000000000044,17.5,57,0.825,0.9428571428571428,0.88,1.379431373360196
2811,cicids2017_wed_c0,0.050000000000000044,18.400000000000006,56,0.6730769230769231,1.0,0.8045977011494253,1.292512284857974
2812,cicids2017_tue_c0,0.050000000000000044,23.800000000000004,55,0.7446808510638298,1.0,0.8536585365853657,1.3793675905495881
2813,cicids2017_fri_c0,0.050000000000000044,-10.900000000000002,57,0.725,0.8285714285714286,0.7733333333333333,1.374587370524856
2814,cicids2017_wed_c1,0.050000000000000044,-2.7000000000000024,39,0.4230769230769231,1.0,0.5945945945945945,1.3479739673988251
2815,cicids2017_fri_c0,0.050000000000000044,26.099999999999998,56,0.7777777777777778,1.0,0.8750000000000001,1.3531096003819407
2816,cicids2017_fri_c0,0.050000000000000044,21.5,59,0.7906976744186046,0.9714285714285714,0.8717948717948717,1.4238101392247775
2817,cicids2017_wed_c0,0.050000000000000044,12.0,52,0.6666666666666666,0.9714285714285714,0.7906976744186046,1.3694298724323535
2818,cicids2017_wed_c1,0.050000000000000044,-9.2,40,0.34375,1.0,0.5116279069767442,1.3646957423675592
2819,cicids2017_fri_c0,0.050000000000000044,20.299999999999997,58,0.7727272727272727,0.9714285714285714,0.8607594936708862,1.3678098538361423
2820,cicids2017_wed_c0,0.050000000000000044,16.3,57,0.6481481481481481,1.0,0.7865168539325843,1.4808480833176916
2821,cicids2017_wed_c0,0.050000000000000044,-0.5000000000000018,58,0.64,0.9142857142857143,0.7529411764705883,1.466049460674398
2822,cicids2017_wed_c1,0.050000000000000044,-14.000000000000004,35,0.391304347826087,0.8181818181818182,0.5294117647058824,1.319945153221584
2823,cicids2017_fri_c0,0.050000000000000044,24.700000000000006,58,0.85,0.9714285714285714,0.9066666666666667,1.408383099054715
2824,cicids2017_wed_c1,0.050000000000000044,-1.8000000000000034,42,0.5263157894736842,0.9090909090909091,0.6666666666666666,1.3891584219826263
2825,cicids2017_wed_c0,0.050000000000000044,6.1,53,0.66,0.9428571428571428,0.7764705882352942,1.4250046448232472
2826,cicids2017_wed_c1,0.050000000000000044,-2.3000000000000003,43,0.4230769230769231,1.0,0.5945945945945945,1.3137549286821157
2827,cicids2017_tue_c0,0.050000000000000044,13.499999999999996,56,0.68,0.9714285714285714,0.8,1.4265091511274863
2828,cicids2017_wed_c1,0.050000000000000044,-4.3000000000000025,39,0.47619047619047616,0.9090909090909091,0.6249999999999999,1.4114998522718978
2829,cicids2017_wed_c0,0.050000000000000044,8.2,58,0.6181818181818182,0.9714285714285714,0.7555555555555554,1.4530507600823752
2830,cicids2017_fri_c0,0.050000000000000044,27.800000000000008,56,0.918918918918919,0.9714285714285714,0.9444444444444445,1.3408826245408494
2831,cicids2017_wed_c1,0.050000000000000044,-3.6000000000000005,41,0.4074074074074074,1.0,0.5789473684210525,1.4674698273885778
2832,cicids2017_wed_c1,0.050000000000000044,0.4999999999999969,38,0.4782608695652174,1.0,0.6470588235294118,1.3468047526695164
2833,cicids2017_tue_c0,0.050000000000000044,15.399999999999999,53,0.7083333333333334,0.9714285714285714,0.8192771084337349,1.4361582904254124
2834,cicids2017_wed_c0,0.050000000000000044,12.299999999999999,55,0.6666666666666666,0.9714285714285714,0.7906976744186046,1.4623781637388007
2835,cicids2017_tue_c0,0.050000000000000044,24.700000000000003,53,0.7608695652173914,1.0,0.8641975308641976,1.4382701369884028
2836,cicids2017_wed_c0,0.050000000000000044,-1.9,55,0.6274509803921569,0.9142857142857143,0.7441860465116279,1.4244894725497719
2837,cicids2017_wed_c1,0.050000000000000044,-2.500000000000003,41,0.4230769230769231,1.0,0.5945945945945945,1.3433599974792383
2838,cicids2017_wed_c1,0.050000000000000044,-7.9,42,0.3548387096774194,1.0,0.5238095238095238,1.4557654123626174
2839,cicids2017_fri_c0,0.050000000000000044,21.400000000000006,58,0.7906976744186046,0.9714285714285714,0.8717948717948717,1.3566167915720284
2840,cicids2017_wed_c1,0.050000000000000044,-9.700000000000001,46,0.3333333333333333,1.0,0.5,1.2988880749600573
2841,cicids2017_tue_c0,0.050000000000000044,9.6,55,0.7021276595744681,0.9428571428571428,0.8048780487804879,1.446350657468074
2842,cicids2017_wed_c0,0.050000000000000044,10.200000000000001,56,0.6415094339622641,0.9714285714285714,0.7727272727272727,1.473703003351239
2843,cicids2017_wed_c1,0.050000000000000044,-4.900000000000003,39,0.39285714285714285,1.0,0.5641025641025641,1.4402701779348253
2844,cicids2017_tue_c0,0.050000000000000044,12.200000000000003,54,0.6666666666666666,0.9714285714285714,0.7906976744186046,1.5032946609969582
2845,cicids2017_tue_c0,0.050000000000000044,16.800000000000004,56,0.723404255319149,0.9714285714285714,0.8292682926829269,1.4479660976940065
2846,cicids2017_tue_c0,0.050000000000000044,12.399999999999999,56,0.6666666666666666,0.9714285714285714,0.7906976744186046,1.4381305384715302
2847,cicids2017_wed_c1,0.050000000000000044,-6.900000000000002,41,0.36666666666666664,1.0,0.5365853658536585,1.3799322187185108
2848,cicids2017_tue_c0,0.050000000000000044,2.3999999999999986,54,0.6808510638297872,0.9142857142857143,0.7804878048780487,1.395446537302558
2849,cicids2017_tue_c0,0.050000000000000044,12.399999999999999,56,0.6666666666666666,0.9714285714285714,0.7906976744186046,1.356213947468726
2850,cicids2017_tue_c0,0.050000000000000044,21.5,54,0.7142857142857143,1.0,0.8333333333333333,1.3495088992179414
2851,cicids2017_fri_c0,0.050000000000000044,25.400000000000006,54,0.8717948717948718,0.9714285714285714,0.9189189189189189,1.3874315506602197
2852,cicids2017_tue_c0,0.050000000000000044,16.6,54,0.723404255319149,0.9714285714285714,0.8292682926829269,1.456297399528395
2853,cicids2017_fri_c0,0.050000000000000044,28.5,58,0.813953488372093,1.0,0.8974358974358974,1.491047808670483
2854,cicids2017_fri_c0,0.050000000000000044,17.599999999999994,58,0.825,0.9428571428571428,0.88,1.4651192553243717
2855,cicids2017_wed_c0,0.050000000000000044,16.200000000000003,50,0.723404255319149,0.9714285714285714,0.8292682926829269,1.367135772017487
2856,cicids2017_fri_c0,0.050000000000000044,14.5,55,0.6938775510204082,0.9714285714285714,0.8095238095238094,1.4652527398255137
2857,cicids2017_wed_c0,0.050000000000000044,15.100000000000001,56,0.6363636363636364,1.0,0.7777777777777778,1.389135914161417
2858,cicids2017_wed_c1,0.050000000000000044,-3.0000000000000027,35,0.6923076923076923,0.8181818181818182,0.7500000000000001,1.3557725407970085
2859,cicids2017_wed_c0,0.050000000000000044,17.2,55,0.660377358490566,1.0,0.7954545454545454,1.3040369371187936
2860,cicids2017_tue_c0,0.050000000000000044,10.900000000000006,57,0.717391304347826,0.9428571428571428,0.8148148148148148,1.3363617280122206
2861,cicids2017_fri_c0,0.050000000000000044,23.5,57,0.8292682926829268,0.9714285714285714,0.8947368421052632,1.387287163987029
2862,cicids2017_wed_c1,0.050000000000000044,-3.8000000000000003,39,0.4074074074074074,1.0,0.5789473684210525,1.2948385285394568
2863,cicids2017_wed_c1,0.050000000000000044,5.499999999999995,44,0.5789473684210527,1.0,0.7333333333333334,1.2416984280829082
2864,cicids2017_wed_c0,0.050000000000000044,18.300000000000004,55,0.6730769230769231,1.0,0.8045977011494253,1.41964877601916
2865,cicids2017_fri_c0,0.050000000000000044,18.5,56,0.8461538461538461,0.9428571428571428,0.8918918918918919,1.3470278829260558
2866,cicids2017_fri_c0,0.050000000000000044,16.5,58,0.8048780487804879,0.9428571428571428,0.868421052631579,1.34740114675068
2867,cicids2017_tue_c0,0.050000000000000044,24.000000000000007,57,0.7446808510638298,1.0,0.8536585365853657,1.3804008740577494
2868,cicids2017_fri_c0,0.050000000000000044,20.199999999999996,57,0.7727272727272727,0.9714285714285714,0.8607594936708862,1.3001831728511792
2869,cicids2017_wed_c1,0.050000000000000044,-2.500000000000002,41,0.4230769230769231,1.0,0.5945945945945945,1.2837505281058539
2870,cicids2017_fri_c0,0.050000000000000044,25.500000000000004,55,0.8717948717948718,0.9714285714285714,0.9189189189189189,1.2909289112584512
2871,cicids2017_tue_c0,0.050000000000000044,22.799999999999997,56,0.7291666666666666,1.0,0.8433734939759037,1.3582296629048944
2872,cicids2017_wed_c1,0.050000000000000044,-11.700000000000001,42,0.35714285714285715,0.9090909090909091,0.5128205128205129,1.403527174914927
2873,cicids2017_wed_c1,0.050000000000000044,0.19999999999999973,35,0.4782608695652174,1.0,0.6470588235294118,1.3212473530360853
2874,cicids2017_fri_c0,0.050000000000000044,25.799999999999997,58,0.8717948717948718,0.9714285714285714,0.9189189189189189,1.402358448129633
2875,cicids2017_tue_c0,0.050000000000000044,12.300000000000004,55,0.6666666666666666,0.9714285714285714,0.7906976744186046,1.458336772209745
2876,cicids2017_wed_c0,0.050000000000000044,17.1,54,0.660377358490566,1.0,0.7954545454545454,1.4121997064811704
2877,cicids2017_wed_c0,0.050000000000000044,12.400000000000006,56,0.6666666666666666,0.9714285714285714,0.7906976744186046,1.4098176804878062
2878,cicids2017_wed_c1,0.050000000000000044,-4.799999999999999,40,0.39285714285714285,1.0,0.5641025641025641,1.3235079557303993
2879,cicids2017_wed_c1,0.050000000000000044,-11.599999999999998,43,0.35714285714285715,0.9090909090909091,0.5128205128205129,1.3546405258867962
2880,cicids2017_wed_c1,0.050000000000000044,2.2999999999999954,34,0.5238095238095238,1.0,0.6875000000000001,1.352124589747171
2881,cicids2017_fri_c0,0.050000000000000044,27.199999999999996,56,0.7954545454545454,1.0,0.8860759493670886,1.34459282562834
2882,cicids2017_fri_c0,0.050000000000000044,28.400000000000002,57,0.813953488372093,1.0,0.8974358974358974,1.2870406288676397
2883,cicids2017_wed_c0,0.050000000000000044,1.1999999999999993,53,0.6666666666666666,0.9142857142857143,0.7710843373493975,1.305228363840929
2884,cicids2017_fri_c0,0.050000000000000044,14.399999999999999,59,0.7674418604651163,0.9428571428571428,0.8461538461538461,1.3821083043266542
2885,cicids2017_tue_c0,0.050000000000000044,23.700000000000006,54,0.7446808510638298,1.0,0.8536585365853657,1.3297997097497103
2886,cicids2017_fri_c0,0.050000000000000044,26.199999999999996,57,0.7777777777777778,1.0,0.8750000000000001,1.420864847961377
2887,cicids2017_wed_c1,0.050000000000000044,0.29999999999999816,36,0.4782608695652174,1.0,0.6470588235294118,1.373354038032595
2888,cicids2017_fri_c0,0.050000000000000044,19.0,56,0.7555555555555555,0.9714285714285714,0.85,1.3365637363012581
2889,cicids2017_fri_c0,0.050000000000000044,15.199999999999998,56,0.7857142857142857,0.9428571428571428,0.8571428571428571,1.4867840008341673
2890,cicids2017_fri_c0,0.050000000000000044,6.599999999999998,58,0.66,0.9428571428571428,0.7764705882352942,1.5227565090331192
2891,cicids2017_fri_c0,0.050000000000000044,5.4999999999999964,57,0.8157894736842105,0.8857142857142857,0.8493150684931505,1.3688338611444828
2892,cicids2017_wed_c0,0.050000000000000044,18.2,54,0.6730769230769231,1.0,0.8045977011494253,1.3840600708080844
2893,cicids2017_tue_c0,0.050000000000000044,11.5,52,0.7333333333333333,0.9428571428571428,0.8250000000000001,1.3776046244359166
2894,cicids2017_wed_c1,0.050000000000000044,-2.8000000000000003,38,0.4230769230769231,1.0,0.5945945945945945,1.3840495174038363
2895,cicids2017_tue_c0,0.050000000000000044,23.700000000000003,54,0.7446808510638298,1.0,0.8536585365853657,1.3206636304125425
2896,cicids2017_wed_c0,0.050000000000000044,10.2,56,0.6415094339622641,0.9714285714285714,0.7727272727272727,1.3343390284853063
2897,cicids2017_wed_c0,0.050000000000000044,16.1,55,0.6481481481481481,1.0,0.7865168539325843,1.3647387101014057
2898,cicids2017_wed_c0,0.050000000000000044,16.200000000000003,56,0.6481481481481481,1.0,0.7865168539325843,1.3377336609359962
2899,cicids2017_wed_c1,0.050000000000000044,-10.900000000000004,39,0.37037037037037035,0.9090909090909091,0.5263157894736842,1.4217645863341555
2900,cicids2017_fri_c0,0.050000000000000044,26.0,55,0.7777777777777778,1.0,0.8750000000000001,1.326787740008993
2901,cicids2017_wed_c0,0.050000000000000044,12.299999999999999,55,0.6666666666666666,0.9714285714285714,0.7906976744186046,1.3484806820479418
2902,cicids2017_wed_c1,0.050000000000000044,-12.500000000000002,39,0.4090909090909091,0.8181818181818182,0.5454545454545455,1.2144394748722576
2903,cicids2017_wed_c1,0.050000000000000044,5.799999999999995,36,0.6111111111111112,1.0,0.7586206896551725,1.3756178833151804
2904,cicids2017_wed_c0,0.050000000000000044,12.399999999999999,56,0.6666666666666666,0.9714285714285714,0.7906976744186046,1.3433794169119238
2905,cicids2017_wed_c0,0.050000000000000044,16.3,51,0.723404255319149,0.9714285714285714,0.8292682926829269,1.3405145477177722
2906,cicids2017_wed_c1,0.050000000000000044,-0.6000000000000039,38,0.4583333333333333,1.0,0.6285714285714286,1.4481620274221818
2907,cicids2017_wed_c0,0.050000000000000044,12.100000000000001,53,0.6666666666666666,0.9714285714285714,0.7906976744186046,1.4644386758582144
2908,cicids2017_wed_c1,0.050000000000000044,1.3000000000000012,46,0.4782608695652174,1.0,0.6470588235294118,1.3259932393183769
2909,cicids2017_fri_c0,0.050000000000000044,29.5,57,0.8333333333333334,1.0,0.9090909090909091,1.3680921216029263
2910,cicids2017_tue_c0,0.050000000000000044,16.6,54,0.723404255319149,0.9714285714285714,0.8292682926829269,1.3524423018217997
2911,cicids2017_fri_c0,0.050000000000000044,22.4,57,0.8095238095238095,0.9714285714285714,0.8831168831168832,1.431914218765579
2912,cicids2017_fri_c0,0.050000000000000044,29.4,56,0.8333333333333334,1.0,0.9090909090909091,1.4046999145497803
2913,cicids2017_tue_c0,0.050000000000000044,16.400000000000002,52,0.723404255319149,0.9714285714285714,0.8292682926829269,1.4025660110364309
2914,cicids2017_fri_c0,0.050000000000000044,30.5,56,0.8536585365853658,1.0,0.9210526315789475,1.3879017431412837
2915,cicids2017_tue_c0,0.050000000000000044,15.600000000000001,55,0.7083333333333334,0.9714285714285714,0.8192771084337349,1.2667411199056795
2916,cicids2017_tue_c0,0.050000000000000044,9.399999999999999,53,0.7021276595744681,0.9428571428571428,0.8048780487804879,1.3109127342947682
2917,cicids2017_wed_c0,0.050000000000000044,11.3,56,0.6538461538461539,0.9714285714285714,0.7816091954022988,1.3791200941369017
2918,cicids2017_wed_c1,0.050000000000000044,4.799999999999995,37,0.5789473684210527,1.0,0.7333333333333334,1.372777349504136
2919,cicids2017_wed_c1,0.050000000000000044,1.599999999999997,38,0.5,1.0,0.6666666666666666,1.3965050556055887
2920,cicids2017_tue_c0,0.050000000000000044,19.400000000000002,55,0.6862745098039216,1.0,0.813953488372093,1.3996408337310038
2921,cicids2017_tue_c0,0.050000000000000044,25.000000000000007,56,0.7608695652173914,1.0,0.8641975308641976,1.3684311166198018
2922,cicids2017_wed_c1,0.050000000000000044,4.4999999999999964,34,0.5789473684210527,1.0,0.7333333333333334,1.3983257967821092
2923,cicids2017_fri_c0,0.050000000000000044,16.5,58,0.8048780487804879,0.9428571428571428,0.868421052631579,1.320793872158784
2924,cicids2017_wed_c0,0.050000000000000044,2.0,56,0.6111111111111112,0.9428571428571428,0.7415730337078652,1.3412768423484305
2925,cicids2017_tue_c0,0.050000000000000044,21.300000000000004,52,0.7142857142857143,1.0,0.8333333333333333,1.3042265841872989
2926,cicids2017_fri_c0,0.050000000000000044,18.399999999999995,55,0.8461538461538461,0.9428571428571428,0.8918918918918919,1.330874100849938
2927,cicids2017_wed_c0,0.050000000000000044,15.500000000000005,54,0.7083333333333334,0.9714285714285714,0.8192771084337349,1.3437569909715774
2928,cicids2017_tue_c0,0.050000000000000044,22.5,53,0.7291666666666666,1.0,0.8433734939759037,1.3604724353266997
2929,cicids2017_fri_c0,0.050000000000000044,25.799999999999997,58,0.8717948717948718,0.9714285714285714,0.9189189189189189,1.3838602611604665
2930,cicids2017_wed_c0,0.050000000000000044,15.600000000000009,55,0.7083333333333334,0.9714285714285714,0.8192771084337349,1.4434574932626993
2931,cicids2017_fri_c0,0.050000000000000044,-6.300000000000001,59,0.8055555555555556,0.8285714285714286,0.8169014084507044,1.3643285563123488
2932,cicids2017_wed_c0,0.050000000000000044,11.299999999999999,56,0.6538461538461539,0.9714285714285714,0.7816091954022988,1.4404192050679183
2933,cicids2017_fri_c0,0.050000000000000044,27.400000000000006,58,0.7954545454545454,1.0,0.8860759493670886,1.4543496547362749
2934,cicids2017_tue_c0,0.050000000000000044,13.5,56,0.68,0.9714285714285714,0.8,1.4267750237690922
2935,cicids2017_wed_c1,0.050000000000000044,-2.4000000000000004,42,0.4230769230769231,1.0,0.5945945945945945,1.483883402587928
2936,cicids2017_fri_c0,0.050000000000000044,8.299999999999999,58,0.7619047619047619,0.9142857142857143,0.8311688311688312,1.423900496433611
2937,cicids2017_wed_c1,0.050000000000000044,-8.000000000000002,41,0.3548387096774194,1.0,0.5238095238095238,1.324311812880094
2938,cicids2017_wed_c0,0.050000000000000044,19.400000000000006,55,0.6862745098039216,1.0,0.813953488372093,1.372648058896727
2939,cicids2017_wed_c1,0.050000000000000044,-12.600000000000001,44,0.3448275862068966,0.9090909090909091,0.5000000000000001,1.4141521264140693
2940,cicids2017_fri_c0,0.050000000000000044,12.999999999999998,56,0.75,0.9428571428571428,0.8354430379746834,1.4475629268998982
2941,cicids2017_wed_c0,0.050000000000000044,1.4999999999999982,56,0.6666666666666666,0.9142857142857143,0.7710843373493975,1.415932835197431
2942,cicids2017_wed_c1,0.050000000000000044,1.7999999999999976,29,0.5238095238095238,1.0,0.6875000000000001,1.376746109559233
2943,cicids2017_wed_c1,0.050000000000000044,-5.699999999999999,42,0.3793103448275862,1.0,0.5499999999999999,1.3535701941770124
2944,cicids2017_fri_c0,0.050000000000000044,23.599999999999998,58,0.8292682926829268,0.9714285714285714,0.8947368421052632,1.4161893392657936
2945,cicids2017_wed_c1,0.050000000000000044,-4.6000000000000005,42,0.39285714285714285,1.0,0.5641025641025641,1.3192003089656925
2946,cicids2017_fri_c0,0.050000000000000044,31.70000000000001,57,0.875,1.0,0.9333333333333333,1.3818493493555664
2947,cicids2017_wed_c0,0.050000000000000044,18.300000000000004,55,0.6730769230769231,1.0,0.8045977011494253,1.4018322812455595
2948,cicids2017_tue_c0,0.050000000000000044,27.00000000000001,54,0.7954545454545454,1.0,0.8860759493670886,1.3668525281614445
2949,cicids2017_wed_c0,0.050000000000000044,1.4999999999999991,56,0.6666666666666666,0.9142857142857143,0.7710843373493975,1.3974256251584742
2950,cicids2017_wed_c0,0.050000000000000044,4.299999999999999,57,0.6346153846153846,0.9428571428571428,0.7586206896551724,1.4012739155588454
2951,cicids2017_fri_c0,0.050000000000000044,32.7,56,0.8974358974358975,1.0,0.945945945945946,1.3635063116864
2952,cicids2017_wed_c0,0.050000000000000044,19.4,55,0.6862745098039216,1.0,0.813953488372093,1.3598641788511594
2953,cicids2017_wed_c1,0.050000000000000044,-3.5000000000000018,42,0.4074074074074074,1.0,0.5789473684210525,1.3205043157761733
2954,cicids2017_tue_c0,0.050000000000000044,21.700000000000003,56,0.7142857142857143,1.0,0.8333333333333333,1.4527386356594185
2955,cicids2017_tue_c0,0.050000000000000044,22.700000000000003,55,0.7291666666666666,1.0,0.8433734939759037,1.4103276167646455
2956,cicids2017_wed_c1,0.050000000000000044,-0.7000000000000051,48,0.44,1.0,0.6111111111111112,1.4015381450626831
2957,cicids2017_fri_c0,0.050000000000000044,22.499999999999996,58,0.8095238095238095,0.9714285714285714,0.8831168831168832,1.3274697663712876
2958,cicids2017_tue_c0,0.050000000000000044,16.700000000000003,55,0.723404255319149,0.9714285714285714,0.8292682926829269,1.3860806475278904
2959,cicids2017_wed_c0,0.050000000000000044,17.200000000000003,55,0.660377358490566,1.0,0.7954545454545454,1.3375528839028128
2960,cicids2017_tue_c0,0.050000000000000044,9.599999999999998,55,0.7021276595744681,0.9428571428571428,0.8048780487804879,1.3343866545837324
2961,cicids2017_wed_c1,0.050000000000000044,-10.800000000000002,40,0.37037037037037035,0.9090909090909091,0.5263157894736842,1.2931680214349663
2962,cicids2017_tue_c0,0.050000000000000044,21.800000000000008,57,0.7142857142857143,1.0,0.8333333333333333,1.3619830818935204
2963,cicids2017_wed_c1,0.050000000000000044,-2.699999999999999,39,0.4230769230769231,1.0,0.5945945945945945,1.4470800042967882
2964,cicids2017_fri_c0,0.050000000000000044,20.799999999999997,58,0.7,1.0,0.8235294117647058,1.3818782201053066
2965,cicids2017_wed_c0,0.050000000000000044,13.4,55,0.68,0.9714285714285714,0.8,1.4068061550238882
2966,cicids2017_wed_c0,0.050000000000000044,2.2,58,0.6111111111111112,0.9428571428571428,0.7415730337078652,1.3754595089335258
2967,cicids2017_fri_c0,0.050000000000000044,15.899999999999995,57,0.9142857142857143,0.9142857142857143,0.9142857142857143,1.4934536996886125
2968,cicids2017_fri_c0,0.050000000000000044,24.0,57,0.7446808510638298,1.0,0.8536585365853657,1.3764684014029394
2969,cicids2017_wed_c0,0.050000000000000044,13.100000000000001,52,0.68,0.9714285714285714,0.8,1.4199224095836507
2970,cicids2017_wed_c0,0.050000000000000044,-7.6999999999999975,51,0.6976744186046512,0.8571428571428571,0.7692307692307693,1.4034512836711555
2971,cicids2017_wed_c0,0.050000000000000044,7.1,58,0.6071428571428571,0.9714285714285714,0.7472527472527473,1.4784667872072266
2972,cicids2017_fri_c0,0.050000000000000044,25.699999999999996,57,0.8717948717948718,0.9714285714285714,0.9189189189189189,1.3645782332063627
2973,cicids2017_wed_c0,0.050000000000000044,9.0,55,0.6296296296296297,0.9714285714285714,0.7640449438202247,1.3292629190336434
2974,cicids2017_wed_c1,0.050000000000000044,8.199999999999994,38,0.6875,1.0,0.8148148148148148,1.3599244149998804
2975,cicids2017_fri_c0,0.050000000000000044,24.4,55,0.85,0.9714285714285714,0.9066666666666667,1.3658936927233356
2976,cicids2017_tue_c0,0.050000000000000044,13.000000000000004,56,0.75,0.9428571428571428,0.8354430379746834,1.4612120639644826
2977,cicids2017_tue_c0,0.050000000000000044,-28.5,56,0.627906976744186,0.7714285714285715,0.6923076923076923,1.413732686224762
2978,cicids2017_wed_c1,0.050000000000000044,1.5999999999999965,38,0.5,1.0,0.6666666666666666,1.436639006734546
2979,cicids2017_tue_c0,0.050000000000000044,0.399999999999999,56,0.6530612244897959,0.9142857142857143,0.7619047619047618,1.4226512414119357
2980,cicids2017_tue_c0,0.050000000000000044,11.7,54,0.7333333333333333,0.9428571428571428,0.8250000000000001,1.4526654204287552
2981,cicids2017_wed_c0,0.050000000000000044,19.200000000000003,53,0.6862745098039216,1.0,0.813953488372093,1.4572369097206268
2982,cicids2017_fri_c0,0.050000000000000044,22.5,58,0.8095238095238095,0.9714285714285714,0.8831168831168832,1.4418829592423184
2983,cicids2017_wed_c1,0.050000000000000044,-1.3000000000000003,36,0.5555555555555556,0.9090909090909091,0.6896551724137931,1.4516497922937535
2984,cicids2017_wed_c1,0.050000000000000044,7.099999999999994,38,0.6470588235294118,1.0,0.7857142857142858,1.4225620658351377
2985,cicids2017_wed_c0,0.050000000000000044,16.200000000000003,56,0.6481481481481481,1.0,0.7865168539325843,1.3937878323058854
2986,cicids2017_wed_c0,0.050000000000000044,12.2,54,0.6666666666666666,0.9714285714285714,0.7906976744186046,1.4626704879501196
2987,cicids2017_wed_c0,0.050000000000000044,11.0,53,0.6538461538461539,0.9714285714285714,0.7816091954022988,1.414529226205794
2988,cicids2017_wed_c1,0.050000000000000044,2.499999999999993,41,0.6666666666666666,0.9090909090909091,0.7692307692307692,1.3690965426165498
2989,cicids2017_wed_c1,0.050000000000000044,-6.699999999999999,37,0.43478260869565216,0.9090909090909091,0.5882352941176471,1.4337998816068926
2990,cicids2017_tue_c0,0.050000000000000044,9.2,57,0.6296296296296297,0.9714285714285714,0.7640449438202247,1.4388659014842786
2991,cicids2017_tue_c0,0.050000000000000044,14.7,57,0.6938775510204082,0.9714285714285714,0.8095238095238094,1.3495355493576964
2992,cicids2017_wed_c0,0.050000000000000044,21.500000000000007,54,0.7142857142857143,1.0,0.8333333333333333,1.3126283359297457
2993,cicids2017_fri_c0,0.050000000000000044,30.60000000000001,57,0.8536585365853658,1.0,0.9210526315789475,1.3953550886144102
2994,cicids2017_wed_c1,0.050000000000000044,-2.2000000000000006,44,0.4230769230769231,1.0,0.5945945945945945,1.3400729043775623
2995,cicids2017_wed_c1,0.050000000000000044,-8.700000000000001,45,0.34375,1.0,0.5116279069767442,1.331055747246216
2996,cicids2017_wed_c0,0.050000000000000044,15.300000000000004,58,0.6363636363636364,1.0,0.7777777777777778,1.375004243837686
2997,cicids2017_tue_c0,0.050000000000000044,24.500000000000004,51,0.7608695652173914,1.0,0.8641975308641976,1.4240628554356245
2998,cicids2017_tue_c0,0.050000000000000044,19.5,56,0.6862745098039216,1.0,0.813953488372093,1.3246447883310888
2999,cicids2017_tue_c0,0.050000000000000044,19.700000000000003,58,0.6862745098039216,1.0,0.813953488372093,1.3314709290679931
3000,cicids2017_wed_c0,0.050000000000000044,7.5,56,0.673469387755102,0.9428571428571428,0.7857142857142857,1.376915715610371
