episode,campaign_id,epsilon,total_reward,n_steps,precision,recall,f1,avg_loss
1,cicids2017_fri_c0,0.999525,-37.69999999999999,59,0.6071428571428571,0.4857142857142857,0.5396825396825397,
2,cicids2017_wed_c1,0.99905,-17.4,45,0.3157894736842105,0.5454545454545454,0.39999999999999997,1.1524660279849421
3,cicids2017_wed_c0,0.998575,-49.099999999999994,52,0.6190476190476191,0.37142857142857144,0.4642857142857143,0.8182928298404
4,cicids2017_tue_c0,0.9981,-15.000000000000005,56,0.7857142857142857,0.6285714285714286,0.6984126984126985,0.811106235341885
5,cicids2017_tue_c0,0.997625,-11.600000000000003,55,0.7931034482758621,0.6571428571428571,0.71875,0.7899543685641452
6,cicids2017_wed_c1,0.99715,-20.599999999999998,35,0.2857142857142857,0.5454545454545454,0.37499999999999994,1.0409091587198707
7,cicids2017_fri_c0,0.996675,-33.3,57,0.6428571428571429,0.5142857142857142,0.5714285714285714,0.9512771767005916
8,cicids2017_wed_c0,0.9962,-44.09999999999999,54,0.6,0.42857142857142855,0.5,1.0146937354184355
9,cicids2017_fri_c0,0.995725,-35.49999999999999,57,0.6,0.5142857142857142,0.5538461538461538,1.0625212149406433
10,cicids2017_fri_c0,0.99525,-47.29999999999998,57,0.5833333333333334,0.4,0.4745762711864407,1.1967344150359842
11,cicids2017_wed_c0,0.994775,-21.9,53,0.6470588235294118,0.6285714285714286,0.6376811594202899,1.207971093781814
12,cicids2017_wed_c1,0.9943,-27.099999999999987,42,0.2,0.2727272727272727,0.23076923076923075,1.1734342060205585
13,cicids2017_wed_c0,0.993825,-55.09999999999999,58,0.48148148148148145,0.37142857142857144,0.41935483870967744,1.2543069258705748
14,cicids2017_wed_c1,0.99335,-14.700000000000003,37,0.35,0.6363636363636364,0.45161290322580644,1.2699928186657916
15,cicids2017_wed_c0,0.992875,-18.299999999999997,56,0.7096774193548387,0.6285714285714286,0.6666666666666666,1.3031928592392867
16,cicids2017_wed_c1,0.9924,-25.299999999999983,45,0.22727272727272727,0.45454545454545453,0.30303030303030304,1.258525248353029
17,cicids2017_wed_c0,0.991925,-24.599999999999994,52,0.7142857142857143,0.5714285714285714,0.634920634920635,1.3192974428028763
18,cicids2017_fri_c0,0.99145,-63.59999999999999,56,0.45454545454545453,0.2857142857142857,0.3508771929824561,1.325664568114243
19,cicids2017_wed_c1,0.990975,-33.59999999999999,43,0.14285714285714285,0.2727272727272727,0.18749999999999997,1.2628836182354386
20,cicids2017_tue_c0,0.9905,-45.099999999999994,55,0.5769230769230769,0.42857142857142855,0.4918032786885245,1.2941405098977548
21,cicids2017_wed_c0,0.990025,-33.499999999999986,55,0.6428571428571429,0.5142857142857142,0.5714285714285714,1.313345101141775
22,cicids2017_tue_c0,0.98955,-35.5,57,0.6,0.5142857142857142,0.5538461538461538,1.378933751765452
23,cicids2017_fri_c0,0.989075,-32.0,57,0.6129032258064516,0.5428571428571428,0.5757575757575757,1.3506315232447
24,cicids2017_wed_c1,0.9886,-22.29999999999999,40,0.2608695652173913,0.5454545454545454,0.3529411764705882,1.4158629643391176
25,cicids2017_wed_c1,0.988125,-18.6,42,0.2916666666666667,0.6363636363636364,0.4,1.343443763707587
26,cicids2017_wed_c0,0.98765,-43.99999999999999,55,0.6,0.42857142857142855,0.5,1.278890391028891
27,cicids2017_tue_c0,0.987175,-42.49999999999999,57,0.5714285714285714,0.45714285714285713,0.5079365079365079,1.277174662176711
28,cicids2017_wed_c1,0.9867,-5.100000000000003,41,0.45,0.8181818181818182,0.5806451612903226,1.2821280604033634
29,cicids2017_wed_c0,0.986225,-50.79999999999999,57,0.5652173913043478,0.37142857142857144,0.4482758620689655,1.226944838972451
30,cicids2017_tue_c0,0.98575,-29.89999999999999,56,0.6551724137931034,0.5428571428571428,0.5937499999999999,1.2895817347755758
31,cicids2017_tue_c0,0.985275,-42.999999999999986,54,0.625,0.42857142857142855,0.5084745762711864,1.2745608749742972
32,cicids2017_fri_c0,0.9848,-17.199999999999996,54,0.6764705882352942,0.6571428571428571,0.6666666666666666,1.2961661825199957
33,cicids2017_fri_c0,0.984325,-14.900000000000002,55,0.71875,0.6571428571428571,0.6865671641791045,1.2351114712128795
34,cicids2017_wed_c0,0.98385,-28.69999999999998,57,0.6785714285714286,0.5428571428571428,0.603174603174603,1.16103566456142
35,cicids2017_wed_c1,0.983375,-24.299999999999997,33,0.25,0.45454545454545453,0.3225806451612903,1.2050296813056662
36,cicids2017_fri_c0,0.9829,-31.999999999999993,57,0.6129032258064516,0.5428571428571428,0.5757575757575757,1.1630421211256396
37,cicids2017_wed_c1,0.982425,-17.299999999999997,44,0.30434782608695654,0.6363636363636364,0.411764705882353,1.2483833770178248
38,cicids2017_wed_c1,0.98195,-18.400000000000002,46,0.3,0.5454545454545454,0.3870967741935483,1.2641183238007458
39,cicids2017_tue_c0,0.981475,-34.69999999999999,56,0.68,0.4857142857142857,0.5666666666666667,1.27377520837584
40,cicids2017_wed_c0,0.981,-12.700000000000003,55,0.7666666666666667,0.6571428571428571,0.7076923076923077,1.2447408360249768
41,cicids2017_fri_c0,0.980525,-35.699999999999996,57,0.6538461538461539,0.4857142857142857,0.5573770491803278,1.188787437923652
42,cicids2017_wed_c1,0.98005,-24.999999999999993,37,0.23809523809523808,0.45454545454545453,0.31249999999999994,1.083315241657531
43,cicids2017_wed_c0,0.979575,-32.59999999999999,55,0.7391304347826086,0.4857142857142857,0.5862068965517241,1.1349585274132743
44,cicids2017_tue_c0,0.9791,-43.899999999999984,56,0.6,0.42857142857142855,0.5,1.1733411692625295
45,cicids2017_fri_c0,0.978625,-26.3,57,0.6666666666666666,0.5714285714285714,0.6153846153846153,1.109710651692929
46,cicids2017_wed_c1,0.97815,-27.399999999999995,44,0.21428571428571427,0.5454545454545454,0.30769230769230765,1.197080309418208
47,cicids2017_tue_c0,0.977675,-35.09999999999999,52,0.68,0.4857142857142857,0.5666666666666667,1.1493809254726997
48,cicids2017_wed_c1,0.9772,-17.599999999999994,34,0.35714285714285715,0.45454545454545453,0.4,1.103094022808095
49,cicids2017_wed_c0,0.976725,-18.299999999999997,54,0.6571428571428571,0.6571428571428571,0.6571428571428571,1.1598106694084327
50,cicids2017_wed_c1,0.97625,-22.499999999999986,40,0.2631578947368421,0.45454545454545453,0.3333333333333333,1.1475329651978026
51,cicids2017_wed_c1,0.9757750000000001,-26.29999999999999,46,0.21739130434782608,0.45454545454545453,0.29411764705882354,1.1415477302274326
52,cicids2017_fri_c0,0.9753000000000001,-46.99999999999999,58,0.5357142857142857,0.42857142857142855,0.47619047619047616,1.1415233712169415
53,cicids2017_tue_c0,0.974825,-48.79999999999999,55,0.6190476190476191,0.37142857142857144,0.4642857142857143,1.1093700710422334
54,cicids2017_tue_c0,0.97435,-43.6,57,0.5517241379310345,0.45714285714285713,0.5,1.195409247266088
55,cicids2017_tue_c0,0.973875,-35.69999999999999,55,0.6,0.5142857142857142,0.5538461538461538,1.140019181135091
56,cicids2017_fri_c0,0.9734,-40.19999999999998,58,0.6153846153846154,0.45714285714285713,0.5245901639344263,1.1297534166491057
57,cicids2017_wed_c0,0.972925,-30.89999999999999,55,0.5882352941176471,0.5714285714285714,0.5797101449275363,1.1359775479641223
58,cicids2017_fri_c0,0.97245,-24.000000000000004,58,0.7142857142857143,0.5714285714285714,0.634920634920635,1.199028414583348
59,cicids2017_wed_c0,0.971975,-35.69999999999999,55,0.6,0.5142857142857142,0.5538461538461538,1.1618163110799178
60,cicids2017_wed_c0,0.9715,-32.79999999999999,58,0.5555555555555556,0.5714285714285714,0.5633802816901409,1.1568386508509616
61,cicids2017_wed_c1,0.971025,-23.599999999999987,40,0.25,0.45454545454545453,0.3225806451612903,1.178195697599761
62,cicids2017_wed_c0,0.97055,-49.59999999999999,56,0.5384615384615384,0.4,0.45901639344262296,1.1786386282193537
63,cicids2017_tue_c0,0.970075,-13.500000000000004,56,0.6857142857142857,0.6857142857142857,0.6857142857142857,1.2054633626016202
64,cicids2017_wed_c1,0.9696,-19.299999999999994,39,0.3125,0.45454545454545453,0.3703703703703703,1.1626181390784465
65,cicids2017_tue_c0,0.969125,-16.6,51,0.7586206896551724,0.6285714285714286,0.6875,1.180902816436501
66,cicids2017_tue_c0,0.96865,-35.6,54,0.5588235294117647,0.5428571428571428,0.5507246376811593,1.1777110309987566
67,cicids2017_wed_c1,0.968175,-29.699999999999996,45,0.19230769230769232,0.45454545454545453,0.27027027027027023,1.1981184129838878
68,cicids2017_tue_c0,0.9677,-35.099999999999994,52,0.68,0.4857142857142857,0.5666666666666667,1.1808119804331374
69,cicids2017_fri_c0,0.967225,-22.699999999999996,58,0.6774193548387096,0.6,0.6363636363636364,1.1927443151015924
70,cicids2017_tue_c0,0.96675,-32.49999999999999,54,0.6666666666666666,0.5142857142857142,0.5806451612903226,1.3013698700162868
71,cicids2017_wed_c1,0.966275,-15.900000000000006,38,0.35294117647058826,0.5454545454545454,0.42857142857142855,1.1871674305123807
72,cicids2017_fri_c0,0.9658,-51.79999999999999,58,0.5416666666666666,0.37142857142857144,0.44067796610169496,1.1566674528361822
73,cicids2017_tue_c0,0.965325,-46.399999999999984,55,0.6086956521739131,0.4,0.48275862068965525,1.2189373833198118
74,cicids2017_fri_c0,0.96485,-38.79999999999999,59,0.5862068965517241,0.4857142857142857,0.53125,1.1868016981104628
75,cicids2017_wed_c0,0.964375,-24.299999999999986,55,0.7142857142857143,0.5714285714285714,0.634920634920635,1.2196987157767583
76,cicids2017_tue_c0,0.9639,-33.5,53,0.59375,0.5428571428571428,0.5671641791044776,1.154401140373653
77,cicids2017_tue_c0,0.963425,-27.399999999999995,57,0.6451612903225806,0.5714285714285714,0.606060606060606,1.2026131630428956
78,cicids2017_fri_c0,0.96295,-28.799999999999986,58,0.75,0.5142857142857142,0.6101694915254237,1.182797830935676
79,cicids2017_wed_c0,0.962475,-11.900000000000004,52,0.7931034482758621,0.6571428571428571,0.71875,1.1228582391759236
80,cicids2017_wed_c0,0.962,-51.69999999999999,57,0.5,0.4,0.4444444444444445,1.1621035522224814
81,cicids2017_wed_c1,0.961525,-16.299999999999997,34,0.35294117647058826,0.5454545454545454,0.42857142857142855,1.209145067931632
82,cicids2017_tue_c0,0.96105,-46.29999999999999,54,0.5555555555555556,0.42857142857142855,0.48387096774193544,1.1703750410581804
83,cicids2017_fri_c0,0.960575,-46.099999999999994,58,0.6086956521739131,0.4,0.48275862068965525,1.1986885536900402
84,cicids2017_wed_c1,0.9601,-18.0,39,0.3157894736842105,0.5454545454545454,0.39999999999999997,1.1834502243919052
85,cicids2017_wed_c0,0.959625,-47.19999999999999,56,0.5357142857142857,0.42857142857142855,0.47619047619047616,1.212726985066242
86,cicids2017_wed_c0,0.95915,-42.79999999999999,54,0.5714285714285714,0.45714285714285713,0.5079365079365079,1.2366595600111998
87,cicids2017_fri_c0,0.958675,-27.39999999999999,57,0.6451612903225806,0.5714285714285714,0.606060606060606,1.2035649180675707
88,cicids2017_tue_c0,0.9582,-40.39999999999999,54,0.5666666666666667,0.4857142857142857,0.523076923076923,1.2384794187714219
89,cicids2017_wed_c1,0.957725,-33.49999999999999,42,0.16,0.36363636363636365,0.2222222222222222,1.267423352240545
90,cicids2017_wed_c1,0.95725,-25.499999999999986,45,0.2222222222222222,0.36363636363636365,0.27586206896551724,1.2707670891578815
91,cicids2017_tue_c0,0.956775,-12.300000000000004,57,0.7058823529411765,0.6857142857142857,0.6956521739130436,1.1895033561298616
92,cicids2017_wed_c1,0.9563,-19.5,44,0.28,0.6363636363636364,0.3888888888888889,1.1740286350740041
93,cicids2017_wed_c1,0.955825,-25.399999999999988,44,0.22727272727272727,0.45454545454545453,0.30303030303030304,1.2014158387383893
94,cicids2017_tue_c0,0.95535,-56.49999999999999,57,0.5,0.34285714285714286,0.4067796610169492,1.180071664642223
95,cicids2017_wed_c1,0.954875,-12.500000000000004,35,0.36363636363636365,0.7272727272727273,0.4848484848484849,1.2264452699134236
96,cicids2017_tue_c0,0.9544,-43.19999999999999,54,0.7,0.4,0.509090909090909,1.184140586415585
97,cicids2017_fri_c0,0.953925,-52.599999999999994,59,0.4827586206896552,0.4,0.43750000000000006,1.1369434434169217
98,cicids2017_wed_c0,0.95345,-25.199999999999992,57,0.6896551724137931,0.5714285714285714,0.625,1.1460947396883312
99,cicids2017_wed_c0,0.952975,-40.3,55,0.5666666666666667,0.4857142857142857,0.523076923076923,1.1577911653797592
100,cicids2017_fri_c0,0.9525,-23.700000000000003,57,0.6111111111111112,0.6285714285714286,0.619718309859155,1.1436956480093068
101,cicids2017_wed_c1,0.952025,-21.39999999999999,38,0.2727272727272727,0.5454545454545454,0.3636363636363636,1.1626814984810445
102,cicids2017_fri_c0,0.95155,-42.8,56,0.625,0.42857142857142855,0.5084745762711864,1.1662778031966887
103,cicids2017_wed_c1,0.951075,-11.200000000000003,39,0.4117647058823529,0.6363636363636364,0.5,1.1612952269430097
104,cicids2017_fri_c0,0.9506,-28.699999999999996,57,0.6785714285714286,0.5428571428571428,0.603174603174603,1.1941258821813472
105,cicids2017_wed_c1,0.950125,-22.499999999999982,40,0.2631578947368421,0.45454545454545453,0.3333333333333333,1.2460908763512677
106,cicids2017_wed_c1,0.94965,-16.4,42,0.3181818181818182,0.6363636363636364,0.4242424242424242,1.1804386233358721
107,cicids2017_wed_c1,0.949175,-19.299999999999997,37,0.3,0.5454545454545454,0.3870967741935483,1.1926764090989252
108,cicids2017_wed_c0,0.9487,-23.9,55,0.6111111111111112,0.6285714285714286,0.619718309859155,1.171041936201272
109,cicids2017_tue_c0,0.948225,-41.89999999999999,54,0.6521739130434783,0.42857142857142855,0.5172413793103448,1.1609176437188222
110,cicids2017_wed_c0,0.94775,-22.4,50,0.7,0.6,0.6461538461538462,1.1779390185959455
111,cicids2017_tue_c0,0.947275,-23.0,55,0.6774193548387096,0.6,0.6363636363636364,1.1707873325935099
112,cicids2017_wed_c1,0.9468,-21.4,40,0.2777777777777778,0.45454545454545453,0.3448275862068966,1.2285414972669653
113,cicids2017_wed_c0,0.946325,-33.79999999999999,54,0.7083333333333334,0.4857142857142857,0.576271186440678,1.2637689674902717
114,cicids2017_tue_c0,0.94585,-38.49999999999999,53,0.6666666666666666,0.45714285714285713,0.5423728813559322,1.235895140873332
115,cicids2017_wed_c0,0.945375,-38.99999999999999,55,0.5454545454545454,0.5142857142857142,0.5294117647058822,1.2031827896967888
116,cicids2017_wed_c0,0.9449,-39.69999999999999,52,0.64,0.45714285714285713,0.5333333333333333,1.1963919936461915
117,cicids2017_fri_c0,0.944425,-45.199999999999996,54,0.5769230769230769,0.42857142857142855,0.4918032786885245,1.2350553654007226
118,cicids2017_fri_c0,0.94395,-47.29999999999999,57,0.5833333333333334,0.4,0.4745762711864407,1.1883626004069185
119,cicids2017_fri_c0,0.9434750000000001,-31.299999999999997,55,0.6923076923076923,0.5142857142857142,0.5901639344262295,1.1898889818261835
120,cicids2017_fri_c0,0.9430000000000001,-32.3,56,0.6666666666666666,0.5142857142857142,0.5806451612903226,1.1712529918204386
121,cicids2017_tue_c0,0.9425250000000001,-44.199999999999996,53,0.6,0.42857142857142855,0.5,1.184920513950152
122,cicids2017_wed_c0,0.94205,-40.399999999999984,56,0.6153846153846154,0.45714285714285713,0.5245901639344263,1.142247748197901
123,cicids2017_wed_c0,0.941575,-15.700000000000005,58,0.696969696969697,0.6571428571428571,0.676470588235294,1.2033572773659476
124,cicids2017_tue_c0,0.9411,-24.1,55,0.65625,0.6,0.626865671641791,1.1442329673104366
125,cicids2017_wed_c1,0.940625,-21.4,38,0.2727272727272727,0.5454545454545454,0.3636363636363636,1.1882284128211638
126,cicids2017_wed_c0,0.94015,-31.19999999999999,54,0.6333333333333333,0.5428571428571428,0.5846153846153846,1.1616170118018
127,cicids2017_fri_c0,0.939675,-36.39999999999999,59,0.5806451612903226,0.5142857142857142,0.5454545454545455,1.157251576403044
128,cicids2017_wed_c1,0.9392,-15.400000000000006,41,0.3333333333333333,0.6363636363636364,0.43749999999999994,1.1860236812564522
129,cicids2017_wed_c0,0.938725,-43.09999999999999,53,0.625,0.42857142857142855,0.5084745762711864,1.2110700556004461
130,cicids2017_wed_c0,0.93825,-39.29999999999999,56,0.64,0.45714285714285713,0.5333333333333333,1.222729917229668
131,cicids2017_wed_c0,0.937775,-20.1,49,0.6875,0.6285714285714286,0.6567164179104478,1.2354847555760602
132,cicids2017_wed_c0,0.9373,-48.19999999999999,59,0.56,0.4,0.4666666666666667,1.1900319188595696
133,cicids2017_fri_c0,0.936825,-41.69999999999999,56,0.6521739130434783,0.42857142857142855,0.5172413793103448,1.2156921352602674
134,cicids2017_wed_c0,0.93635,-31.89999999999999,58,0.6129032258064516,0.5428571428571428,0.5757575757575757,1.307599798351038
135,cicids2017_wed_c1,0.935875,-17.699999999999996,40,0.30434782608695654,0.6363636363636364,0.411764705882353,1.3080136917788554
136,cicids2017_tue_c0,0.9354,-33.3,55,0.59375,0.5428571428571428,0.5671641791044776,1.3663030809157877
137,cicids2017_wed_c0,0.934925,-30.9,57,0.6333333333333333,0.5428571428571428,0.5846153846153846,1.2594770798546109
138,cicids2017_fri_c0,0.93445,-28.79999999999999,56,0.6785714285714286,0.5428571428571428,0.603174603174603,1.2126180590600026
139,cicids2017_tue_c0,0.933975,-35.19999999999999,51,0.68,0.4857142857142857,0.5666666666666667,1.2132075713050554
140,cicids2017_tue_c0,0.9335,-25.19999999999999,57,0.6896551724137931,0.5714285714285714,0.625,1.244564692383929
141,cicids2017_wed_c1,0.933025,-24.499999999999986,42,0.23809523809523808,0.45454545454545453,0.31249999999999994,1.2216067106472428
142,cicids2017_fri_c0,0.93255,-24.099999999999994,55,0.65625,0.6,0.626865671641791,1.199322431738451
143,cicids2017_tue_c0,0.932075,-8.800000000000002,57,0.7142857142857143,0.7142857142857143,0.7142857142857143,1.176250470206837
144,cicids2017_tue_c0,0.9316,-39.199999999999996,55,0.5862068965517241,0.4857142857142857,0.53125,1.2178932604009562
145,cicids2017_wed_c1,0.931125,-26.599999999999994,43,0.21739130434782608,0.45454545454545453,0.29411764705882354,1.1918733186906134
146,cicids2017_wed_c1,0.93065,-23.499999999999993,41,0.25,0.45454545454545453,0.3225806451612903,1.2022074241596792
147,cicids2017_fri_c0,0.930175,-29.99999999999999,55,0.6551724137931034,0.5428571428571428,0.5937499999999999,1.1608589439258856
148,cicids2017_fri_c0,0.9297,-55.599999999999994,55,0.5217391304347826,0.34285714285714286,0.4137931034482759,1.1653361057327403
149,cicids2017_wed_c1,0.929225,-3.7999999999999994,32,0.5,0.8181818181818182,0.6206896551724137,1.1705489398160445
150,cicids2017_fri_c0,0.92875,-22.79999999999999,57,0.6774193548387096,0.6,0.6363636363636364,1.1979493877503484
151,cicids2017_wed_c1,0.928275,-19.89999999999999,33,0.3125,0.45454545454545453,0.3703703703703703,1.1792844314846451
152,cicids2017_tue_c0,0.9278,-45.3,53,0.5769230769230769,0.42857142857142855,0.4918032786885245,1.1409337081074071
153,cicids2017_wed_c1,0.927325,-19.1,39,0.3,0.5454545454545454,0.3870967741935483,1.1896955369995008
154,cicids2017_tue_c0,0.92685,-34.599999999999994,55,0.6206896551724138,0.5142857142857142,0.5625,1.195664856061038
155,cicids2017_tue_c0,0.926375,-46.89999999999999,57,0.5,0.45714285714285713,0.4776119402985075,1.1759577401674477
156,cicids2017_wed_c0,0.9259,-41.69999999999999,54,0.5925925925925926,0.45714285714285713,0.5161290322580645,1.12299408624438
157,cicids2017_fri_c0,0.9254249999999999,-42.59999999999999,58,0.625,0.42857142857142855,0.5084745762711864,1.1219494999411312
158,cicids2017_wed_c0,0.92495,-46.3,54,0.5555555555555556,0.42857142857142855,0.48387096774193544,1.1475639070139214
159,cicids2017_wed_c0,0.924475,-31.199999999999992,54,0.6333333333333333,0.5428571428571428,0.5846153846153846,1.1705135603258225
160,cicids2017_wed_c1,0.924,-20.499999999999993,47,0.2727272727272727,0.5454545454545454,0.3636363636363636,1.1737533804391596
161,cicids2017_wed_c1,0.923525,-19.89999999999999,42,0.2857142857142857,0.5454545454545454,0.37499999999999994,1.1617095772381976
162,cicids2017_wed_c0,0.92305,-20.000000000000004,52,0.75,0.6,0.6666666666666665,1.1759188461246404
163,cicids2017_tue_c0,0.922575,-23.89999999999999,57,0.65625,0.6,0.626865671641791,1.1579341201698876
164,cicids2017_tue_c0,0.9221,-59.999999999999986,57,0.4782608695652174,0.3142857142857143,0.3793103448275862,1.194415513073465
165,cicids2017_tue_c0,0.921625,-25.39999999999999,55,0.6896551724137931,0.5714285714285714,0.625,1.1985856055479538
166,cicids2017_wed_c1,0.92115,-8.600000000000003,39,0.391304347826087,0.8181818181818182,0.5294117647058824,1.13710209856502
167,cicids2017_tue_c0,0.920675,-41.099999999999994,58,0.5483870967741935,0.4857142857142857,0.5151515151515151,1.2055911590262935
168,cicids2017_fri_c0,0.9202,-48.49999999999999,56,0.56,0.4,0.4666666666666667,1.1382734717209775
169,cicids2017_tue_c0,0.919725,-37.99999999999999,54,0.5625,0.5142857142857142,0.5373134328358209,1.160908108509403
170,cicids2017_fri_c0,0.91925,-26.099999999999998,59,0.6666666666666666,0.5714285714285714,0.6153846153846153,1.168628725521861
171,cicids2017_fri_c0,0.918775,-36.699999999999996,58,0.6296296296296297,0.4857142857142857,0.5483870967741936,1.1635728750113694
172,cicids2017_fri_c0,0.9183,-47.0,58,0.5357142857142857,0.42857142857142855,0.47619047619047616,1.1774727011264707
173,cicids2017_wed_c1,0.917825,-9.600000000000001,40,0.375,0.8181818181818182,0.5142857142857142,1.1556995456223462
174,cicids2017_wed_c0,0.91735,-40.29999999999999,57,0.6153846153846154,0.45714285714285713,0.5245901639344263,1.1922484506171982
175,cicids2017_wed_c0,0.916875,-34.399999999999984,57,0.6206896551724138,0.5142857142857142,0.5625,1.1715749839485703
176,cicids2017_tue_c0,0.9164,-42.89999999999999,55,0.625,0.42857142857142855,0.5084745762711864,1.1826873016013086
177,cicids2017_wed_c0,0.915925,-42.19999999999999,58,0.53125,0.4857142857142857,0.5074626865671641,1.2644239186231738
178,cicids2017_fri_c0,0.91545,-44.8,56,0.5333333333333333,0.45714285714285713,0.4923076923076923,1.240765568840711
179,cicids2017_wed_c1,0.914975,-25.79999999999999,33,0.23076923076923078,0.2727272727272727,0.24999999999999994,1.3033709604234915
180,cicids2017_wed_c0,0.9145,-37.3,52,0.6296296296296297,0.4857142857142857,0.5483870967741936,1.2520217353648628
181,cicids2017_wed_c1,0.914025,-15.9,38,0.35294117647058826,0.5454545454545454,0.42857142857142855,1.199567723866254
182,cicids2017_fri_c0,0.91355,-36.699999999999996,56,0.5806451612903226,0.5142857142857142,0.5454545454545455,1.1752072857151927
183,cicids2017_tue_c0,0.913075,-26.799999999999994,54,0.7307692307692307,0.5428571428571428,0.6229508196721311,1.2301854300332542
184,cicids2017_wed_c0,0.9126,-37.39999999999999,53,0.6956521739130435,0.45714285714285713,0.5517241379310345,1.2443870775697148
185,cicids2017_tue_c0,0.912125,-32.39999999999999,55,0.6666666666666666,0.5142857142857142,0.5806451612903226,1.1302178525149131
186,cicids2017_tue_c0,0.91165,-21.999999999999993,54,0.7,0.6,0.6461538461538462,1.2181911931243516
187,cicids2017_fri_c0,0.911175,-24.4,56,0.7916666666666666,0.5428571428571428,0.6440677966101694,1.1839651277921956
188,cicids2017_tue_c0,0.9107000000000001,-20.599999999999998,55,0.6666666666666666,0.6285714285714286,0.6470588235294118,1.2486428815022836
189,cicids2017_fri_c0,0.9102250000000001,-18.7,59,0.6,0.6857142857142857,0.64,1.197588859223573
190,cicids2017_tue_c0,0.9097500000000001,-47.29999999999999,55,0.5357142857142857,0.42857142857142855,0.47619047619047616,1.1919202617255868
191,cicids2017_wed_c0,0.909275,-18.599999999999998,53,0.7096774193548387,0.6285714285714286,0.6666666666666666,1.2272802807540397
192,cicids2017_wed_c0,0.9088,-31.999999999999993,57,0.6129032258064516,0.5428571428571428,0.5757575757575757,1.1652174683115113
193,cicids2017_wed_c0,0.908325,-20.5,56,0.6666666666666666,0.6285714285714286,0.6470588235294118,1.2348819824815678
194,cicids2017_tue_c0,0.90785,-23.599999999999994,51,0.7407407407407407,0.5714285714285714,0.6451612903225806,1.1530949220886668
195,cicids2017_wed_c1,0.907375,-21.299999999999997,41,0.2777777777777778,0.45454545454545453,0.3448275862068966,1.1223591528504993
196,cicids2017_fri_c0,0.9069,-26.1,57,0.6176470588235294,0.6,0.608695652173913,1.2263188715106375
197,cicids2017_tue_c0,0.906425,-19.099999999999994,57,0.6388888888888888,0.6571428571428571,0.647887323943662,1.1634710176630407
198,cicids2017_fri_c0,0.90595,-48.199999999999996,57,0.5172413793103449,0.42857142857142855,0.46875000000000006,1.1358491785277165
199,cicids2017_tue_c0,0.905475,-39.099999999999994,56,0.5862068965517241,0.4857142857142857,0.53125,1.125114708714094
200,cicids2017_wed_c1,0.905,-25.799999999999986,40,0.22727272727272727,0.45454545454545453,0.30303030303030304,1.235016900895745
201,cicids2017_tue_c0,0.904525,-25.6,53,0.6896551724137931,0.5714285714285714,0.625,1.1662847889503083
202,cicids2017_wed_c1,0.90405,-9.7,39,0.375,0.8181818181818182,0.5142857142857142,1.1789211603890661
203,cicids2017_tue_c0,0.903575,-40.499999999999986,55,0.6153846153846154,0.45714285714285713,0.5245901639344263,1.183183706217648
204,cicids2017_wed_c0,0.9031,-24.999999999999996,55,0.5945945945945946,0.6285714285714286,0.611111111111111,1.299128567452632
205,cicids2017_tue_c0,0.902625,-31.699999999999996,51,0.6923076923076923,0.5142857142857142,0.5901639344262295,1.3126763104801533
206,cicids2017_tue_c0,0.90215,-29.999999999999993,53,0.6060606060606061,0.5714285714285714,0.588235294117647,1.2373482134131322
207,cicids2017_wed_c1,0.901675,-14.800000000000002,31,0.5714285714285714,0.36363636363636365,0.4444444444444444,1.2404153369656934
208,cicids2017_wed_c1,0.9012,-18.6,33,0.3157894736842105,0.5454545454545454,0.39999999999999997,1.3185658922957293
209,cicids2017_tue_c0,0.900725,-4.8000000000000025,53,0.8064516129032258,0.7142857142857143,0.7575757575757576,1.2463483675053724
210,cicids2017_wed_c1,0.90025,-19.700000000000003,44,0.2857142857142857,0.5454545454545454,0.37499999999999994,1.269764911611061
211,cicids2017_tue_c0,0.899775,-43.099999999999994,51,0.5714285714285714,0.45714285714285713,0.5079365079365079,1.230838290212411
212,cicids2017_wed_c0,0.8993,-24.199999999999996,54,0.65625,0.6,0.626865671641791,1.214822471145843
213,cicids2017_wed_c1,0.898825,-16.0,42,0.3,0.8181818181818182,0.43902439024390244,1.2703510149595196
214,cicids2017_tue_c0,0.89835,-34.79999999999999,53,0.6206896551724138,0.5142857142857142,0.5625,1.2140725888519492
215,cicids2017_wed_c0,0.897875,-40.49999999999999,53,0.5666666666666667,0.4857142857142857,0.523076923076923,1.190566559035086
216,cicids2017_tue_c0,0.8974,-40.49999999999999,55,0.6153846153846154,0.45714285714285713,0.5245901639344263,1.233639316116754
217,cicids2017_fri_c0,0.896925,-36.49999999999999,58,0.5806451612903226,0.5142857142857142,0.5454545454545455,1.185690995292329
218,cicids2017_fri_c0,0.89645,-28.5,57,0.625,0.5714285714285714,0.5970149253731343,1.195518579317295
219,cicids2017_tue_c0,0.895975,-33.599999999999994,54,0.6428571428571429,0.5142857142857142,0.5714285714285714,1.2797047475676337
220,cicids2017_wed_c1,0.8955,-23.39999999999999,42,0.25,0.45454545454545453,0.3225806451612903,1.1602715904827623
221,cicids2017_fri_c0,0.895025,-22.9,56,0.6774193548387096,0.6,0.6363636363636364,1.1828818500453693
222,cicids2017_tue_c0,0.89455,-37.89999999999999,57,0.6071428571428571,0.4857142857142857,0.5396825396825397,1.2178298870229678
223,cicids2017_wed_c0,0.894075,-36.0,52,0.6,0.5142857142857142,0.5538461538461538,1.1556306742715212
224,cicids2017_fri_c0,0.8936,-30.9,55,0.5882352941176471,0.5714285714285714,0.5797101449275363,1.1604811388503418
225,cicids2017_wed_c0,0.893125,-49.49999999999999,55,0.5,0.42857142857142855,0.4615384615384615,1.172045272104571
226,cicids2017_tue_c0,0.8926499999999999,-24.599999999999998,52,0.7142857142857143,0.5714285714285714,0.634920634920635,1.1330132637747345
227,cicids2017_wed_c1,0.8921749999999999,-29.899999999999984,45,0.18181818181818182,0.36363636363636365,0.24242424242424246,1.1344994580467085
228,cicids2017_wed_c0,0.8917,-40.49999999999999,53,0.5666666666666667,0.4857142857142857,0.523076923076923,1.2674043674813202
229,cicids2017_wed_c0,0.891225,-48.79999999999999,53,0.56,0.4,0.4666666666666667,1.190397121713874
230,cicids2017_fri_c0,0.89075,-29.599999999999994,57,0.6060606060606061,0.5714285714285714,0.588235294117647,1.2661490481370683
231,cicids2017_tue_c0,0.890275,-31.099999999999994,55,0.6333333333333333,0.5428571428571428,0.5846153846153846,1.202533940626011
232,cicids2017_wed_c1,0.8898,-18.200000000000003,46,0.2916666666666667,0.6363636363636364,0.4,1.1975291470152651
233,cicids2017_fri_c0,0.889325,-35.39999999999999,58,0.6,0.5142857142857142,0.5538461538461538,1.1658553743947198
234,cicids2017_wed_c1,0.88885,-21.099999999999987,43,0.2777777777777778,0.45454545454545453,0.3448275862068966,1.162755809526567
235,cicids2017_tue_c0,0.888375,-20.699999999999996,54,0.6666666666666666,0.6285714285714286,0.6470588235294118,1.1714844262945132
236,cicids2017_wed_c0,0.8879,-19.7,53,0.6875,0.6285714285714286,0.6567164179104478,1.221687994521333
237,cicids2017_wed_c0,0.887425,-22.99999999999999,55,0.6774193548387096,0.6,0.6363636363636364,1.1757160738625496
238,cicids2017_tue_c0,0.88695,-30.4,51,0.6551724137931034,0.5428571428571428,0.5937499999999999,1.207529466719074
239,cicids2017_tue_c0,0.886475,-25.39999999999999,55,0.6896551724137931,0.5714285714285714,0.625,1.2625434497307166
240,cicids2017_wed_c0,0.886,-48.79999999999999,53,0.56,0.4,0.4666666666666667,1.2457429206372923
241,cicids2017_fri_c0,0.885525,-25.9,59,0.6176470588235294,0.6,0.608695652173913,1.1407305911607444
242,cicids2017_wed_c0,0.88505,-32.599999999999994,53,0.6666666666666666,0.5142857142857142,0.5806451612903226,1.1965035182692554
243,cicids2017_fri_c0,0.884575,-29.69999999999999,58,0.6551724137931034,0.5428571428571428,0.5937499999999999,1.16738769332352
244,cicids2017_wed_c0,0.8841,-17.1,55,0.6764705882352942,0.6571428571428571,0.6666666666666666,1.2260413637502725
245,cicids2017_wed_c0,0.883625,-41.499999999999986,56,0.5925925925925926,0.45714285714285713,0.5161290322580645,1.2355919919849636
246,cicids2017_fri_c0,0.88315,-15.700000000000003,58,0.696969696969697,0.6571428571428571,0.676470588235294,1.2371099710647029
247,cicids2017_wed_c1,0.882675,-25.599999999999987,42,0.22727272727272727,0.45454545454545453,0.30303030303030304,1.2037929896442061
248,cicids2017_tue_c0,0.8822,-31.599999999999987,52,0.6923076923076923,0.5142857142857142,0.5901639344262295,1.2268523532944071
249,cicids2017_wed_c1,0.881725,-4.699999999999999,43,0.4166666666666667,0.9090909090909091,0.5714285714285715,1.221130697620693
250,cicids2017_fri_c0,0.88125,-21.39999999999999,58,0.6470588235294118,0.6285714285714286,0.6376811594202899,1.2248298917755567
251,cicids2017_fri_c0,0.880775,-15.8,57,0.696969696969697,0.6571428571428571,0.676470588235294,1.2648657648865307
252,cicids2017_tue_c0,0.8803,-30.099999999999994,56,0.72,0.5142857142857142,0.6,1.2721838393410425
253,cicids2017_fri_c0,0.879825,-34.099999999999994,58,0.5757575757575758,0.5428571428571428,0.5588235294117646,1.2761505846235746
254,cicids2017_tue_c0,0.87935,-30.99999999999999,56,0.6333333333333333,0.5428571428571428,0.5846153846153846,1.2223060145831657
255,cicids2017_wed_c0,0.878875,-36.699999999999996,56,0.5806451612903226,0.5142857142857142,0.5454545454545455,1.2717386603926744
256,cicids2017_fri_c0,0.8784,-22.599999999999994,57,0.6285714285714286,0.6285714285714286,0.6285714285714286,1.2071644920997127
257,cicids2017_wed_c0,0.877925,-35.29999999999999,57,0.5588235294117647,0.5428571428571428,0.5507246376811593,1.219730084444368
258,cicids2017_fri_c0,0.8774500000000001,-43.499999999999986,58,0.5517241379310345,0.45714285714285713,0.5,1.219479989973912
259,cicids2017_fri_c0,0.8769750000000001,-19.200000000000003,56,0.6388888888888888,0.6571428571428571,0.647887323943662,1.231550252336934
260,cicids2017_wed_c0,0.8765000000000001,-33.29999999999999,55,0.59375,0.5428571428571428,0.5671641791044776,1.24517884301606
261,cicids2017_wed_c1,0.876025,-11.100000000000007,40,0.4117647058823529,0.6363636363636364,0.5,1.2410603473611042
262,cicids2017_fri_c0,0.87555,-43.8,55,0.5517241379310345,0.45714285714285713,0.5,1.315830303001224
263,cicids2017_tue_c0,0.875075,-19.499999999999993,55,0.6875,0.6285714285714286,0.6567164179104478,1.246909878285547
264,cicids2017_wed_c1,0.8746,-18.099999999999998,38,0.3157894736842105,0.5454545454545454,0.39999999999999997,1.1990214757324407
265,cicids2017_wed_c1,0.874125,-22.099999999999994,33,0.2777777777777778,0.45454545454545453,0.3448275862068966,1.234741327947129
266,cicids2017_wed_c0,0.87365,-15.100000000000003,53,0.71875,0.6571428571428571,0.6865671641791045,1.234182280477723
267,cicids2017_tue_c0,0.873175,-38.6,52,0.6666666666666666,0.45714285714285713,0.5423728813559322,1.2497121686662422
268,cicids2017_tue_c0,0.8727,-24.999999999999996,57,0.6363636363636364,0.6,0.6176470588235293,1.257089718975256
269,cicids2017_wed_c0,0.872225,-14.900000000000002,53,0.6666666666666666,0.6857142857142857,0.676056338028169,1.1426598003024133
270,cicids2017_wed_c0,0.87175,-16.9,55,0.631578947368421,0.6857142857142857,0.6575342465753424,1.1771664265783293
271,cicids2017_tue_c0,0.871275,-22.099999999999994,53,0.7,0.6,0.6461538461538462,1.1696833452208424
272,cicids2017_fri_c0,0.8708,-27.799999999999997,53,0.6451612903225806,0.5714285714285714,0.606060606060606,1.2030049596530599
273,cicids2017_fri_c0,0.870325,-16.9,57,0.6764705882352942,0.6571428571428571,0.6666666666666666,1.210737348706073
274,cicids2017_wed_c1,0.86985,-13.800000000000002,44,0.3333333333333333,0.7272727272727273,0.4571428571428572,1.1866466221784064
275,cicids2017_tue_c0,0.869375,-14.000000000000002,51,0.6857142857142857,0.6857142857142857,0.6857142857142857,1.1315045123166658
276,cicids2017_tue_c0,0.8689,-15.000000000000002,54,0.71875,0.6571428571428571,0.6865671641791045,1.16292991200916
277,cicids2017_tue_c0,0.868425,-29.99999999999999,55,0.6551724137931034,0.5428571428571428,0.5937499999999999,1.173015264620864
278,cicids2017_wed_c1,0.86795,-33.89999999999998,49,0.15384615384615385,0.36363636363636365,0.21621621621621623,1.1993720132134273
279,cicids2017_fri_c0,0.867475,-12.699999999999998,55,0.7666666666666667,0.6571428571428571,0.7076923076923077,1.1799326116652962
280,cicids2017_fri_c0,0.867,2.6999999999999993,56,0.7567567567567568,0.8,0.7777777777777778,1.184928203782325
281,cicids2017_tue_c0,0.866525,2.1999999999999997,53,0.8181818181818182,0.7714285714285715,0.7941176470588236,1.178722568677253
282,cicids2017_tue_c0,0.86605,-22.79999999999999,57,0.6774193548387096,0.6,0.6363636363636364,1.159909707032963
283,cicids2017_wed_c0,0.865575,-34.899999999999984,56,0.7619047619047619,0.45714285714285713,0.5714285714285714,1.1357649395005387
284,cicids2017_tue_c0,0.8651,-2.499999999999999,52,0.7878787878787878,0.7428571428571429,0.7647058823529412,1.2617159088859813
285,cicids2017_tue_c0,0.864625,-18.099999999999994,56,0.6571428571428571,0.6571428571428571,0.6571428571428571,1.2420438802509945
286,cicids2017_wed_c1,0.86415,-22.999999999999986,44,0.25,0.5454545454545454,0.34285714285714286,1.2388895510375026
287,cicids2017_fri_c0,0.863675,-35.69999999999999,57,0.6538461538461539,0.4857142857142857,0.5573770491803278,1.2958256160705746
288,cicids2017_wed_c0,0.8632,-30.899999999999995,57,0.6333333333333333,0.5428571428571428,0.5846153846153846,1.257688747815016
289,cicids2017_wed_c0,0.862725,-28.499999999999993,57,0.625,0.5714285714285714,0.5970149253731343,1.2157315389030445
290,cicids2017_tue_c0,0.86225,-32.899999999999984,52,0.7391304347826086,0.4857142857142857,0.5862068965517241,1.2578344935918935
291,cicids2017_wed_c1,0.861775,-17.400000000000006,34,0.3333333333333333,0.5454545454545454,0.41379310344827586,1.2716721295314068
292,cicids2017_tue_c0,0.8613,-34.49999999999999,56,0.6206896551724138,0.5142857142857142,0.5625,1.2631050943362017
293,cicids2017_wed_c1,0.860825,-26.599999999999987,43,0.21739130434782608,0.45454545454545453,0.29411764705882354,1.197764710485498
294,cicids2017_tue_c0,0.86035,-25.099999999999994,56,0.6363636363636364,0.6,0.6176470588235293,1.2215056365369417
295,cicids2017_wed_c0,0.859875,-10.600000000000003,52,0.75,0.6857142857142857,0.7164179104477612,1.2545967907394897
296,cicids2017_wed_c0,0.8594,-32.59999999999999,53,0.6666666666666666,0.5142857142857142,0.5806451612903226,1.230060306373431
297,cicids2017_wed_c1,0.858925,-15.700000000000003,38,0.3333333333333333,0.6363636363636364,0.43749999999999994,1.1421326325642331
298,cicids2017_tue_c0,0.85845,-39.19999999999999,55,0.5862068965517241,0.4857142857142857,0.53125,1.2094602740010771
299,cicids2017_tue_c0,0.857975,-25.29999999999999,56,0.6896551724137931,0.5714285714285714,0.625,1.2245541078060342
300,cicids2017_fri_c0,0.8575,-34.599999999999994,55,0.6206896551724138,0.5142857142857142,0.5625,1.3454434047533175
301,cicids2017_tue_c0,0.857025,-27.099999999999994,51,0.7307692307692307,0.5428571428571428,0.6229508196721311,1.259949165114774
302,cicids2017_wed_c1,0.85655,-15.100000000000005,35,0.375,0.5454545454545454,0.4444444444444444,1.329465290258209
303,cicids2017_fri_c0,0.856075,-29.299999999999997,58,0.5675675675675675,0.6,0.5833333333333333,1.349511850641653
304,cicids2017_wed_c1,0.8556,-23.499999999999993,41,0.25,0.45454545454545453,0.3225806451612903,1.2482631366124322
305,cicids2017_wed_c0,0.855125,-22.599999999999994,55,0.5897435897435898,0.6571428571428571,0.6216216216216216,1.2813078931099
306,cicids2017_fri_c0,0.85465,-11.5,54,0.7272727272727273,0.6857142857142857,0.7058823529411764,1.2925015622267777
307,cicids2017_tue_c0,0.854175,-8.000000000000004,56,0.8,0.6857142857142857,0.7384615384615385,1.2748820490085895
308,cicids2017_wed_c0,0.8537,-32.99999999999999,51,0.7391304347826086,0.4857142857142857,0.5862068965517241,1.3194442707301777
309,cicids2017_tue_c0,0.853225,-14.000000000000004,53,0.7419354838709677,0.6571428571428571,0.6969696969696969,1.178829301461498
310,cicids2017_fri_c0,0.85275,-17.3,55,0.7333333333333333,0.6285714285714286,0.6769230769230768,1.2075809120209564
311,cicids2017_wed_c0,0.852275,-52.3,53,0.5416666666666666,0.37142857142857144,0.44067796610169496,1.228191082580709
312,cicids2017_wed_c0,0.8518,-43.79999999999999,55,0.5517241379310345,0.45714285714285713,0.5,1.2845846510823837
313,cicids2017_fri_c0,0.851325,-13.6,55,0.6857142857142857,0.6857142857142857,0.6857142857142857,1.260554234013647
314,cicids2017_tue_c0,0.85085,-23.999999999999993,56,0.65625,0.6,0.626865671641791,1.2581977206906152
315,cicids2017_fri_c0,0.850375,-37.800000000000004,56,0.5625,0.5142857142857142,0.5373134328358209,1.2515845464073523
316,cicids2017_wed_c0,0.8499,-32.29999999999999,54,0.6129032258064516,0.5428571428571428,0.5757575757575757,1.2558419893993202
317,cicids2017_wed_c0,0.849425,-33.0,56,0.5555555555555556,0.5714285714285714,0.5633802816901409,1.2316357913425098
318,cicids2017_wed_c0,0.84895,-24.9,56,0.5945945945945946,0.6285714285714286,0.611111111111111,1.2551239040178754
319,cicids2017_wed_c1,0.848475,-16.8,38,0.3181818181818182,0.6363636363636364,0.4242424242424242,1.2700096618905614
320,cicids2017_wed_c1,0.848,-18.099999999999994,38,0.3157894736842105,0.5454545454545454,0.39999999999999997,1.3379672944752024
321,cicids2017_tue_c0,0.847525,-38.39999999999999,52,0.6071428571428571,0.4857142857142857,0.5396825396825397,1.320592789736394
322,cicids2017_fri_c0,0.84705,-31.1,55,0.6333333333333333,0.5428571428571428,0.5846153846153846,1.216936280979531
323,cicids2017_wed_c0,0.846575,-33.699999999999996,53,0.6428571428571429,0.5142857142857142,0.5714285714285714,1.3230501451116419
324,cicids2017_wed_c1,0.8461,-21.6,38,0.2777777777777778,0.45454545454545453,0.3448275862068966,1.3780844016329428
325,cicids2017_wed_c1,0.8456250000000001,-22.3,40,0.2608695652173913,0.5454545454545454,0.3529411764705882,1.3851946230685956
326,cicids2017_fri_c0,0.8451500000000001,-33.2,58,0.6428571428571429,0.5142857142857142,0.5714285714285714,1.3272774282690707
327,cicids2017_fri_c0,0.8446750000000001,-19.3,55,0.6388888888888888,0.6571428571428571,0.647887323943662,1.2453331072232299
328,cicids2017_fri_c0,0.8442000000000001,-29.9,56,0.6551724137931034,0.5428571428571428,0.5937499999999999,1.2100730012210192
329,cicids2017_fri_c0,0.8437250000000001,-29.0,54,0.6785714285714286,0.5428571428571428,0.603174603174603,1.2639454550635323
330,cicids2017_wed_c0,0.84325,-24.999999999999996,55,0.5945945945945946,0.6285714285714286,0.611111111111111,1.2533213504054381
331,cicids2017_wed_c0,0.842775,-11.000000000000002,57,0.6756756756756757,0.7142857142857143,0.6944444444444444,1.2721469658470643
332,cicids2017_tue_c0,0.8423,-50.49999999999999,58,0.5185185185185185,0.4,0.45161290322580644,1.2677046552650928
333,cicids2017_tue_c0,0.841825,-35.89999999999999,55,0.6538461538461539,0.4857142857142857,0.5573770491803278,1.305911938130819
334,cicids2017_wed_c1,0.84135,-18.999999999999993,31,0.3333333333333333,0.45454545454545453,0.3846153846153846,1.2597479703413719
335,cicids2017_tue_c0,0.840875,-27.69999999999999,56,0.7037037037037037,0.5428571428571428,0.6129032258064516,1.2304604270362103
336,cicids2017_wed_c1,0.8404,-31.49999999999999,40,0.17391304347826086,0.36363636363636365,0.2352941176470588,1.267579824279687
337,cicids2017_wed_c1,0.839925,-21.999999999999986,43,0.2608695652173913,0.5454545454545454,0.3529411764705882,1.3279272858315756
338,cicids2017_tue_c0,0.83945,-20.199999999999996,50,0.75,0.6,0.6666666666666665,1.2571242290122833
339,cicids2017_fri_c0,0.838975,-19.5,55,0.6875,0.6285714285714286,0.6567164179104478,1.2129860851279972
340,cicids2017_wed_c1,0.8385,-28.999999999999986,43,0.19047619047619047,0.36363636363636365,0.25,1.226146929294604
341,cicids2017_wed_c0,0.838025,-34.599999999999994,53,0.5757575757575758,0.5428571428571428,0.5588235294117646,1.2434978131476928
342,cicids2017_tue_c0,0.83755,-12.700000000000003,53,0.7058823529411765,0.6857142857142857,0.6956521739130436,1.2795392621797927
343,cicids2017_wed_c0,0.837075,-40.399999999999984,56,0.6153846153846154,0.45714285714285713,0.5245901639344263,1.2129722723662102
344,cicids2017_wed_c0,0.8366,-18.5,54,0.7096774193548387,0.6285714285714286,0.6666666666666666,1.1724028394771682
345,cicids2017_wed_c1,0.836125,-15.100000000000005,35,0.375,0.5454545454545454,0.4444444444444444,1.170078551266597
346,cicids2017_tue_c0,0.83565,-3.6000000000000028,54,0.8333333333333334,0.7142857142857143,0.7692307692307692,1.1987147167935885
347,cicids2017_wed_c1,0.835175,-12.300000000000004,37,0.36363636363636365,0.7272727272727273,0.4848484848484849,1.173248140584927
348,cicids2017_wed_c1,0.8347,-6.5,38,0.42857142857142855,0.8181818181818182,0.5625,1.2330561044310766
349,cicids2017_fri_c0,0.834225,-37.8,56,0.5625,0.5142857142857142,0.5373134328358209,1.2658672943772444
350,cicids2017_fri_c0,0.83375,-22.6,57,0.6285714285714286,0.6285714285714286,0.6285714285714286,1.2596582293551015
351,cicids2017_wed_c0,0.833275,-21.6,56,0.6470588235294118,0.6285714285714286,0.6376811594202899,1.2837176967063029
352,cicids2017_fri_c0,0.8328,-33.4,58,0.7083333333333334,0.4857142857142857,0.576271186440678,1.2967357491310296
353,cicids2017_tue_c0,0.832325,-12.600000000000005,56,0.7666666666666667,0.6571428571428571,0.7076923076923077,1.3393531003252268
354,cicids2017_tue_c0,0.83185,-8.000000000000004,56,0.8,0.6857142857142857,0.7384615384615385,1.299816456270787
355,cicids2017_wed_c1,0.831375,-24.0,43,0.2413793103448276,0.6363636363636364,0.35,1.267978061099202
356,cicids2017_wed_c1,0.8309,-15.500000000000002,40,0.3333333333333333,0.6363636363636364,0.43749999999999994,1.2820935862039509
357,cicids2017_fri_c0,0.830425,-28.699999999999996,57,0.6785714285714286,0.5428571428571428,0.603174603174603,1.3180797752162325
358,cicids2017_wed_c1,0.82995,-18.6,42,0.2916666666666667,0.6363636363636364,0.4,1.255673444977581
359,cicids2017_fri_c0,0.829475,-30.599999999999987,58,0.5882352941176471,0.5714285714285714,0.5797101449275363,1.337285729436154
360,cicids2017_wed_c0,0.829,-19.1,57,0.6388888888888888,0.6571428571428571,0.647887323943662,1.2701155897730987
361,cicids2017_wed_c1,0.828525,-23.499999999999993,41,0.25,0.45454545454545453,0.3225806451612903,1.258941742807941
362,cicids2017_wed_c1,0.82805,-21.8,36,0.2777777777777778,0.45454545454545453,0.3448275862068966,1.2490535515074255
363,cicids2017_fri_c0,0.827575,2.5999999999999965,57,0.8181818181818182,0.7714285714285715,0.7941176470588236,1.3483492055419353
364,cicids2017_wed_c1,0.8271,-17.699999999999996,40,0.30434782608695654,0.6363636363636364,0.411764705882353,1.4148598177485077
365,cicids2017_fri_c0,0.8266249999999999,-14.600000000000001,56,0.6666666666666666,0.6857142857142857,0.676056338028169,1.387066403872636
366,cicids2017_wed_c0,0.82615,-29.699999999999996,56,0.6060606060606061,0.5714285714285714,0.588235294117647,1.3524146389781533
367,cicids2017_tue_c0,0.825675,-14.8,56,0.71875,0.6571428571428571,0.6865671641791045,1.291694791261013
368,cicids2017_tue_c0,0.8252,-45.099999999999994,55,0.5769230769230769,0.42857142857142855,0.4918032786885245,1.3188678794564213
369,cicids2017_fri_c0,0.824725,-15.700000000000001,58,0.696969696969697,0.6571428571428571,0.676470588235294,1.2894154206904413
370,cicids2017_wed_c1,0.82425,-19.900000000000002,42,0.2857142857142857,0.5454545454545454,0.37499999999999994,1.2992352625901031
371,cicids2017_tue_c0,0.823775,-23.999999999999993,56,0.65625,0.6,0.626865671641791,1.2083237971156429
372,cicids2017_wed_c0,0.8233,-33.69999999999999,53,0.6428571428571429,0.5142857142857142,0.5714285714285714,1.1631566833927636
373,cicids2017_tue_c0,0.822825,-16.300000000000004,54,0.7586206896551724,0.6285714285714286,0.6875,1.1960833272725282
374,cicids2017_tue_c0,0.82235,-27.499999999999993,56,0.6451612903225806,0.5714285714285714,0.606060606060606,1.2065412531461703
375,cicids2017_wed_c1,0.821875,-12.300000000000002,37,0.36363636363636365,0.7272727272727273,0.4848484848484849,1.158171110434399
376,cicids2017_fri_c0,0.8214,-22.6,57,0.6285714285714286,0.6285714285714286,0.6285714285714286,1.1844702811399312
377,cicids2017_wed_c0,0.820925,-26.599999999999987,54,0.6666666666666666,0.5714285714285714,0.6153846153846153,1.1880671459427024
378,cicids2017_wed_c0,0.82045,-41.099999999999994,58,0.5483870967741935,0.4857142857142857,0.5151515151515151,1.1729689323019368
379,cicids2017_tue_c0,0.819975,-13.600000000000001,55,0.6857142857142857,0.6857142857142857,0.6857142857142857,1.1970452347897218
380,cicids2017_tue_c0,0.8195,-15.000000000000002,54,0.71875,0.6571428571428571,0.6865671641791045,1.2105153026707456
381,cicids2017_fri_c0,0.819025,-30.999999999999993,58,0.6923076923076923,0.5142857142857142,0.5901639344262295,1.1082408435732574
382,cicids2017_wed_c1,0.81855,-23.1,43,0.25,0.5454545454545454,0.34285714285714286,1.1997692795065213
383,cicids2017_wed_c1,0.818075,-28.599999999999994,36,0.2,0.36363636363636365,0.25806451612903225,1.1716297709557897
384,cicids2017_fri_c0,0.8176,-36.599999999999994,57,0.5806451612903226,0.5142857142857142,0.5454545454545455,1.2000548142845806
385,cicids2017_fri_c0,0.817125,-21.599999999999998,56,0.6470588235294118,0.6285714285714286,0.6376811594202899,1.1458340377864875
386,cicids2017_fri_c0,0.81665,-35.39999999999999,58,0.6,0.5142857142857142,0.5538461538461538,1.245001787500229
387,cicids2017_fri_c0,0.816175,-17.2,56,0.7333333333333333,0.6285714285714286,0.6769230769230768,1.2429556831752515
388,cicids2017_wed_c1,0.8157,-14.300000000000004,39,0.3333333333333333,0.7272727272727273,0.4571428571428572,1.215639598720719
389,cicids2017_wed_c1,0.815225,-15.0,34,0.35,0.6363636363636364,0.45161290322580644,1.2869281474139178
390,cicids2017_fri_c0,0.81475,-26.099999999999994,57,0.6176470588235294,0.6,0.608695652173913,1.2220134945644632
391,cicids2017_wed_c0,0.814275,-29.09999999999999,53,0.6785714285714286,0.5428571428571428,0.603174603174603,1.2057436314682815
392,cicids2017_fri_c0,0.8138,-27.9,54,0.7037037037037037,0.5428571428571428,0.6129032258064516,1.3193100711697123
393,cicids2017_tue_c0,0.813325,-23.199999999999996,53,0.6774193548387096,0.6,0.6363636363636364,1.2017098809016713
394,cicids2017_wed_c0,0.81285,-29.89999999999999,56,0.6551724137931034,0.5428571428571428,0.5937499999999999,1.2435261689394217
395,cicids2017_wed_c0,0.8123750000000001,-17.199999999999996,54,0.6764705882352942,0.6571428571428571,0.6666666666666666,1.2725375398739078
396,cicids2017_wed_c1,0.8119000000000001,-12.200000000000003,38,0.36363636363636365,0.7272727272727273,0.4848484848484849,1.2682663512705399
397,cicids2017_fri_c0,0.8114250000000001,-21.3,57,0.6052631578947368,0.6571428571428571,0.6301369863013698,1.2558817448128186
398,cicids2017_fri_c0,0.8109500000000001,-27.599999999999994,57,0.7037037037037037,0.5428571428571428,0.6129032258064516,1.2365107137564646
399,cicids2017_tue_c0,0.8104750000000001,-23.099999999999998,54,0.6774193548387096,0.6,0.6363636363636364,1.2637029149600083
400,cicids2017_tue_c0,0.81,-5.500000000000001,55,0.7222222222222222,0.7428571428571429,0.732394366197183,1.2856131666554855
401,cicids2017_wed_c1,0.809525,-25.69999999999999,41,0.22727272727272727,0.45454545454545453,0.30303030303030304,1.2221589365245729
402,cicids2017_wed_c1,0.80905,-25.799999999999997,40,0.22727272727272727,0.45454545454545453,0.30303030303030304,1.328063037381454
403,cicids2017_tue_c0,0.808575,-1.2000000000000002,52,0.75,0.7714285714285715,0.7605633802816902,1.2866228626078766
404,cicids2017_wed_c1,0.8081,-11.0,37,0.36,0.8181818181818182,0.5,1.3123801887502857
405,cicids2017_tue_c0,0.807625,-15.200000000000001,54,0.7857142857142857,0.6285714285714286,0.6984126984126985,1.3063780404144627
406,cicids2017_wed_c0,0.80715,-17.9,56,0.6153846153846154,0.6857142857142857,0.6486486486486486,1.3278194235671381
407,cicids2017_tue_c0,0.806675,-14.000000000000002,53,0.7419354838709677,0.6571428571428571,0.6969696969696969,1.3683746805023795
408,cicids2017_fri_c0,0.8062,-11.200000000000001,55,0.6756756756756757,0.7142857142857143,0.6944444444444444,1.3141832118284358
409,cicids2017_wed_c1,0.805725,-13.200000000000003,39,0.34782608695652173,0.7272727272727273,0.4705882352941176,1.3324625960097494
410,cicids2017_fri_c0,0.80525,-29.799999999999997,57,0.6551724137931034,0.5428571428571428,0.5937499999999999,1.2665148740276806
411,cicids2017_fri_c0,0.804775,-30.999999999999993,56,0.6333333333333333,0.5428571428571428,0.5846153846153846,1.1442421260449813
412,cicids2017_fri_c0,0.8043,-18.200000000000003,55,0.6571428571428571,0.6571428571428571,0.6571428571428571,1.1723708998477873
413,cicids2017_tue_c0,0.803825,-24.39999999999999,54,0.7142857142857143,0.5714285714285714,0.634920634920635,1.2253353339794746
414,cicids2017_fri_c0,0.80335,-42.699999999999996,55,0.5714285714285714,0.45714285714285713,0.5079365079365079,1.3204857859674572
415,cicids2017_fri_c0,0.802875,-15.799999999999995,57,0.696969696969697,0.6571428571428571,0.676470588235294,1.2306133646905941
416,cicids2017_wed_c0,0.8024,-35.99999999999999,54,0.6538461538461539,0.4857142857142857,0.5573770491803278,1.232170357195237
417,cicids2017_wed_c1,0.801925,-19.899999999999988,33,0.3125,0.45454545454545453,0.3703703703703703,1.2390614862945113
418,cicids2017_fri_c0,0.80145,-29.400000000000002,59,0.6060606060606061,0.5714285714285714,0.588235294117647,1.230284326939743
419,cicids2017_tue_c0,0.800975,-25.499999999999993,54,0.6896551724137931,0.5714285714285714,0.625,1.240006428173407
420,cicids2017_wed_c0,0.8005,-18.199999999999992,55,0.6571428571428571,0.6571428571428571,0.6571428571428571,1.207463749364161
421,cicids2017_wed_c1,0.800025,-12.300000000000004,39,0.3888888888888889,0.6363636363636364,0.4827586206896552,1.2747069884688977
422,cicids2017_wed_c0,0.79955,-27.799999999999997,53,0.6451612903225806,0.5714285714285714,0.606060606060606,1.3282804648424258
423,cicids2017_wed_c1,0.799075,-13.800000000000002,44,0.3333333333333333,0.7272727272727273,0.4571428571428572,1.287695206096865
424,cicids2017_wed_c0,0.7986,-25.499999999999993,54,0.6896551724137931,0.5714285714285714,0.625,1.28654806914103
425,cicids2017_tue_c0,0.798125,-27.599999999999994,55,0.6451612903225806,0.5714285714285714,0.606060606060606,1.298323178240288
426,cicids2017_fri_c0,0.79765,-21.299999999999997,57,0.6052631578947368,0.6571428571428571,0.6301369863013698,1.230626828839239
427,cicids2017_wed_c1,0.797175,-17.8,41,0.3157894736842105,0.5454545454545454,0.39999999999999997,1.242653538893902
428,cicids2017_wed_c1,0.7967,-10.900000000000004,40,0.38095238095238093,0.7272727272727273,0.5,1.281500260823107
429,cicids2017_fri_c0,0.796225,-18.199999999999996,57,0.7096774193548387,0.6285714285714286,0.6666666666666666,1.2094982244112218
430,cicids2017_wed_c0,0.79575,-28.299999999999997,57,0.5833333333333334,0.6,0.591549295774648,1.2137450512193706
431,cicids2017_fri_c0,0.795275,-28.499999999999996,59,0.6785714285714286,0.5428571428571428,0.603174603174603,1.1968318617181508
432,cicids2017_wed_c0,0.7948,-14.9,53,0.6666666666666666,0.6857142857142857,0.676056338028169,1.250657640871847
433,cicids2017_wed_c1,0.794325,-10.900000000000002,40,0.38095238095238093,0.7272727272727273,0.5,1.142478230007984
434,cicids2017_fri_c0,0.79385,-37.1,54,0.6296296296296297,0.4857142857142857,0.5483870967741936,1.23759106585541
435,cicids2017_tue_c0,0.7933749999999999,-40.599999999999994,54,0.6153846153846154,0.45714285714285713,0.5245901639344263,1.1748336667800416
436,cicids2017_fri_c0,0.7929,-28.599999999999998,56,0.625,0.5714285714285714,0.5970149253731343,1.1953658968361656
437,cicids2017_wed_c0,0.792425,-23.99999999999999,56,0.65625,0.6,0.626865671641791,1.2318231097615264
438,cicids2017_wed_c1,0.79195,-7.8000000000000025,38,0.4444444444444444,0.7272727272727273,0.5517241379310345,1.2180416864641066
439,cicids2017_fri_c0,0.791475,-31.0,56,0.6333333333333333,0.5428571428571428,0.5846153846153846,1.2934138885428312
440,cicids2017_tue_c0,0.791,-31.19999999999999,56,0.6923076923076923,0.5142857142857142,0.5901639344262295,1.3054540867188766
441,cicids2017_wed_c1,0.790525,-17.1,35,0.3181818181818182,0.6363636363636364,0.4242424242424242,1.2931273771838498
442,cicids2017_tue_c0,0.79005,-20.9,54,0.7241379310344828,0.6,0.65625,1.2261612881878667
443,cicids2017_fri_c0,0.789575,-25.0,57,0.6363636363636364,0.6,0.6176470588235293,1.2042163126283916
444,cicids2017_tue_c0,0.7891,-43.89999999999999,54,0.5517241379310345,0.45714285714285713,0.5,1.242685772626559
445,cicids2017_wed_c0,0.788625,-5.6,52,0.675,0.7714285714285715,0.72,1.2188381662433942
446,cicids2017_wed_c0,0.78815,-25.599999999999994,53,0.6896551724137931,0.5714285714285714,0.625,1.209969803537836
447,cicids2017_tue_c0,0.787675,-22.699999999999996,49,0.7692307692307693,0.5714285714285714,0.6557377049180327,1.1581623345030985
448,cicids2017_wed_c1,0.7872,-21.099999999999994,41,0.2727272727272727,0.5454545454545454,0.3636363636363636,1.186492372710493
449,cicids2017_wed_c0,0.786725,-32.19999999999999,55,0.6129032258064516,0.5428571428571428,0.5757575757575757,1.1528945757748243
450,cicids2017_tue_c0,0.78625,-15.0,54,0.71875,0.6571428571428571,0.6865671641791045,1.1857547590822037
451,cicids2017_wed_c1,0.785775,-18.300000000000004,45,0.2916666666666667,0.6363636363636364,0.4,1.174343179681206
452,cicids2017_wed_c1,0.7853,-19.299999999999997,37,0.3,0.5454545454545454,0.3870967741935483,1.155103068812785
453,cicids2017_tue_c0,0.784825,-22.899999999999995,56,0.6774193548387096,0.6,0.6363636363636364,1.206220419851692
454,cicids2017_fri_c0,0.78435,-40.0,58,0.5666666666666667,0.4857142857142857,0.523076923076923,1.237691363531902
455,cicids2017_wed_c0,0.783875,-13.700000000000001,54,0.6857142857142857,0.6857142857142857,0.6857142857142857,1.2275787397420546
456,cicids2017_wed_c0,0.7834,-7.700000000000001,57,0.7352941176470589,0.7142857142857143,0.7246376811594202,1.2053654704345966
457,cicids2017_fri_c0,0.782925,-41.599999999999994,57,0.6521739130434783,0.42857142857142855,0.5172413793103448,1.2993286692378971
458,cicids2017_wed_c0,0.78245,-14.600000000000001,56,0.6666666666666666,0.6857142857142857,0.676056338028169,1.2531610449702033
459,cicids2017_wed_c1,0.781975,-23.699999999999985,41,0.25,0.36363636363636365,0.2962962962962963,1.2254936974235144
460,cicids2017_fri_c0,0.7815,-29.199999999999996,59,0.5675675675675675,0.6,0.5833333333333333,1.2899082988467236
461,cicids2017_wed_c0,0.781025,-24.999999999999993,57,0.6363636363636364,0.6,0.6176470588235293,1.3167745051081028
462,cicids2017_fri_c0,0.78055,-31.9,58,0.6129032258064516,0.5428571428571428,0.5757575757575757,1.3314835653175483
463,cicids2017_wed_c0,0.780075,-47.19999999999999,56,0.5357142857142857,0.42857142857142855,0.47619047619047616,1.3240073474892744
464,cicids2017_tue_c0,0.7796,-33.5,55,0.6428571428571429,0.5142857142857142,0.5714285714285714,1.345806397495697
465,cicids2017_fri_c0,0.7791250000000001,-22.9,56,0.6774193548387096,0.6,0.6363636363636364,1.3273012533238615
466,cicids2017_wed_c1,0.7786500000000001,-19.0,40,0.3,0.5454545454545454,0.3870967741935483,1.3976560160127398
467,cicids2017_fri_c0,0.7781750000000001,-23.599999999999994,58,0.6111111111111112,0.6285714285714286,0.619718309859155,1.3229897755246807
468,cicids2017_wed_c0,0.7777000000000001,-27.099999999999994,58,0.6,0.6,0.6,1.297892389041141
469,cicids2017_fri_c0,0.777225,-36.699999999999996,56,0.5806451612903226,0.5142857142857142,0.5454545454545455,1.2553282396098544
470,cicids2017_wed_c1,0.77675,-11.700000000000003,41,0.34615384615384615,0.8181818181818182,0.4864864864864865,1.3630119018346813
471,cicids2017_wed_c0,0.776275,-40.099999999999994,57,0.5666666666666667,0.4857142857142857,0.523076923076923,1.258419946230944
472,cicids2017_wed_c1,0.7758,-15.400000000000004,39,0.32,0.7272727272727273,0.4444444444444444,1.2330591037527523
473,cicids2017_tue_c0,0.775325,-20.8,53,0.6666666666666666,0.6285714285714286,0.6470588235294118,1.233542521772578
474,cicids2017_tue_c0,0.77485,-28.79999999999999,56,0.6785714285714286,0.5428571428571428,0.603174603174603,1.2667913810231641
475,cicids2017_wed_c0,0.774375,-19.299999999999997,55,0.6388888888888888,0.6571428571428571,0.647887323943662,1.1834205730115042
476,cicids2017_wed_c1,0.7739,-18.9,39,0.2916666666666667,0.6363636363636364,0.4,1.2403859164329971
477,cicids2017_wed_c1,0.773425,-21.59999999999999,45,0.25925925925925924,0.6363636363636364,0.368421052631579,1.2154938800524389
478,cicids2017_fri_c0,0.77295,-34.3,56,0.5757575757575758,0.5428571428571428,0.5588235294117646,1.2026903133233755
479,cicids2017_wed_c0,0.772475,-26.19999999999999,56,0.6176470588235294,0.6,0.608695652173913,1.185227303550107
480,cicids2017_fri_c0,0.772,-22.9,58,0.7407407407407407,0.5714285714285714,0.6451612903225806,1.2328449318145713
481,cicids2017_tue_c0,0.771525,-23.0,55,0.6774193548387096,0.6,0.6363636363636364,1.2895200977147265
482,cicids2017_wed_c1,0.77105,-4.199999999999999,37,0.43478260869565216,0.9090909090909091,0.5882352941176471,1.2812842221740184
483,cicids2017_tue_c0,0.770575,-32.39999999999999,55,0.6666666666666666,0.5142857142857142,0.5806451612903226,1.2861501932135413
484,cicids2017_wed_c1,0.7701,-20.200000000000003,39,0.2857142857142857,0.5454545454545454,0.37499999999999994,1.241402075559869
485,cicids2017_tue_c0,0.769625,-23.200000000000003,55,0.7407407407407407,0.5714285714285714,0.6451612903225806,1.2487819399615838
486,cicids2017_fri_c0,0.76915,-27.9,54,0.7037037037037037,0.5428571428571428,0.6129032258064516,1.274316979050463
487,cicids2017_tue_c0,0.768675,-28.79999999999999,56,0.6785714285714286,0.5428571428571428,0.603174603174603,1.22272605088727
488,cicids2017_wed_c0,0.7682,-8.5,56,0.627906976744186,0.7714285714285715,0.6923076923076923,1.2058898118033368
489,cicids2017_wed_c1,0.767725,-14.700000000000003,46,0.32,0.7272727272727273,0.4444444444444444,1.1953366954090139
490,cicids2017_wed_c0,0.76725,-30.9,57,0.6333333333333333,0.5428571428571428,0.5846153846153846,1.2260088977312522
491,cicids2017_wed_c1,0.766775,-13.300000000000002,38,0.34782608695652173,0.7272727272727273,0.4705882352941176,1.205267689623707
492,cicids2017_wed_c1,0.7663,-25.599999999999994,42,0.22727272727272727,0.45454545454545453,0.30303030303030304,1.2372037380353678
493,cicids2017_wed_c1,0.765825,-13.200000000000005,39,0.34782608695652173,0.7272727272727273,0.4705882352941176,1.2829352899365232
494,cicids2017_wed_c0,0.76535,-32.49999999999999,52,0.6129032258064516,0.5428571428571428,0.5757575757575757,1.2796241635541001
495,cicids2017_tue_c0,0.764875,-18.5,54,0.7096774193548387,0.6285714285714286,0.6666666666666666,1.2645844963695037
496,cicids2017_tue_c0,0.7644,-5.800000000000002,54,0.78125,0.7142857142857143,0.7462686567164178,1.2464876087520347
497,cicids2017_fri_c0,0.763925,-11.200000000000001,57,0.7272727272727273,0.6857142857142857,0.7058823529411764,1.2251255830086396
498,cicids2017_tue_c0,0.76345,-21.599999999999998,49,0.8,0.5714285714285714,0.6666666666666666,1.2032718251924246
499,cicids2017_wed_c1,0.762975,-12.700000000000003,44,0.34782608695652173,0.7272727272727273,0.4705882352941176,1.2520197102079431
500,cicids2017_tue_c0,0.7625,-13.800000000000004,55,0.7419354838709677,0.6571428571428571,0.6969696969696969,1.1833935586709086
501,cicids2017_fri_c0,0.762025,-23.5,59,0.6111111111111112,0.6285714285714286,0.619718309859155,1.1663220134741263
502,cicids2017_wed_c0,0.76155,-21.4,56,0.6052631578947368,0.6571428571428571,0.6301369863013698,1.1986543764729618
503,cicids2017_wed_c1,0.761075,-11.300000000000002,36,0.38095238095238093,0.7272727272727273,0.5,1.1660170793158393
504,cicids2017_wed_c1,0.7605999999999999,-25.799999999999994,40,0.22727272727272727,0.45454545454545453,0.30303030303030304,1.2839920631955457
505,cicids2017_tue_c0,0.760125,-28.999999999999993,54,0.6785714285714286,0.5428571428571428,0.603174603174603,1.2438858840796347
506,cicids2017_tue_c0,0.75965,-22.799999999999997,55,0.6285714285714286,0.6285714285714286,0.6285714285714286,1.2530420580082047
507,cicids2017_wed_c0,0.759175,-7.800000000000001,54,0.6842105263157895,0.7428571428571429,0.7123287671232877,1.2254847163539035
508,cicids2017_fri_c0,0.7587,-7.800000000000001,56,0.7352941176470589,0.7142857142857143,0.7246376811594202,1.1964339578846064
509,cicids2017_tue_c0,0.758225,-10.300000000000002,55,0.75,0.6857142857142857,0.7164179104477612,1.2262195121586184
510,cicids2017_fri_c0,0.75775,-10.200000000000003,56,0.75,0.6857142857142857,0.7164179104477612,1.22645924995105
511,cicids2017_wed_c1,0.757275,-23.9,37,0.25,0.45454545454545453,0.3225806451612903,1.2956451692612647
512,cicids2017_wed_c0,0.7568,-31.09999999999999,55,0.6333333333333333,0.5428571428571428,0.5846153846153846,1.2971830382725336
513,cicids2017_wed_c1,0.756325,-22.9,34,0.2608695652173913,0.5454545454545454,0.3529411764705882,1.3052266392733134
514,cicids2017_wed_c1,0.75585,-24.899999999999988,47,0.23076923076923078,0.5454545454545454,0.3243243243243243,1.2846183348173876
515,cicids2017_wed_c1,0.755375,-27.89999999999999,41,0.20833333333333334,0.45454545454545453,0.28571428571428575,1.2184245720197515
516,cicids2017_fri_c0,0.7549,-33.19999999999999,56,0.59375,0.5428571428571428,0.5671641791044776,1.2555183244431514
517,cicids2017_wed_c1,0.754425,-8.400000000000002,34,0.5,0.6363636363636364,0.56,1.216093149023699
518,cicids2017_fri_c0,0.75395,-21.89999999999999,55,0.7,0.6,0.6461538461538462,1.2214464601130053
519,cicids2017_tue_c0,0.753475,0.5999999999999988,57,0.717948717948718,0.8,0.7567567567567569,1.2456181444185195
520,cicids2017_wed_c0,0.753,-32.99999999999999,58,0.59375,0.5428571428571428,0.5671641791044776,1.1559388833857196
521,cicids2017_tue_c0,0.752525,-9.100000000000003,56,0.7741935483870968,0.6857142857142857,0.7272727272727272,1.2140631426746473
522,cicids2017_fri_c0,0.75205,-16.999999999999993,56,0.6764705882352942,0.6571428571428571,0.6666666666666666,1.1835882764511034
523,cicids2017_fri_c0,0.751575,-11.400000000000002,57,0.7931034482758621,0.6571428571428571,0.71875,1.2572447946942797
524,cicids2017_wed_c1,0.7511,-19.099999999999998,39,0.3,0.5454545454545454,0.3870967741935483,1.2480471813091425
525,cicids2017_tue_c0,0.750625,-22.89999999999999,56,0.6774193548387096,0.6,0.6363636363636364,1.1603884459453104
526,cicids2017_tue_c0,0.75015,-18.0,57,0.6571428571428571,0.6571428571428571,0.6571428571428571,1.1952297720852953
527,cicids2017_wed_c1,0.749675,-25.99999999999999,38,0.22727272727272727,0.45454545454545453,0.30303030303030304,1.2426192305293655
528,cicids2017_fri_c0,0.7492,-18.299999999999997,56,0.7096774193548387,0.6285714285714286,0.6666666666666666,1.254796843153753
529,cicids2017_wed_c1,0.748725,-12.8,43,0.34782608695652173,0.7272727272727273,0.4705882352941176,1.2378115317462117
530,cicids2017_wed_c1,0.7482500000000001,-19.800000000000004,41,0.28,0.6363636363636364,0.3888888888888889,1.2021862392120446
531,cicids2017_wed_c0,0.7477750000000001,-14.8,54,0.6666666666666666,0.6857142857142857,0.676056338028169,1.2428055382111631
532,cicids2017_fri_c0,0.7473000000000001,-22.6,57,0.6285714285714286,0.6285714285714286,0.6285714285714286,1.1264023211367442
533,cicids2017_fri_c0,0.7468250000000001,-17.6,59,0.6153846153846154,0.6857142857142857,0.6486486486486486,1.1130594399350515
534,cicids2017_tue_c0,0.7463500000000001,-19.699999999999996,53,0.6875,0.6285714285714286,0.6567164179104478,1.153088293473348
535,cicids2017_wed_c0,0.7458750000000001,-29.299999999999994,51,0.6785714285714286,0.5428571428571428,0.603174603174603,1.2080301212386437
536,cicids2017_fri_c0,0.7454000000000001,-15.100000000000001,55,0.7857142857142857,0.6285714285714286,0.6984126984126985,1.1397981382818705
537,cicids2017_tue_c0,0.7449250000000001,-41.3,56,0.5483870967741935,0.4857142857142857,0.5151515151515151,1.2045867756222626
538,cicids2017_fri_c0,0.7444500000000001,-9.0,57,0.7741935483870968,0.6857142857142857,0.7272727272727272,1.1726686564116884
539,cicids2017_wed_c0,0.743975,-9.700000000000003,57,0.65,0.7428571428571429,0.6933333333333334,1.267003323543329
540,cicids2017_fri_c0,0.7435,-58.599999999999994,58,0.46153846153846156,0.34285714285714286,0.3934426229508197,1.2117336135596233
541,cicids2017_wed_c0,0.743025,-29.699999999999996,56,0.6060606060606061,0.5714285714285714,0.588235294117647,1.2631590812551976
542,cicids2017_fri_c0,0.74255,-18.000000000000004,57,0.6571428571428571,0.6571428571428571,0.6571428571428571,1.2211889031735508
543,cicids2017_fri_c0,0.742075,-27.700000000000003,56,0.7037037037037037,0.5428571428571428,0.6129032258064516,1.1982744410351849
544,cicids2017_fri_c0,0.7416,-20.299999999999997,58,0.6666666666666666,0.6285714285714286,0.6470588235294118,1.1765191951090606
545,cicids2017_wed_c1,0.741125,-18.499999999999993,34,0.3157894736842105,0.5454545454545454,0.39999999999999997,1.1693923990651562
546,cicids2017_fri_c0,0.74065,-23.699999999999996,57,0.6111111111111112,0.6285714285714286,0.619718309859155,1.2133784899308078
547,cicids2017_tue_c0,0.740175,-19.399999999999995,56,0.6875,0.6285714285714286,0.6567164179104478,1.257104114741529
548,cicids2017_wed_c0,0.7397,-5.300000000000002,55,0.675,0.7714285714285715,0.72,1.1561487328362152
549,cicids2017_wed_c0,0.739225,-28.399999999999995,56,0.5833333333333334,0.6,0.591549295774648,1.2128983725274516
550,cicids2017_wed_c0,0.73875,-15.8,55,0.6486486486486487,0.6857142857142857,0.6666666666666667,1.1979611721238097
551,cicids2017_wed_c1,0.738275,-17.700000000000003,40,0.30434782608695654,0.6363636363636364,0.411764705882353,1.193482606706052
552,cicids2017_tue_c0,0.7378,-2.200000000000001,53,0.7297297297297297,0.7714285714285715,0.75,1.1888027939299826
553,cicids2017_wed_c1,0.737325,-12.300000000000004,39,0.3888888888888889,0.6363636363636364,0.4827586206896552,1.2282437045025718
554,cicids2017_tue_c0,0.73685,-23.3,52,0.6774193548387096,0.6,0.6363636363636364,1.1769608368260078
555,cicids2017_wed_c1,0.736375,1.3,37,0.5555555555555556,0.9090909090909091,0.6896551724137931,1.164975165693532
556,cicids2017_wed_c0,0.7359,-11.000000000000002,55,0.6341463414634146,0.7428571428571429,0.6842105263157895,1.1967279652601832
557,cicids2017_wed_c0,0.735425,-19.599999999999994,54,0.6875,0.6285714285714286,0.6567164179104478,1.1805533081263293
558,cicids2017_wed_c1,0.73495,-23.299999999999997,41,0.25,0.5454545454545454,0.34285714285714286,1.2181910105133635
559,cicids2017_wed_c1,0.734475,-14.600000000000003,36,0.3333333333333333,0.7272727272727273,0.4571428571428572,1.2080276600305166
560,cicids2017_wed_c1,0.734,-18.5,43,0.2916666666666667,0.6363636363636364,0.4,1.2905898598726682
561,cicids2017_wed_c0,0.733525,-17.6,52,0.7333333333333333,0.6285714285714286,0.6769230769230768,1.2661222402737726
562,cicids2017_fri_c0,0.73305,-4.4,53,0.6923076923076923,0.7714285714285715,0.7297297297297296,1.2315161639393277
563,cicids2017_tue_c0,0.732575,-29.799999999999997,57,0.6551724137931034,0.5428571428571428,0.5937499999999999,1.1199724449810848
564,cicids2017_fri_c0,0.7321,-7.600000000000003,56,0.6842105263157895,0.7428571428571429,0.7123287671232877,1.174237181434403
565,cicids2017_wed_c1,0.731625,-28.599999999999994,43,0.20689655172413793,0.5454545454545454,0.3,1.1325742630051387
566,cicids2017_fri_c0,0.73115,-34.5,56,0.6206896551724138,0.5142857142857142,0.5625,1.1696625243480916
567,cicids2017_fri_c0,0.730675,-13.300000000000002,58,0.6857142857142857,0.6857142857142857,0.6857142857142857,1.1134570932333812
568,cicids2017_fri_c0,0.7302,-39.199999999999996,55,0.5862068965517241,0.4857142857142857,0.53125,1.1201031831221793
569,cicids2017_wed_c0,0.729725,-45.6,57,0.4857142857142857,0.4857142857142857,0.4857142857142857,1.1219644885289934
570,cicids2017_wed_c0,0.72925,-11.300000000000004,56,0.7272727272727273,0.6857142857142857,0.7058823529411764,1.130320597523576
571,cicids2017_wed_c1,0.7287750000000001,-6.1000000000000005,40,0.4,0.9090909090909091,0.5555555555555556,1.2041784341034951
572,cicids2017_tue_c0,0.7283000000000001,-15.000000000000004,54,0.71875,0.6571428571428571,0.6865671641791045,1.1512980082378501
573,cicids2017_tue_c0,0.727825,-16.9,57,0.6764705882352942,0.6571428571428571,0.6666666666666666,1.117572745672925
574,cicids2017_fri_c0,0.72735,-30.999999999999993,56,0.6333333333333333,0.5428571428571428,0.5846153846153846,1.2787918767119535
575,cicids2017_fri_c0,0.726875,-7.300000000000001,59,0.6842105263157895,0.7428571428571429,0.7123287671232877,1.3191624935338886
576,cicids2017_tue_c0,0.7264,-15.700000000000001,56,0.6486486486486487,0.6857142857142857,0.6666666666666667,1.2136253676920805
577,cicids2017_wed_c1,0.725925,-13.400000000000004,37,0.34782608695652173,0.7272727272727273,0.4705882352941176,1.286141269333146
578,cicids2017_wed_c0,0.72545,-30.799999999999994,56,0.5882352941176471,0.5714285714285714,0.5797101449275363,1.2044769198511465
579,cicids2017_wed_c1,0.724975,-22.299999999999997,40,0.2608695652173913,0.5454545454545454,0.3529411764705882,1.2383320094369448
580,cicids2017_fri_c0,0.7245,-29.599999999999987,59,0.6551724137931034,0.5428571428571428,0.5937499999999999,1.2182903272379118
581,cicids2017_fri_c0,0.724025,-38.9,58,0.5862068965517241,0.4857142857142857,0.53125,1.2108320150454834
582,cicids2017_wed_c1,0.72355,-13.800000000000006,44,0.3333333333333333,0.7272727272727273,0.4571428571428572,1.2114238595423898
583,cicids2017_fri_c0,0.723075,-24.599999999999994,59,0.5945945945945946,0.6285714285714286,0.611111111111111,1.2344537759822407
584,cicids2017_fri_c0,0.7226,-30.79999999999999,58,0.6333333333333333,0.5428571428571428,0.5846153846153846,1.2533472138825386
585,cicids2017_tue_c0,0.722125,-19.899999999999995,53,0.75,0.6,0.6666666666666665,1.1768080238345588
586,cicids2017_wed_c1,0.72165,-23.499999999999993,39,0.25,0.5454545454545454,0.34285714285714286,1.2021323625450882
587,cicids2017_wed_c0,0.721175,-21.799999999999997,54,0.6470588235294118,0.6285714285714286,0.6376811594202899,1.178455940949124
588,cicids2017_fri_c0,0.7207,-19.2,58,0.6875,0.6285714285714286,0.6567164179104478,1.230544220984643
589,cicids2017_wed_c1,0.720225,-22.6,37,0.2608695652173913,0.5454545454545454,0.3529411764705882,1.2121558275257005
590,cicids2017_wed_c1,0.71975,-16.6,40,0.3181818181818182,0.6363636363636364,0.4242424242424242,1.3207840210497264
591,cicids2017_wed_c1,0.7192750000000001,-26.799999999999994,41,0.21739130434782608,0.45454545454545453,0.29411764705882354,1.2541082315060539
592,cicids2017_wed_c1,0.7188000000000001,-11.8,40,0.34615384615384615,0.8181818181818182,0.4864864864864865,1.226586463301064
593,cicids2017_fri_c0,0.7183250000000001,-35.599999999999994,56,0.6,0.5142857142857142,0.5538461538461538,1.287650904253127
594,cicids2017_wed_c1,0.7178500000000001,-13.900000000000002,43,0.3333333333333333,0.7272727272727273,0.4571428571428572,1.3036088713278915
595,cicids2017_tue_c0,0.7173750000000001,1.2999999999999994,53,0.7368421052631579,0.8,0.7671232876712328,1.30675290030208
596,cicids2017_wed_c1,0.7169000000000001,-18.799999999999997,40,0.2916666666666667,0.6363636363636364,0.4,1.3327854638283254
597,cicids2017_wed_c0,0.7164250000000001,-14.6,56,0.6666666666666666,0.6857142857142857,0.676056338028169,1.2047108317001292
598,cicids2017_wed_c1,0.7159500000000001,-21.09999999999999,43,0.2777777777777778,0.45454545454545453,0.3448275862068966,1.2260348555480052
599,cicids2017_wed_c0,0.7154750000000001,-15.8,55,0.6486486486486487,0.6857142857142857,0.6666666666666667,1.1842724524163246
600,cicids2017_wed_c0,0.7150000000000001,-16.9,55,0.631578947368421,0.6857142857142857,0.6575342465753424,1.1861003206101084
601,cicids2017_wed_c0,0.7145250000000001,-8.700000000000001,58,0.7142857142857143,0.7142857142857143,0.7142857142857143,1.206764417508962
602,cicids2017_wed_c1,0.7140500000000001,-14.900000000000002,35,0.35,0.6363636363636364,0.45161290322580644,1.2744334683016372
603,cicids2017_wed_c0,0.7135750000000001,-18.9,57,0.6,0.6857142857142857,0.64,1.267419875735661
604,cicids2017_fri_c0,0.7131000000000001,-15.000000000000002,56,0.7857142857142857,0.6285714285714286,0.6984126984126985,1.2654232253912647
605,cicids2017_wed_c1,0.7126250000000001,-23.199999999999992,42,0.25,0.5454545454545454,0.34285714285714286,1.229741808739746
606,cicids2017_wed_c0,0.7121500000000001,-34.19999999999999,57,0.5757575757575758,0.5428571428571428,0.5588235294117646,1.2479816222312485
607,cicids2017_tue_c0,0.7116750000000001,-17.4,54,0.7333333333333333,0.6285714285714286,0.6769230769230768,1.2862662757844743
608,cicids2017_wed_c0,0.7112,-27.499999999999993,56,0.6451612903225806,0.5714285714285714,0.606060606060606,1.2969296943939692
609,cicids2017_wed_c1,0.710725,-16.700000000000003,39,0.3181818181818182,0.6363636363636364,0.4242424242424242,1.2905556533068823
610,cicids2017_wed_c1,0.71025,-1.4000000000000004,32,0.5,0.9090909090909091,0.6451612903225806,1.270613531248558
611,cicids2017_wed_c1,0.709775,-21.099999999999994,39,0.2692307692307692,0.6363636363636364,0.37837837837837834,1.2929211880414282
612,cicids2017_tue_c0,0.7093,-24.999999999999993,57,0.6363636363636364,0.6,0.6176470588235293,1.244669857156226
613,cicids2017_wed_c1,0.708825,-14.500000000000004,37,0.3333333333333333,0.7272727272727273,0.4571428571428572,1.2089139985772845
614,cicids2017_tue_c0,0.70835,-19.200000000000003,56,0.6388888888888888,0.6571428571428571,0.647887323943662,1.2917932824795122
615,cicids2017_wed_c0,0.707875,-9.9,57,0.6944444444444444,0.7142857142857143,0.7042253521126761,1.2463936430689513
616,cicids2017_wed_c0,0.7074,-5.4,56,0.7222222222222222,0.7428571428571429,0.732394366197183,1.2374578336855993
617,cicids2017_fri_c0,0.706925,-21.500000000000004,57,0.6470588235294118,0.6285714285714286,0.6376811594202899,1.2747561622414623
618,cicids2017_tue_c0,0.70645,-27.79999999999999,53,0.6451612903225806,0.5714285714285714,0.606060606060606,1.1714436504045733
619,cicids2017_fri_c0,0.705975,-6.8000000000000025,55,0.7575757575757576,0.7142857142857143,0.7352941176470589,1.2043082671746794
620,cicids2017_fri_c0,0.7055,-16.9,57,0.6764705882352942,0.6571428571428571,0.6666666666666666,1.1752978609529752
621,cicids2017_tue_c0,0.705025,-16.299999999999994,54,0.7586206896551724,0.6285714285714286,0.6875,1.1920333036602533
622,cicids2017_tue_c0,0.70455,-6.200000000000001,57,0.6585365853658537,0.7714285714285715,0.7105263157894737,1.2555443652607385
623,cicids2017_fri_c0,0.704075,-20.89999999999999,54,0.7241379310344828,0.6,0.65625,1.2183361801434853
624,cicids2017_tue_c0,0.7036,-22.099999999999998,53,0.7,0.6,0.6461538461538462,1.2109779333219168
625,cicids2017_wed_c0,0.703125,-22.5,56,0.5897435897435898,0.6571428571428571,0.6216216216216216,1.215381668909904
626,cicids2017_fri_c0,0.70265,-31.2,56,0.6923076923076923,0.5142857142857142,0.5901639344262295,1.1901091134229822
627,cicids2017_tue_c0,0.702175,-18.899999999999995,57,0.6,0.6857142857142857,0.64,1.2179294815589043
628,cicids2017_tue_c0,0.7017,-7.100000000000001,52,0.7575757575757576,0.7142857142857143,0.7352941176470589,1.1546509375916458
629,cicids2017_wed_c0,0.701225,-17.799999999999997,57,0.6153846153846154,0.6857142857142857,0.6486486486486486,1.228268688264743
630,cicids2017_tue_c0,0.70075,-14.9,55,0.71875,0.6571428571428571,0.6865671641791045,1.2090499923880345
631,cicids2017_wed_c0,0.700275,-3.2999999999999994,53,0.7105263157894737,0.7714285714285715,0.7397260273972601,1.253560460531305
632,cicids2017_tue_c0,0.6998,-29.999999999999996,55,0.6551724137931034,0.5428571428571428,0.5937499999999999,1.212015158227179
633,cicids2017_tue_c0,0.699325,-4.400000000000002,55,0.7428571428571429,0.7428571428571429,0.7428571428571429,1.225239180757851
634,cicids2017_tue_c0,0.69885,-38.199999999999996,54,0.6071428571428571,0.4857142857142857,0.5396825396825397,1.1649107491010444
635,cicids2017_fri_c0,0.698375,-20.6,55,0.6666666666666666,0.6285714285714286,0.6470588235294118,1.2637449662546958
636,cicids2017_wed_c0,0.6979,-17.4,52,0.6764705882352942,0.6571428571428571,0.6666666666666666,1.2397418081606968
637,cicids2017_fri_c0,0.697425,-26.0,58,0.6176470588235294,0.6,0.608695652173913,1.204203343735419
638,cicids2017_tue_c0,0.69695,-23.399999999999988,53,0.7407407407407407,0.5714285714285714,0.6451612903225806,1.1517186773323256
639,cicids2017_wed_c1,0.696475,-15.500000000000004,40,0.3333333333333333,0.6363636363636364,0.43749999999999994,1.2456444132325868
640,cicids2017_wed_c1,0.696,-7.000000000000002,44,0.4090909090909091,0.8181818181818182,0.5454545454545455,1.1921175586139374
641,cicids2017_wed_c0,0.695525,-32.099999999999994,54,0.5714285714285714,0.5714285714285714,0.5714285714285714,1.2171902445567553
642,cicids2017_wed_c1,0.69505,-4.200000000000001,39,0.47368421052631576,0.8181818181818182,0.6,1.2443996460815168
643,cicids2017_wed_c1,0.6945749999999999,-15.500000000000004,47,0.3,0.8181818181818182,0.43902439024390244,1.2354963907185288
644,cicids2017_tue_c0,0.6940999999999999,-11.4,55,0.7272727272727273,0.6857142857142857,0.7058823529411764,1.3025652597836161
645,cicids2017_wed_c1,0.6936249999999999,-24.29999999999999,44,0.23809523809523808,0.45454545454545453,0.31249999999999994,1.163563222426024
646,cicids2017_tue_c0,0.6931499999999999,-32.5,54,0.6666666666666666,0.5142857142857142,0.5806451612903226,1.2101803412447087
647,cicids2017_tue_c0,0.6926749999999999,-25.499999999999993,56,0.76,0.5428571428571428,0.6333333333333332,1.218674152864949
648,cicids2017_wed_c0,0.6921999999999999,-12.700000000000003,53,0.7058823529411765,0.6857142857142857,0.6956521739130436,1.2445021140940662
649,cicids2017_wed_c1,0.6917249999999999,-13.900000000000002,43,0.3333333333333333,0.7272727272727273,0.4571428571428572,1.2158386499640328
650,cicids2017_wed_c1,0.69125,-16.800000000000004,40,0.3333333333333333,0.5454545454545454,0.41379310344827586,1.1782798659550238
651,cicids2017_tue_c0,0.690775,0.20000000000000098,55,0.7714285714285715,0.7714285714285715,0.7714285714285715,1.1767615843844046
652,cicids2017_wed_c0,0.6903,-37.8,56,0.5625,0.5142857142857142,0.5373134328358209,1.1894692935259805
653,cicids2017_fri_c0,0.689825,-9.900000000000002,57,0.6944444444444444,0.7142857142857143,0.7042253521126761,1.1354301511087757
654,cicids2017_wed_c1,0.68935,-14.800000000000004,38,0.375,0.5454545454545454,0.4444444444444444,1.124997660419527
655,cicids2017_wed_c0,0.688875,-25.4,53,0.6363636363636364,0.6,0.6176470588235293,1.1165751364567016
656,cicids2017_wed_c0,0.6884,-0.8999999999999996,55,0.75,0.7714285714285715,0.7605633802816902,1.1907078102106619
657,cicids2017_wed_c1,0.687925,-13.900000000000002,43,0.3333333333333333,0.7272727272727273,0.4571428571428572,1.2630479596424624
658,cicids2017_wed_c0,0.68745,-15.400000000000002,57,0.6097560975609756,0.7142857142857143,0.6578947368421052,1.2268377494859457
659,cicids2017_fri_c0,0.686975,-5.200000000000003,58,0.7222222222222222,0.7428571428571429,0.732394366197183,1.1928326035400134
660,cicids2017_tue_c0,0.6865,2.499999999999999,54,0.7567567567567568,0.8,0.7777777777777778,1.2176988995079785
661,cicids2017_fri_c0,0.686025,-38.2,56,0.6666666666666666,0.45714285714285713,0.5423728813559322,1.2223337600267132
662,cicids2017_wed_c0,0.68555,-16.199999999999996,53,0.696969696969697,0.6571428571428571,0.676470588235294,1.208551660384111
663,cicids2017_fri_c0,0.685075,-12.300000000000004,57,0.7058823529411765,0.6857142857142857,0.6956521739130436,1.2277161737751967
664,cicids2017_fri_c0,0.6846,-14.8,54,0.6666666666666666,0.6857142857142857,0.676056338028169,1.2613560166374402
665,cicids2017_wed_c0,0.684125,-11.400000000000004,55,0.7272727272727273,0.6857142857142857,0.7058823529411764,1.2750516551866284
666,cicids2017_wed_c0,0.68365,-21.699999999999996,55,0.6470588235294118,0.6285714285714286,0.6376811594202899,1.301087067478491
667,cicids2017_wed_c0,0.683175,-23.799999999999997,56,0.6111111111111112,0.6285714285714286,0.619718309859155,1.199710442939898
668,cicids2017_wed_c1,0.6827,-7.8000000000000025,38,0.4444444444444444,0.7272727272727273,0.5517241379310345,1.2813272965376914
669,cicids2017_wed_c1,0.682225,-13.000000000000004,48,0.3125,0.9090909090909091,0.4651162790697674,1.3393307036168476
670,cicids2017_fri_c0,0.6817500000000001,-10.100000000000003,55,0.6944444444444444,0.7142857142857143,0.7042253521126761,1.2687586658864836
671,cicids2017_wed_c1,0.6812750000000001,-15.500000000000005,40,0.3333333333333333,0.6363636363636364,0.43749999999999994,1.222807847079403
672,cicids2017_wed_c0,0.6808000000000001,-17.699999999999996,56,0.5813953488372093,0.7142857142857143,0.6410256410256411,1.2805036500214706
673,cicids2017_wed_c0,0.6803250000000001,-4.200000000000002,55,0.6923076923076923,0.7714285714285715,0.7297297297297296,1.3079086687075958
674,cicids2017_fri_c0,0.6798500000000001,-3.3000000000000007,57,0.8333333333333334,0.7142857142857143,0.7692307692307692,1.2514438419054859
675,cicids2017_wed_c0,0.6793750000000001,-14.500000000000002,55,0.625,0.7142857142857143,0.6666666666666666,1.259858084781676
676,cicids2017_wed_c0,0.6789000000000001,-33.69999999999999,53,0.6428571428571429,0.5142857142857142,0.5714285714285714,1.246343837990417
677,cicids2017_wed_c0,0.6784250000000001,-38.4,59,0.5135135135135135,0.5428571428571428,0.5277777777777778,1.2721132741075183
678,cicids2017_fri_c0,0.67795,-6.300000000000001,58,0.7027027027027027,0.7428571428571429,0.7222222222222223,1.317345826703897
679,cicids2017_wed_c0,0.677475,-33.39999999999999,54,0.59375,0.5428571428571428,0.5671641791044776,1.2703433116016625
680,cicids2017_wed_c1,0.677,-11.600000000000001,42,0.34615384615384615,0.8181818181818182,0.4864864864864865,1.185774982378472
681,cicids2017_wed_c0,0.676525,-20.099999999999994,58,0.6216216216216216,0.6571428571428571,0.6388888888888888,1.233863981998501
682,cicids2017_fri_c0,0.67605,-10.100000000000001,55,0.6944444444444444,0.7142857142857143,0.7042253521126761,1.2657387733095944
683,cicids2017_wed_c1,0.675575,-12.400000000000002,36,0.36363636363636365,0.7272727272727273,0.4848484848484849,1.2222781322452099
684,cicids2017_wed_c1,0.6751,-14.300000000000006,41,0.35,0.6363636363636364,0.45161290322580644,1.225859501672735
685,cicids2017_fri_c0,0.674625,-29.5,58,0.6060606060606061,0.5714285714285714,0.588235294117647,1.2356033856159703
686,cicids2017_wed_c1,0.67415,-14.400000000000004,38,0.3333333333333333,0.7272727272727273,0.4571428571428572,1.225899884617716
687,cicids2017_tue_c0,0.673675,4.6999999999999975,54,0.8,0.8,0.8000000000000002,1.1764303676045218
688,cicids2017_wed_c0,0.6732,-19.39999999999999,56,0.6875,0.6285714285714286,0.6567164179104478,1.2205616032029298
689,cicids2017_tue_c0,0.672725,-8.200000000000003,54,0.8,0.6857142857142857,0.7384615384615385,1.1713944359838009
690,cicids2017_wed_c1,0.67225,-24.599999999999987,41,0.23809523809523808,0.45454545454545453,0.31249999999999994,1.2038849344845561
691,cicids2017_wed_c1,0.671775,-13.300000000000006,40,0.3684210526315789,0.6363636363636364,0.4666666666666667,1.2322418116799931
692,cicids2017_wed_c1,0.6713,-15.300000000000004,42,0.3333333333333333,0.6363636363636364,0.43749999999999994,1.2627015926655631
693,cicids2017_wed_c1,0.670825,-4.5,36,0.47368421052631576,0.8181818181818182,0.6,1.248254797049509
694,cicids2017_wed_c1,0.67035,-12.800000000000002,32,0.36363636363636365,0.7272727272727273,0.4848484848484849,1.2230982725571249
695,cicids2017_fri_c0,0.669875,-16.7,59,0.6764705882352942,0.6571428571428571,0.6666666666666666,1.3077071978829227
696,cicids2017_tue_c0,0.6694,-11.3,56,0.7272727272727273,0.6857142857142857,0.7058823529411764,1.2892996406941748
697,cicids2017_wed_c0,0.668925,-12.800000000000002,52,0.7058823529411765,0.6857142857142857,0.6956521739130436,1.3594061039109822
698,cicids2017_wed_c0,0.66845,-20.099999999999994,56,0.5853658536585366,0.6857142857142857,0.6315789473684211,1.2308060056551022
699,cicids2017_fri_c0,0.667975,-18.299999999999997,56,0.7096774193548387,0.6285714285714286,0.6666666666666666,1.3082904565466424
700,cicids2017_fri_c0,0.6675,-36.49999999999999,58,0.5806451612903226,0.5142857142857142,0.5454545454545455,1.272428983698739
701,cicids2017_wed_c0,0.667025,-9.900000000000002,55,0.65,0.7428571428571429,0.6933333333333334,1.2649491327698348
702,cicids2017_wed_c0,0.66655,-16.5,59,0.631578947368421,0.6857142857142857,0.6575342465753424,1.238049165540262
703,cicids2017_fri_c0,0.666075,-30.099999999999987,54,0.6551724137931034,0.5428571428571428,0.5937499999999999,1.2501293559246522
704,cicids2017_fri_c0,0.6656,-31.599999999999994,59,0.5714285714285714,0.5714285714285714,0.5714285714285714,1.2871239744164014
705,cicids2017_fri_c0,0.665125,-8.9,56,0.7142857142857143,0.7142857142857143,0.7142857142857143,1.2415685212446441
706,cicids2017_wed_c0,0.66465,-12.100000000000003,57,0.6578947368421053,0.7142857142857143,0.684931506849315,1.2780171313879205
707,cicids2017_fri_c0,0.664175,-22.999999999999993,55,0.6774193548387096,0.6,0.6363636363636364,1.2411306925222898
708,cicids2017_wed_c0,0.6637,-13.300000000000004,58,0.6857142857142857,0.6857142857142857,0.6857142857142857,1.2172384820283233
709,cicids2017_tue_c0,0.663225,-21.699999999999996,55,0.6470588235294118,0.6285714285714286,0.6376811594202899,1.2869144181852772
710,cicids2017_tue_c0,0.66275,-27.499999999999993,54,0.6,0.6,0.6,1.2071106759194876
711,cicids2017_wed_c0,0.6622750000000001,-24.99999999999999,57,0.6363636363636364,0.6,0.6176470588235293,1.1904760462369217
712,cicids2017_wed_c0,0.6618,-12.0,58,0.6578947368421053,0.7142857142857143,0.684931506849315,1.2176950111130316
713,cicids2017_wed_c0,0.661325,-4.1000000000000005,54,0.6511627906976745,0.8,0.7179487179487181,1.1582167537847243
714,cicids2017_wed_c1,0.66085,-17.300000000000004,44,0.30434782608695654,0.6363636363636364,0.411764705882353,1.2017002683457763
715,cicids2017_wed_c1,0.660375,-17.2,45,0.30434782608695654,0.6363636363636364,0.411764705882353,1.184256567474691
716,cicids2017_wed_c1,0.6599,-22.89999999999999,43,0.25,0.6363636363636364,0.358974358974359,1.1547223806025142
717,cicids2017_wed_c0,0.659425,3.5999999999999974,54,0.7777777777777778,0.8,0.7887323943661971,1.1930749382544281
718,cicids2017_tue_c0,0.65895,-15.500000000000002,51,0.7857142857142857,0.6285714285714286,0.6984126984126985,1.1801146519305812
719,cicids2017_fri_c0,0.658475,-23.799999999999997,58,0.65625,0.6,0.626865671641791,1.196473853325439
720,cicids2017_wed_c0,0.658,4.399999999999997,58,0.6818181818181818,0.8571428571428571,0.759493670886076,1.2022675390348996
721,cicids2017_fri_c0,0.657525,-12.700000000000001,55,0.7666666666666667,0.6571428571428571,0.7076923076923077,1.2089681788056155
722,cicids2017_wed_c1,0.65705,-21.39999999999999,38,0.2727272727272727,0.5454545454545454,0.3636363636363636,1.2025399861992618
723,cicids2017_wed_c1,0.656575,-29.099999999999994,40,0.2,0.45454545454545453,0.2777777777777778,1.185081042345639
724,cicids2017_fri_c0,0.6561,-34.29999999999999,56,0.5757575757575758,0.5428571428571428,0.5588235294117646,1.2674528151427622
725,cicids2017_wed_c1,0.655625,-12.300000000000002,37,0.36363636363636365,0.7272727272727273,0.4848484848484849,1.234248095583569
726,cicids2017_fri_c0,0.65515,-10.500000000000005,55,0.8214285714285714,0.6571428571428571,0.73015873015873,1.2327283087209524
727,cicids2017_wed_c0,0.654675,-3.5999999999999996,57,0.6170212765957447,0.8285714285714286,0.7073170731707318,1.1648316776660839
728,cicids2017_fri_c0,0.6542,-24.900000000000006,58,0.6363636363636364,0.6,0.6176470588235293,1.1964733483501722
729,cicids2017_tue_c0,0.653725,-19.599999999999987,56,0.75,0.6,0.6666666666666665,1.2491755510685034
730,cicids2017_wed_c0,0.65325,-27.199999999999996,55,0.5641025641025641,0.6285714285714286,0.5945945945945945,1.2491417472526407
731,cicids2017_wed_c0,0.6527750000000001,-0.6000000000000011,54,0.6590909090909091,0.8285714285714286,0.7341772151898734,1.2473618489686737
732,cicids2017_tue_c0,0.6523000000000001,-35.39999999999999,56,0.5588235294117647,0.5428571428571428,0.5507246376811593,1.203323328262508
733,cicids2017_wed_c1,0.6518250000000001,-19.4,36,0.3,0.5454545454545454,0.3870967741935483,1.2947625156338156
734,cicids2017_wed_c1,0.6513500000000001,-24.29999999999999,42,0.24,0.5454545454545454,0.3333333333333333,1.2196358470832809
735,cicids2017_fri_c0,0.6508750000000001,-23.799999999999997,58,0.65625,0.6,0.626865671641791,1.2298486618175806
736,cicids2017_wed_c0,0.6504000000000001,-28.399999999999984,58,0.625,0.5714285714285714,0.5970149253731343,1.257718380822602
737,cicids2017_wed_c0,0.6499250000000001,-16.5,57,0.5952380952380952,0.7142857142857143,0.6493506493506493,1.2655102564780858
738,cicids2017_tue_c0,0.6494500000000001,-19.499999999999996,55,0.6875,0.6285714285714286,0.6567164179104478,1.3178560084820479
739,cicids2017_wed_c0,0.6489750000000001,-24.799999999999997,57,0.5945945945945946,0.6285714285714286,0.611111111111111,1.2599253762249305
740,cicids2017_wed_c1,0.6485000000000001,-12.900000000000002,40,0.3333333333333333,0.8181818181818182,0.4736842105263157,1.2520522650753363
741,cicids2017_wed_c1,0.6480250000000001,-19.1,46,0.27586206896551724,0.7272727272727273,0.4,1.2046904398839973
742,cicids2017_wed_c1,0.6475500000000001,-22.599999999999994,46,0.25,0.6363636363636364,0.358974358974359,1.2334784373926155
743,cicids2017_wed_c0,0.6470750000000001,-17.999999999999993,57,0.6571428571428571,0.6571428571428571,0.6571428571428571,1.1502507083038658
744,cicids2017_tue_c0,0.6466000000000001,-22.29999999999999,53,0.7692307692307693,0.5714285714285714,0.6557377049180327,1.201077725889059
745,cicids2017_wed_c1,0.6461250000000001,-25.89999999999999,39,0.22727272727272727,0.45454545454545453,0.30303030303030304,1.2035505438218908
746,cicids2017_tue_c0,0.6456500000000001,-27.49999999999999,56,0.6451612903225806,0.5714285714285714,0.606060606060606,1.211149833729651
747,cicids2017_wed_c0,0.645175,-9.299999999999999,52,0.7142857142857143,0.7142857142857143,0.7142857142857143,1.2340713920407715
748,cicids2017_tue_c0,0.6447,-14.200000000000001,58,0.625,0.7142857142857143,0.6666666666666666,1.2713129647886015
749,cicids2017_tue_c0,0.644225,-17.199999999999996,54,0.6764705882352942,0.6571428571428571,0.6666666666666666,1.2268067148388928
750,cicids2017_fri_c0,0.64375,-22.800000000000004,57,0.6774193548387096,0.6,0.6363636363636364,1.2814734160446828
751,cicids2017_wed_c1,0.643275,-3.6000000000000005,34,0.5,0.8181818181818182,0.6206896551724137,1.353631902555187
752,cicids2017_fri_c0,0.6428,-8.8,57,0.7142857142857143,0.7142857142857143,0.7142857142857143,1.2313066117773643
753,cicids2017_fri_c0,0.642325,-9.900000000000002,59,0.75,0.6857142857142857,0.7164179104477612,1.2403255778801539
754,cicids2017_wed_c1,0.64185,-4.9,39,0.39285714285714285,1.0,0.5641025641025641,1.3004390849371539
755,cicids2017_wed_c0,0.641375,-4.1,54,0.6511627906976745,0.8,0.7179487179487181,1.2404055870330173
756,cicids2017_tue_c0,0.6409,-10.3,55,0.75,0.6857142857142857,0.7164179104477612,1.3089146457852712
757,cicids2017_wed_c0,0.640425,-12.8,52,0.7058823529411765,0.6857142857142857,0.6956521739130436,1.2473545149266347
758,cicids2017_tue_c0,0.63995,-9.300000000000002,54,0.7741935483870968,0.6857142857142857,0.7272727272727272,1.2710903678645369
759,cicids2017_fri_c0,0.639475,-12.1,57,0.6578947368421053,0.7142857142857143,0.684931506849315,1.2809521721654604
760,cicids2017_wed_c0,0.639,-24.9,56,0.5945945945945946,0.6285714285714286,0.611111111111111,1.1983120574388646
761,cicids2017_fri_c0,0.638525,-15.899999999999999,58,0.7586206896551724,0.6285714285714286,0.6875,1.1594952217845973
762,cicids2017_wed_c0,0.63805,-39.29999999999999,54,0.5862068965517241,0.4857142857142857,0.53125,1.1959270890459943
763,cicids2017_wed_c1,0.637575,-15.200000000000001,41,0.32,0.7272727272727273,0.4444444444444444,1.2375443463885207
764,cicids2017_wed_c1,0.6371,-15.000000000000002,41,0.3103448275862069,0.8181818181818182,0.45000000000000007,1.2268581077159146
765,cicids2017_tue_c0,0.636625,-4.8999999999999995,52,0.8064516129032258,0.7142857142857143,0.7575757575757576,1.2184358857601123
766,cicids2017_wed_c1,0.63615,-12.900000000000004,42,0.34782608695652173,0.7272727272727273,0.4705882352941176,1.2302087371608936
767,cicids2017_wed_c0,0.635675,-13.700000000000003,54,0.6857142857142857,0.6857142857142857,0.6857142857142857,1.1818133392909542
768,cicids2017_tue_c0,0.6352,-3.500000000000002,53,0.7647058823529411,0.7428571428571429,0.7536231884057971,1.2083819033423882
769,cicids2017_fri_c0,0.634725,-27.200000000000003,57,0.6,0.6,0.6,1.1139227071549123
770,cicids2017_tue_c0,0.63425,-25.099999999999994,56,0.6363636363636364,0.6,0.6176470588235293,1.1787307698957032
771,cicids2017_wed_c0,0.633775,-31.999999999999993,55,0.5714285714285714,0.5714285714285714,0.5714285714285714,1.1588459816217418
772,cicids2017_wed_c1,0.6333,-15.700000000000003,36,0.32,0.7272727272727273,0.4444444444444444,1.174241416737945
773,cicids2017_fri_c0,0.632825,-14.400000000000002,58,0.6666666666666666,0.6857142857142857,0.676056338028169,1.1936158459450088
774,cicids2017_wed_c0,0.63235,-8.900000000000002,54,0.6666666666666666,0.7428571428571429,0.7027027027027027,1.1919443103810015
775,cicids2017_wed_c1,0.631875,-6.000000000000002,39,0.3793103448275862,1.0,0.5499999999999999,1.239967025875924
776,cicids2017_wed_c1,0.6314,-12.000000000000002,40,0.36363636363636365,0.7272727272727273,0.4848484848484849,1.2615358188343464
777,cicids2017_tue_c0,0.630925,-12.9,51,0.7058823529411765,0.6857142857142857,0.6956521739130436,1.2293889862261342
778,cicids2017_fri_c0,0.63045,-17.999999999999996,57,0.6571428571428571,0.6571428571428571,0.6571428571428571,1.2959611070548713
779,cicids2017_tue_c0,0.629975,-26.699999999999996,53,0.6666666666666666,0.5714285714285714,0.6153846153846153,1.2802465628446922
780,cicids2017_wed_c1,0.6295,-12.500000000000004,37,0.3888888888888889,0.6363636363636364,0.4827586206896552,1.3027514444925616
781,cicids2017_wed_c1,0.629025,-16.5,41,0.3181818181818182,0.6363636363636364,0.4242424242424242,1.261573111493624
782,cicids2017_wed_c0,0.6285499999999999,-21.699999999999996,55,0.6470588235294118,0.6285714285714286,0.6376811594202899,1.2181515021330331
783,cicids2017_fri_c0,0.6280749999999999,-5.400000000000002,56,0.7222222222222222,0.7428571428571429,0.732394366197183,1.1538162765028745
784,cicids2017_fri_c0,0.6275999999999999,-21.799999999999997,56,0.7,0.6,0.6461538461538462,1.2242788366006607
785,cicids2017_tue_c0,0.6271249999999999,-10.4,54,0.75,0.6857142857142857,0.7164179104477612,1.2252873803167104
786,cicids2017_wed_c0,0.6266499999999999,-3.6000000000000005,50,0.7105263157894737,0.7714285714285715,0.7397260273972601,1.2644674319965346
787,cicids2017_fri_c0,0.6261749999999999,-28.299999999999997,57,0.5833333333333334,0.6,0.591549295774648,1.199956469527344
788,cicids2017_wed_c0,0.6256999999999999,-19.199999999999996,56,0.6388888888888888,0.6571428571428571,0.647887323943662,1.2812546518203354
789,cicids2017_wed_c0,0.6252249999999999,-21.4,56,0.6052631578947368,0.6571428571428571,0.6301369863013698,1.2514428414457737
790,cicids2017_fri_c0,0.62475,-23.9,57,0.65625,0.6,0.626865671641791,1.2496507770346863
791,cicids2017_fri_c0,0.624275,-27.39999999999999,57,0.6451612903225806,0.5714285714285714,0.606060606060606,1.1868960601712601
792,cicids2017_tue_c0,0.6238,-17.300000000000004,55,0.7333333333333333,0.6285714285714286,0.6769230769230768,1.2157772643740974
793,cicids2017_wed_c0,0.623325,-15.500000000000002,56,0.6097560975609756,0.7142857142857143,0.6578947368421052,1.1979294339551714
794,cicids2017_wed_c1,0.62285,-8.300000000000002,42,0.391304347826087,0.8181818181818182,0.5294117647058824,1.2271477155365371
795,cicids2017_tue_c0,0.622375,-6.700000000000001,54,0.7027027027027027,0.7428571428571429,0.7222222222222223,1.176577732847489
796,cicids2017_tue_c0,0.6219,-4.199999999999999,57,0.7428571428571429,0.7428571428571429,0.7428571428571429,1.2062417236314928
797,cicids2017_wed_c1,0.621425,-7.8000000000000025,38,0.4444444444444444,0.7272727272727273,0.5517241379310345,1.2572632341777037
798,cicids2017_tue_c0,0.62095,-6.600000000000003,57,0.7575757575757576,0.7142857142857143,0.7352941176470589,1.162403708784526
799,cicids2017_tue_c0,0.620475,-18.6,53,0.7096774193548387,0.6285714285714286,0.6666666666666666,1.197272117490462
800,cicids2017_tue_c0,0.62,-5.5,55,0.7222222222222222,0.7428571428571429,0.732394366197183,1.2461779580887222
801,cicids2017_fri_c0,0.619525,-7.500000000000001,59,0.7352941176470589,0.7142857142857143,0.7246376811594202,1.1966484334714937
802,cicids2017_tue_c0,0.61905,-36.69999999999999,56,0.5806451612903226,0.5142857142857142,0.5454545454545455,1.2906337465411413
803,cicids2017_wed_c0,0.618575,-13.600000000000003,55,0.6857142857142857,0.6857142857142857,0.6857142857142857,1.2755367805339113
804,cicids2017_wed_c1,0.6181,-16.799999999999997,40,0.3333333333333333,0.5454545454545454,0.41379310344827586,1.1940848817279803
805,cicids2017_wed_c0,0.617625,-1.0000000000000027,54,0.75,0.7714285714285715,0.7605633802816902,1.2382302796667355
806,cicids2017_wed_c1,0.61715,-6.199999999999999,41,0.42857142857142855,0.8181818181818182,0.5625,1.2164441990329684
807,cicids2017_wed_c0,0.616675,-9.600000000000001,56,0.6136363636363636,0.7714285714285715,0.6835443037974683,1.1896783563641158
808,cicids2017_fri_c0,0.6162,-5.0,56,0.6363636363636364,0.8,0.7088607594936709,1.196255162999456
809,cicids2017_tue_c0,0.615725,7.099999999999998,54,0.7837837837837838,0.8285714285714286,0.8055555555555555,1.165593123165946
810,cicids2017_wed_c1,0.6152500000000001,-13.200000000000003,41,0.3684210526315789,0.6363636363636364,0.4666666666666667,1.2765662870778103
811,cicids2017_fri_c0,0.6147750000000001,-14.800000000000006,56,0.71875,0.6571428571428571,0.6865671641791045,1.1611085895196123
812,cicids2017_wed_c1,0.6143000000000001,-31.199999999999992,43,0.17391304347826086,0.36363636363636365,0.2352941176470588,1.1772468955957491
813,cicids2017_wed_c0,0.6138250000000001,-13.0,57,0.6046511627906976,0.7428571428571429,0.6666666666666666,1.1994611123672327
814,cicids2017_tue_c0,0.6133500000000001,-5.600000000000001,56,0.78125,0.7142857142857143,0.7462686567164178,1.2456033996825717
815,cicids2017_wed_c1,0.6128750000000001,-18.799999999999997,40,0.2916666666666667,0.6363636363636364,0.4,1.1653135478240115
816,cicids2017_wed_c1,0.6124,-20.4,44,0.26666666666666666,0.7272727272727273,0.3902439024390244,1.2053549845407974
817,cicids2017_fri_c0,0.611925,-33.099999999999994,57,0.59375,0.5428571428571428,0.5671641791044776,1.2366991356423873
818,cicids2017_fri_c0,0.61145,0.20000000000000087,55,0.7714285714285715,0.7714285714285715,0.7714285714285715,1.1830278137887502
819,cicids2017_wed_c0,0.610975,-20.599999999999994,55,0.6666666666666666,0.6285714285714286,0.6470588235294118,1.176410057975854
820,cicids2017_wed_c1,0.6105,-15.100000000000001,35,0.375,0.5454545454545454,0.4444444444444444,1.1592503278783466
821,cicids2017_fri_c0,0.610025,-9.600000000000001,58,0.65,0.7428571428571429,0.6933333333333334,1.1567238095430914
822,cicids2017_wed_c0,0.60955,-14.000000000000002,51,0.6857142857142857,0.6857142857142857,0.6857142857142857,1.1754621086532047
823,cicids2017_fri_c0,0.609075,-1.8000000000000016,57,0.7297297297297297,0.7714285714285715,0.75,1.2148462119226362
824,cicids2017_wed_c0,0.6086,-12.900000000000002,58,0.6046511627906976,0.7428571428571429,0.6666666666666666,1.1765999922494284
825,cicids2017_wed_c0,0.608125,-0.8,54,0.7,0.8,0.7466666666666666,1.1750429812898164
826,cicids2017_fri_c0,0.60765,-23.1,54,0.6774193548387096,0.6,0.6363636363636364,1.1466507997758897
827,cicids2017_wed_c0,0.607175,-7.2,58,0.6428571428571429,0.7714285714285715,0.7012987012987013,1.2755613507951404
828,cicids2017_wed_c1,0.6067,-22.099999999999998,33,0.2777777777777778,0.45454545454545453,0.3448275862068966,1.22432365257962
829,cicids2017_wed_c1,0.606225,-15.200000000000003,41,0.32,0.7272727272727273,0.4444444444444444,1.2427192052538178
830,cicids2017_fri_c0,0.60575,-4.1,58,0.7428571428571429,0.7428571428571429,0.7428571428571429,1.2393071048669047
831,cicids2017_fri_c0,0.605275,-19.0,58,0.6388888888888888,0.6571428571428571,0.647887323943662,1.1630516265369653
832,cicids2017_fri_c0,0.6048,-6.4,59,0.7575757575757576,0.7142857142857143,0.7352941176470589,1.218610296603617
833,cicids2017_tue_c0,0.604325,1.3000000000000003,55,0.7941176470588235,0.7714285714285715,0.782608695652174,1.1927611850481892
834,cicids2017_fri_c0,0.60385,-7.3000000000000025,59,0.6842105263157895,0.7428571428571429,0.7123287671232877,1.1766935478514664
835,cicids2017_wed_c1,0.603375,-13.900000000000006,43,0.3333333333333333,0.7272727272727273,0.4571428571428572,1.2414905752341487
836,cicids2017_wed_c1,0.6029,-9.200000000000001,35,0.42105263157894735,0.7272727272727273,0.5333333333333333,1.2634300787777797
837,cicids2017_wed_c1,0.602425,-11.600000000000001,42,0.34615384615384615,0.8181818181818182,0.4864864864864865,1.182376220526627
838,cicids2017_fri_c0,0.60195,6.099999999999996,57,0.8235294117647058,0.8,0.8115942028985507,1.218777901119239
839,cicids2017_fri_c0,0.601475,0.30000000000000115,56,0.7714285714285715,0.7714285714285715,0.7714285714285715,1.1809740278470235
840,cicids2017_wed_c1,0.601,-12.800000000000002,41,0.3333333333333333,0.8181818181818182,0.4736842105263157,1.2246316179298584
841,cicids2017_tue_c0,0.600525,-17.5,53,0.7333333333333333,0.6285714285714286,0.6769230769230768,1.291753657494167
842,cicids2017_wed_c0,0.60005,-5.500000000000002,55,0.7222222222222222,0.7428571428571429,0.732394366197183,1.2658518334529656
843,cicids2017_wed_c1,0.599575,-5.5,37,0.45,0.8181818181818182,0.5806451612903226,1.159187773363237
844,cicids2017_fri_c0,0.5991,-5.200000000000001,58,0.7222222222222222,0.7428571428571429,0.732394366197183,1.1686491654329083
845,cicids2017_fri_c0,0.598625,-25.89999999999999,57,0.5789473684210527,0.6285714285714286,0.6027397260273972,1.1724548865654707
846,cicids2017_fri_c0,0.59815,-4.600000000000001,55,0.8064516129032258,0.7142857142857143,0.7575757575757576,1.1898995289375562
847,cicids2017_fri_c0,0.597675,-10.200000000000005,58,0.8214285714285714,0.6571428571428571,0.73015873015873,1.1971637675798386
848,cicids2017_fri_c0,0.5972,2.9999999999999987,57,0.7073170731707317,0.8285714285714286,0.7631578947368421,1.1827212984665778
849,cicids2017_wed_c1,0.596725,-14.000000000000002,42,0.3333333333333333,0.7272727272727273,0.4571428571428572,1.1315314731504351
850,cicids2017_wed_c0,0.59625,-8.800000000000002,57,0.7142857142857143,0.7142857142857143,0.7142857142857143,1.1893200237089208
851,cicids2017_wed_c1,0.595775,-17.0,43,0.2903225806451613,0.8181818181818182,0.4285714285714286,1.0956057731883684
852,cicids2017_wed_c1,0.5953,-5.0,42,0.45,0.8181818181818182,0.5806451612903226,1.1659674226990748
853,cicids2017_wed_c1,0.594825,-12.3,37,0.36363636363636365,0.7272727272727273,0.4848484848484849,1.1131847376014592
854,cicids2017_fri_c0,0.59435,-3.1000000000000014,57,0.7647058823529411,0.7428571428571429,0.7536231884057971,1.1539785762053556
855,cicids2017_tue_c0,0.593875,-10.3,55,0.75,0.6857142857142857,0.7164179104477612,1.1479413357380337
856,cicids2017_wed_c1,0.5934,-14.700000000000005,39,0.375,0.5454545454545454,0.4444444444444444,1.1706858310439134
857,cicids2017_fri_c0,0.592925,-13.3,58,0.6857142857142857,0.6857142857142857,0.6857142857142857,1.1820636256103716
858,cicids2017_fri_c0,0.59245,-0.7000000000000011,55,0.7,0.8,0.7466666666666666,1.1216791849456214
859,cicids2017_wed_c0,0.591975,-16.5,50,0.696969696969697,0.6571428571428571,0.676470588235294,1.1529340183473085
860,cicids2017_wed_c1,0.5915,-12.9,42,0.34782608695652173,0.7272727272727273,0.4705882352941176,1.2698884537578412
861,cicids2017_wed_c1,0.591025,-20.499999999999993,36,0.2857142857142857,0.5454545454545454,0.37499999999999994,1.2201071440550098
862,cicids2017_wed_c1,0.59055,-9.800000000000002,31,0.4666666666666667,0.6363636363636364,0.5384615384615385,1.2211813995652392
863,cicids2017_fri_c0,0.590075,-3.8999999999999986,58,0.6923076923076923,0.7714285714285715,0.7297297297297296,1.1704801511758587
864,cicids2017_wed_c1,0.5896,-18.5,41,0.2857142857142857,0.7272727272727273,0.4102564102564102,1.2070201492743229
865,cicids2017_wed_c1,0.589125,-21.39999999999999,38,0.2727272727272727,0.5454545454545454,0.3636363636363636,1.1258364977974595
866,cicids2017_wed_c0,0.58865,-29.399999999999995,50,0.6785714285714286,0.5428571428571428,0.603174603174603,1.1897834630411257
867,cicids2017_wed_c1,0.588175,-12.300000000000002,37,0.36363636363636365,0.7272727272727273,0.4848484848484849,1.176361244039147
868,cicids2017_wed_c1,0.5877,-2.8000000000000025,42,0.5,0.8181818181818182,0.6206896551724137,1.2644804960503517
869,cicids2017_tue_c0,0.587225,-5.800000000000002,52,0.7222222222222222,0.7428571428571429,0.732394366197183,1.2746879590668336
870,cicids2017_fri_c0,0.58675,-16.0,55,0.696969696969697,0.6571428571428571,0.676470588235294,1.215973673587409
871,cicids2017_tue_c0,0.5862750000000001,-19.699999999999996,53,0.6875,0.6285714285714286,0.6567164179104478,1.2411807770230192
872,cicids2017_fri_c0,0.5858000000000001,-20.800000000000004,55,0.7241379310344828,0.6,0.65625,1.199358145622237
873,cicids2017_fri_c0,0.5853250000000001,-25.1,56,0.6363636363636364,0.6,0.6176470588235293,1.271258076926785
874,cicids2017_fri_c0,0.5848500000000001,-18.299999999999997,58,0.7777777777777778,0.6,0.6774193548387097,1.2256967432948647
875,cicids2017_wed_c0,0.5843750000000001,-36.9,54,0.5806451612903226,0.5142857142857142,0.5454545454545455,1.2117526250433488
876,cicids2017_wed_c0,0.5839000000000001,5.1,54,0.6976744186046512,0.8571428571428571,0.7692307692307693,1.2193340895378346
877,cicids2017_wed_c0,0.5834250000000001,-20.09999999999999,58,0.6216216216216216,0.6571428571428571,0.6388888888888888,1.1861082907440228
878,cicids2017_wed_c0,0.5829500000000001,-21.199999999999996,58,0.6052631578947368,0.6571428571428571,0.6301369863013698,1.1968115148734213
879,cicids2017_wed_c0,0.5824750000000001,3.1999999999999997,50,0.7777777777777778,0.8,0.7887323943661971,1.1922014006376807
880,cicids2017_wed_c0,0.5820000000000001,-24.8,57,0.5945945945945946,0.6285714285714286,0.611111111111111,1.2443829664046602
881,cicids2017_fri_c0,0.5815250000000001,-20.1,58,0.6216216216216216,0.6571428571428571,0.6388888888888888,1.197811916527102
882,cicids2017_wed_c1,0.5810500000000001,-28.69999999999999,42,0.20689655172413793,0.5454545454545454,0.3,1.1950994060746387
883,cicids2017_tue_c0,0.5805750000000001,-8.9,56,0.7142857142857143,0.7142857142857143,0.7142857142857143,1.217605199099632
884,cicids2017_fri_c0,0.5801000000000001,-13.5,58,0.7419354838709677,0.6571428571428571,0.6969696969696969,1.2377715630414428
885,cicids2017_wed_c1,0.5796250000000001,-8.3,33,0.4444444444444444,0.7272727272727273,0.5517241379310345,1.2220524597544244
886,cicids2017_wed_c0,0.57915,-24.799999999999997,57,0.5945945945945946,0.6285714285714286,0.611111111111111,1.173956848516845
887,cicids2017_fri_c0,0.578675,0.7999999999999993,59,0.717948717948718,0.8,0.7567567567567569,1.1786940906751364
888,cicids2017_fri_c0,0.5782,-10.100000000000001,57,0.75,0.6857142857142857,0.7164179104477612,1.212626133394963
889,cicids2017_fri_c0,0.577725,4.700000000000001,54,0.8,0.8,0.8000000000000002,1.2225816118816428
890,cicids2017_tue_c0,0.57725,-9.500000000000002,52,0.7741935483870968,0.6857142857142857,0.7272727272727272,1.1962895522835884
891,cicids2017_fri_c0,0.576775,-8.700000000000001,58,0.7142857142857143,0.7142857142857143,0.7142857142857143,1.2429189080316225
892,cicids2017_wed_c0,0.5763,-5.700000000000001,53,0.7222222222222222,0.7428571428571429,0.732394366197183,1.211559269163536
893,cicids2017_wed_c0,0.575825,-19.1,55,0.6,0.6857142857142857,0.64,1.2479600620993172
894,cicids2017_wed_c1,0.57535,-5.600000000000001,34,0.4166666666666667,0.9090909090909091,0.5714285714285715,1.3112099166266837
895,cicids2017_wed_c0,0.574875,-6.200000000000003,57,0.6585365853658537,0.7714285714285715,0.7105263157894737,1.2345110341733792
896,cicids2017_wed_c0,0.5744,-12.200000000000003,58,0.7058823529411765,0.6857142857142857,0.6956521739130436,1.2822886870071213
897,cicids2017_wed_c0,0.573925,-26.999999999999996,57,0.5641025641025641,0.6285714285714286,0.5945945945945945,1.2186442879629251
898,cicids2017_fri_c0,0.57345,0.5000000000000001,58,0.7714285714285715,0.7714285714285715,0.7714285714285715,1.2191998339374803
899,cicids2017_fri_c0,0.572975,-0.8000000000000008,56,0.75,0.7714285714285715,0.7605633802816902,1.1780322248258803
900,cicids2017_wed_c0,0.5725,-6.100000000000001,56,0.6222222222222222,0.8,0.7000000000000001,1.2021276486149541
901,cicids2017_fri_c0,0.572025,-5.6,56,0.78125,0.7142857142857143,0.7462686567164178,1.2198073025666112
902,cicids2017_fri_c0,0.57155,-2.8999999999999986,57,0.7105263157894737,0.7714285714285715,0.7397260273972601,1.2883684989611537
903,cicids2017_fri_c0,0.571075,2.000000000000001,58,0.6904761904761905,0.8285714285714286,0.7532467532467533,1.2025866426087952
904,cicids2017_wed_c1,0.5706,-6.6,37,0.42857142857142855,0.8181818181818182,0.5625,1.2574888606248886
905,cicids2017_tue_c0,0.570125,5.899999999999999,53,0.7631578947368421,0.8285714285714286,0.7945205479452055,1.2175646201744286
906,cicids2017_wed_c0,0.56965,-24.099999999999994,55,0.65625,0.6,0.626865671641791,1.2072427087813584
907,cicids2017_tue_c0,0.569175,-13.600000000000001,57,0.7419354838709677,0.6571428571428571,0.6969696969696969,1.206709487900495
908,cicids2017_fri_c0,0.5687,-6.200000000000003,59,0.7027027027027027,0.7428571428571429,0.7222222222222223,1.2619963525195002
909,cicids2017_tue_c0,0.568225,-7.900000000000002,55,0.7352941176470589,0.7142857142857143,0.7246376811594202,1.2779286138556023
910,cicids2017_fri_c0,0.56775,-26.4,56,0.6666666666666666,0.5714285714285714,0.6153846153846153,1.2405493062163042
911,cicids2017_wed_c1,0.567275,-11.000000000000005,39,0.38095238095238093,0.7272727272727273,0.5,1.3128808177350928
912,cicids2017_fri_c0,0.5668,-19.7,55,0.75,0.6,0.6666666666666665,1.27751041145215
913,cicids2017_tue_c0,0.566325,-5.500000000000002,55,0.7222222222222222,0.7428571428571429,0.732394366197183,1.2532352523341237
914,cicids2017_wed_c1,0.56585,-19.0,38,0.2916666666666667,0.6363636363636364,0.4,1.2238135981202187
915,cicids2017_wed_c0,0.565375,-15.300000000000002,58,0.6097560975609756,0.7142857142857143,0.6578947368421052,1.2670687938587912
916,cicids2017_tue_c0,0.5649,7.799999999999997,57,0.6888888888888889,0.8857142857142857,0.775,1.205099922996957
917,cicids2017_wed_c0,0.564425,-8.9,54,0.6666666666666666,0.7428571428571429,0.7027027027027027,1.2699708997742607
918,cicids2017_wed_c1,0.56395,-1.9999999999999987,39,0.5294117647058824,0.8181818181818182,0.6428571428571428,1.262626806785598
919,cicids2017_tue_c0,0.563475,-19.6,56,0.75,0.6,0.6666666666666665,1.2167627454011694
920,cicids2017_wed_c0,0.563,-19.200000000000003,54,0.6,0.6857142857142857,0.64,1.236306237228375
921,cicids2017_wed_c1,0.5625249999999999,-3.900000000000003,40,0.43478260869565216,0.9090909090909091,0.5882352941176471,1.159632196637206
922,cicids2017_wed_c0,0.5620499999999999,7.599999999999998,55,0.6888888888888889,0.8857142857142857,0.775,1.1813032119444211
923,cicids2017_tue_c0,0.5615749999999999,-18.3,54,0.6571428571428571,0.6571428571428571,0.6571428571428571,1.1409096351185957
924,cicids2017_fri_c0,0.5610999999999999,-28.4,58,0.625,0.5714285714285714,0.5970149253731343,1.1873883905346663
925,cicids2017_fri_c0,0.5606249999999999,-21.1,59,0.6052631578947368,0.6571428571428571,0.6301369863013698,1.2956642434482215
926,cicids2017_wed_c1,0.5601499999999999,-3.1,39,0.5,0.8181818181818182,0.6206896551724137,1.1775632778610645
927,cicids2017_wed_c0,0.5596749999999999,-24.7,58,0.5945945945945946,0.6285714285714286,0.611111111111111,1.1671088213554408
928,cicids2017_tue_c0,0.5591999999999999,-14.100000000000001,52,0.7419354838709677,0.6571428571428571,0.6969696969696969,1.2489079906513427
929,cicids2017_tue_c0,0.5587249999999999,-9.000000000000002,55,0.7142857142857143,0.7142857142857143,0.7142857142857143,1.1742746338540746
930,cicids2017_wed_c0,0.55825,-7.8000000000000025,54,0.6842105263157895,0.7428571428571429,0.7123287671232877,1.1879802076967436
931,cicids2017_wed_c0,0.557775,-6.100000000000001,58,0.6585365853658537,0.7714285714285715,0.7105263157894737,1.214548129896915
932,cicids2017_wed_c0,0.5573,-13.500000000000002,54,0.6410256410256411,0.7142857142857143,0.6756756756756757,1.148780749782286
933,cicids2017_tue_c0,0.556825,-5.300000000000001,57,0.7222222222222222,0.7428571428571429,0.732394366197183,1.1883413908737204
934,cicids2017_wed_c0,0.55635,-14.000000000000002,53,0.7419354838709677,0.6571428571428571,0.6969696969696969,1.14189258563821
935,cicids2017_tue_c0,0.555875,0.20000000000000134,55,0.7714285714285715,0.7714285714285715,0.7714285714285715,1.205658347057533
936,cicids2017_wed_c1,0.5554,-13.100000000000001,40,0.34782608695652173,0.7272727272727273,0.4705882352941176,1.265311788789821
937,cicids2017_fri_c0,0.554925,-5.800000000000004,54,0.78125,0.7142857142857143,0.7462686567164178,1.251791349125751
938,cicids2017_fri_c0,0.5544500000000001,-21.5,57,0.6470588235294118,0.6285714285714286,0.6376811594202899,1.2209665423865164
939,cicids2017_tue_c0,0.5539750000000001,-18.5,52,0.6571428571428571,0.6571428571428571,0.6571428571428571,1.2362533174997854
940,cicids2017_wed_c0,0.5535000000000001,-8.4,57,0.627906976744186,0.7714285714285715,0.6923076923076923,1.2315108719952357
941,cicids2017_wed_c0,0.5530250000000001,-5.2,56,0.675,0.7714285714285715,0.72,1.231039218316697
942,cicids2017_tue_c0,0.5525500000000001,-20.9,54,0.7241379310344828,0.6,0.65625,1.2678017071595937
943,cicids2017_wed_c1,0.5520750000000001,-12.900000000000002,40,0.3333333333333333,0.8181818181818182,0.4736842105263157,1.221073275939057
944,cicids2017_tue_c0,0.5516000000000001,5.199999999999996,57,0.7435897435897436,0.8285714285714286,0.7837837837837838,1.2738737485570693
945,cicids2017_fri_c0,0.5511250000000001,15.399999999999997,54,0.7619047619047619,0.9142857142857143,0.8311688311688312,1.2805400202611754
946,cicids2017_fri_c0,0.5506500000000001,-4.100000000000003,58,0.7428571428571429,0.7428571428571429,0.7428571428571429,1.2723069849142974
947,cicids2017_wed_c1,0.5501750000000001,-17.400000000000006,43,0.30434782608695654,0.6363636363636364,0.411764705882353,1.278290650079012
948,cicids2017_fri_c0,0.5497000000000001,-12.5,57,0.7666666666666667,0.6571428571428571,0.7076923076923077,1.2862333461844309
949,cicids2017_wed_c1,0.5492250000000001,-5.2,40,0.45,0.8181818181818182,0.5806451612903226,1.300477188824922
950,cicids2017_tue_c0,0.5487500000000001,-20.9,54,0.7241379310344828,0.6,0.65625,1.3147472390834531
951,cicids2017_fri_c0,0.5482750000000001,-7.8,56,0.7352941176470589,0.7142857142857143,0.7246376811594202,1.2977925786347129
952,cicids2017_tue_c0,0.5478000000000001,-17.099999999999998,55,0.6764705882352942,0.6571428571428571,0.6666666666666666,1.3089159434690922
953,cicids2017_wed_c0,0.5473250000000001,-14.3,57,0.625,0.7142857142857143,0.6666666666666666,1.2821315034624472
954,cicids2017_tue_c0,0.5468500000000001,4.6999999999999975,54,0.8,0.8,0.8000000000000002,1.3030988520381106
955,cicids2017_wed_c1,0.546375,-5.600000000000004,36,0.45,0.8181818181818182,0.5806451612903226,1.276328785158496
956,cicids2017_wed_c0,0.5459,-11.299999999999999,54,0.6756756756756757,0.7142857142857143,0.6944444444444444,1.2686248511244205
957,cicids2017_tue_c0,0.545425,-1.1999999999999995,54,0.8125,0.7428571428571429,0.7761194029850748,1.2769778308596182
958,cicids2017_wed_c0,0.54495,-18.09999999999999,56,0.6571428571428571,0.6571428571428571,0.6571428571428571,1.2935017015045163
959,cicids2017_wed_c1,0.544475,-11.500000000000004,41,0.3333333333333333,0.9090909090909091,0.4878048780487804,1.3204377934919298
960,cicids2017_tue_c0,0.544,8.799999999999997,56,0.7045454545454546,0.8857142857142857,0.7848101265822784,1.3542182344089766
961,cicids2017_fri_c0,0.543525,-1.7999999999999994,57,0.7297297297297297,0.7714285714285715,0.75,1.3177558089339338
962,cicids2017_tue_c0,0.54305,-17.299999999999997,53,0.6764705882352942,0.6571428571428571,0.6666666666666666,1.3409824501396628
963,cicids2017_wed_c1,0.542575,-11.900000000000004,39,0.34615384615384615,0.8181818181818182,0.4864864864864865,1.2880492474596368
964,cicids2017_fri_c0,0.5421,-5.6,56,0.78125,0.7142857142857143,0.7462686567164178,1.2890269806309835
965,cicids2017_wed_c1,0.541625,-7.6,38,0.4090909090909091,0.8181818181818182,0.5454545454545455,1.3187527503085024
966,cicids2017_wed_c0,0.54115,-17.1,53,0.631578947368421,0.6857142857142857,0.6575342465753424,1.2918900015922954
967,cicids2017_wed_c0,0.540675,1.5000000000000004,53,0.6904761904761905,0.8285714285714286,0.7532467532467533,1.2335600587034907
968,cicids2017_tue_c0,0.5402,-17.700000000000003,58,0.6153846153846154,0.6857142857142857,0.6486486486486486,1.2626461344650886
969,cicids2017_wed_c1,0.539725,-15.600000000000001,37,0.32,0.7272727272727273,0.4444444444444444,1.1379172567911429
970,cicids2017_fri_c0,0.53925,-9.500000000000004,59,0.65,0.7428571428571429,0.6933333333333334,1.1819312586490314
971,cicids2017_tue_c0,0.538775,-10.600000000000001,52,0.75,0.6857142857142857,0.7164179104477612,1.256027274916311
972,cicids2017_tue_c0,0.5383,0.39999999999999813,55,0.717948717948718,0.8,0.7567567567567569,1.2616718798971185
973,cicids2017_tue_c0,0.537825,9.500000000000004,56,0.8285714285714286,0.8285714285714286,0.8285714285714286,1.2094958950379973
974,cicids2017_tue_c0,0.53735,5.899999999999999,55,0.8235294117647058,0.8,0.8115942028985507,1.2378975148249098
975,cicids2017_fri_c0,0.536875,-24.799999999999997,57,0.5945945945945946,0.6285714285714286,0.611111111111111,1.3349636008993686
976,cicids2017_fri_c0,0.5364,-9.899999999999999,57,0.6944444444444444,0.7142857142857143,0.7042253521126761,1.2533649426720697
977,cicids2017_fri_c0,0.535925,-17.799999999999997,59,0.6571428571428571,0.6571428571428571,0.6571428571428571,1.2687145216080788
978,cicids2017_wed_c0,0.53545,-17.5,58,0.5813953488372093,0.7142857142857143,0.6410256410256411,1.2511288805753549
979,cicids2017_tue_c0,0.534975,-2.0999999999999988,56,0.7878787878787878,0.7428571428571429,0.7647058823529412,1.2272389436060716
980,cicids2017_wed_c0,0.5345,-0.7000000000000002,55,0.7,0.8,0.7466666666666666,1.2315392687193885
981,cicids2017_wed_c0,0.534025,-19.2,56,0.6388888888888888,0.6571428571428571,0.647887323943662,1.2558066648362871
982,cicids2017_wed_c0,0.53355,-2.7999999999999994,56,0.6666666666666666,0.8,0.7272727272727272,1.2529302957762272
983,cicids2017_wed_c0,0.533075,-6.500000000000002,54,0.6585365853658537,0.7714285714285715,0.7105263157894737,1.2304264948997188
984,cicids2017_wed_c0,0.5326,-15.399999999999999,57,0.6097560975609756,0.7142857142857143,0.6578947368421052,1.2406336371524345
985,cicids2017_wed_c0,0.532125,-9.7,57,0.65,0.7428571428571429,0.6933333333333334,1.2529718902566531
986,cicids2017_wed_c0,0.53165,-14.700000000000001,53,0.625,0.7142857142857143,0.6666666666666666,1.2458265769702042
987,cicids2017_wed_c0,0.531175,-18.999999999999996,56,0.6,0.6857142857142857,0.64,1.2038412342920266
988,cicids2017_tue_c0,0.5307,7.299999999999999,56,0.7837837837837838,0.8285714285714286,0.8055555555555555,1.1762712929601993
989,cicids2017_fri_c0,0.530225,-8.6,57,0.6666666666666666,0.7428571428571429,0.7027027027027027,1.3096422282519327
990,cicids2017_wed_c1,0.5297499999999999,-16.800000000000004,38,0.3181818181818182,0.6363636363636364,0.4242424242424242,1.2007529640771395
991,cicids2017_tue_c0,0.529275,-26.9,53,0.7307692307692307,0.5428571428571428,0.6229508196721311,1.2952767910407372
992,cicids2017_wed_c0,0.5288,-9.700000000000001,55,0.6136363636363636,0.7714285714285715,0.6835443037974683,1.2477364130702207
993,cicids2017_fri_c0,0.528325,-15.000000000000004,56,0.7857142857142857,0.6285714285714286,0.6984126984126985,1.2496347997162314
994,cicids2017_tue_c0,0.52785,-15.900000000000004,56,0.696969696969697,0.6571428571428571,0.676470588235294,1.181514180251924
995,cicids2017_wed_c0,0.527375,-5.300000000000002,55,0.675,0.7714285714285715,0.72,1.2015574910482691
996,cicids2017_wed_c0,0.5269,-5.199999999999999,56,0.675,0.7714285714285715,0.72,1.2008618674829303
997,cicids2017_wed_c0,0.526425,-14.700000000000003,55,0.6666666666666666,0.6857142857142857,0.676056338028169,1.1848346090471487
998,cicids2017_tue_c0,0.52595,-7.900000000000002,55,0.7352941176470589,0.7142857142857143,0.7246376811594202,1.1961305926382644
999,cicids2017_wed_c1,0.525475,-16.1,45,0.3181818181818182,0.6363636363636364,0.4242424242424242,1.2613011440079736
1000,cicids2017_wed_c0,0.525,-16.5,57,0.5952380952380952,0.7142857142857143,0.6493506493506493,1.1791550247627312
1001,cicids2017_wed_c1,0.5245250000000001,-11.400000000000002,44,0.34615384615384615,0.8181818181818182,0.4864864864864865,1.2239711998765375
1002,cicids2017_wed_c0,0.52405,-4.900000000000001,57,0.6363636363636364,0.8,0.7088607594936709,1.1839985575882066
1003,cicids2017_wed_c0,0.5235750000000001,-5.300000000000001,57,0.7222222222222222,0.7428571428571429,0.732394366197183,1.2136525895260275
1004,cicids2017_wed_c1,0.5231,-14.800000000000002,38,0.375,0.5454545454545454,0.4444444444444444,1.274945705162064
1005,cicids2017_fri_c0,0.5226250000000001,-1.9000000000000008,58,0.7878787878787878,0.7428571428571429,0.7647058823529412,1.290604686828113
1006,cicids2017_wed_c1,0.52215,-10.000000000000004,38,0.4,0.7272727272727273,0.5161290322580645,1.4006559856572747
1007,cicids2017_wed_c1,0.5216750000000001,-27.499999999999993,43,0.21428571428571427,0.5454545454545454,0.30769230769230765,1.2693540055871686
1008,cicids2017_wed_c0,0.5212,1.3999999999999995,54,0.7368421052631579,0.8,0.7671232876712328,1.2635674089388766
1009,cicids2017_wed_c0,0.5207250000000001,-6.400000000000002,55,0.6585365853658537,0.7714285714285715,0.7105263157894737,1.2721812369631986
1010,cicids2017_wed_c0,0.5202500000000001,5.199999999999999,55,0.6976744186046512,0.8571428571428571,0.7692307692307693,1.2831330241956858
1011,cicids2017_tue_c0,0.5197750000000001,-3.1999999999999997,56,0.7647058823529411,0.7428571428571429,0.7536231884057971,1.2541985634505681
1012,cicids2017_wed_c1,0.5193000000000001,-15.400000000000002,41,0.3333333333333333,0.6363636363636364,0.43749999999999994,1.20462825781344
1013,cicids2017_fri_c0,0.5188250000000001,-13.400000000000004,59,0.7419354838709677,0.6571428571428571,0.6969696969696969,1.226189259879548
1014,cicids2017_tue_c0,0.5183500000000001,-16.400000000000002,53,0.7586206896551724,0.6285714285714286,0.6875,1.2742090439756055
1015,cicids2017_wed_c0,0.5178750000000001,0.29999999999999927,52,0.6744186046511628,0.8285714285714286,0.7435897435897435,1.3070929380196163
1016,cicids2017_wed_c1,0.5174000000000001,-4.199999999999999,37,0.43478260869565216,0.9090909090909091,0.5882352941176471,1.3037163987303866
1017,cicids2017_tue_c0,0.5169250000000001,-14.8,54,0.6666666666666666,0.6857142857142857,0.676056338028169,1.2730932391265546
1018,cicids2017_tue_c0,0.5164500000000001,-10.200000000000001,54,0.6944444444444444,0.7142857142857143,0.7042253521126761,1.2240185032951698
1019,cicids2017_fri_c0,0.5159750000000001,-0.6000000000000001,58,0.75,0.7714285714285715,0.7605633802816902,1.205746207130374
1020,cicids2017_fri_c0,0.5155000000000001,0.09999999999999823,54,0.7714285714285715,0.7714285714285715,0.7714285714285715,1.132687491387609
1021,cicids2017_fri_c0,0.5150250000000001,-13.099999999999998,58,0.6410256410256411,0.7142857142857143,0.6756756756756757,1.2206854937727443
1022,cicids2017_fri_c0,0.5145500000000001,-32.8,58,0.5555555555555556,0.5714285714285714,0.5633802816901409,1.249295643015657
1023,cicids2017_wed_c1,0.5140750000000001,-9.4,42,0.375,0.8181818181818182,0.5142857142857142,1.238464768519846
1024,cicids2017_wed_c1,0.5136000000000001,-18.700000000000003,41,0.2916666666666667,0.6363636363636364,0.4,1.2041042352226123
1025,cicids2017_wed_c1,0.513125,-7.000000000000002,42,0.38461538461538464,0.9090909090909091,0.5405405405405405,1.1916702366800278
1026,cicids2017_fri_c0,0.51265,3.5999999999999996,54,0.7777777777777778,0.8,0.7887323943661971,1.235591756420067
1027,cicids2017_fri_c0,0.512175,2.5999999999999996,57,0.8181818181818182,0.7714285714285715,0.7941176470588236,1.2871596030888552
1028,cicids2017_tue_c0,0.5117,-4.200000000000001,57,0.7428571428571429,0.7428571428571429,0.7428571428571429,1.2748496132114524
1029,cicids2017_wed_c0,0.511225,-2.8999999999999995,55,0.6666666666666666,0.8,0.7272727272727272,1.2375140449338913
1030,cicids2017_tue_c0,0.51075,-2.0999999999999996,54,0.7297297297297297,0.7714285714285715,0.75,1.2448279806819542
1031,cicids2017_tue_c0,0.510275,3.699999999999999,55,0.7777777777777778,0.8,0.7887323943661971,1.225678596922634
1032,cicids2017_fri_c0,0.5098,-7.800000000000004,56,0.7352941176470589,0.7142857142857143,0.7246376811594202,1.2409690922094299
1033,cicids2017_wed_c0,0.509325,-5.800000000000001,52,0.7222222222222222,0.7428571428571429,0.732394366197183,1.2285570195132824
1034,cicids2017_tue_c0,0.50885,4.099999999999998,57,0.725,0.8285714285714286,0.7733333333333333,1.166548553399707
1035,cicids2017_fri_c0,0.508375,8.399999999999999,56,0.8055555555555556,0.8285714285714286,0.8169014084507044,1.2918334127759936
1036,cicids2017_wed_c0,0.5079,-14.100000000000001,57,0.5909090909090909,0.7428571428571429,0.6582278481012659,1.1767342342939215
1037,cicids2017_wed_c1,0.507425,-2.3000000000000025,45,0.45454545454545453,0.9090909090909091,0.6060606060606061,1.2335363047806196
1038,cicids2017_fri_c0,0.50695,-10.200000000000003,58,0.8214285714285714,0.6571428571428571,0.73015873015873,1.227318853978052
1039,cicids2017_tue_c0,0.506475,6.299999999999995,57,0.7631578947368421,0.8285714285714286,0.7945205479452055,1.1897634263244756
1040,cicids2017_wed_c1,0.506,-11.200000000000003,37,0.38095238095238093,0.7272727272727273,0.5,1.2182616403353677
1041,cicids2017_wed_c0,0.505525,3.6999999999999997,53,0.725,0.8285714285714286,0.7733333333333333,1.2183659522653458
1042,cicids2017_wed_c1,0.50505,-12.700000000000003,37,0.42857142857142855,0.5454545454545454,0.4799999999999999,1.1642437943152373
1043,cicids2017_tue_c0,0.504575,-13.000000000000004,52,0.7666666666666667,0.6571428571428571,0.7076923076923077,1.240127393539478
1044,cicids2017_tue_c0,0.5041,-31.299999999999997,53,0.6333333333333333,0.5428571428571428,0.5846153846153846,1.2247253170925438
1045,cicids2017_wed_c0,0.503625,-8.700000000000003,56,0.6666666666666666,0.7428571428571429,0.7027027027027027,1.258879792655934
1046,cicids2017_fri_c0,0.50315,-16.6,58,0.631578947368421,0.6857142857142857,0.6575342465753424,1.2044264226130585
1047,cicids2017_fri_c0,0.502675,-14.7,59,0.7857142857142857,0.6285714285714286,0.6984126984126985,1.2875636381342552
1048,cicids2017_wed_c0,0.5022,-6.5,54,0.6585365853658537,0.7714285714285715,0.7105263157894737,1.2723283380308008
1049,cicids2017_wed_c0,0.501725,-6.600000000000003,55,0.7027027027027027,0.7428571428571429,0.7222222222222223,1.3139605300109984
1050,cicids2017_fri_c0,0.50125,-10.8,59,0.6756756756756757,0.7142857142857143,0.6944444444444444,1.1999273911978616
1051,cicids2017_wed_c0,0.5007750000000001,-17.400000000000002,59,0.5813953488372093,0.7142857142857143,0.6410256410256411,1.256141318750817
1052,cicids2017_tue_c0,0.5003,-12.200000000000001,56,0.6578947368421053,0.7142857142857143,0.684931506849315,1.231096821337685
1053,cicids2017_wed_c0,0.4998250000000001,-10.899999999999999,56,0.6341463414634146,0.7428571428571429,0.6842105263157895,1.2557131616493142
1054,cicids2017_wed_c1,0.49934999999999996,-16.4,42,0.3181818181818182,0.6363636363636364,0.4242424242424242,1.1974288559425943
1055,cicids2017_fri_c0,0.49887500000000007,-0.9999999999999996,56,0.8125,0.7428571428571429,0.7761194029850748,1.2173248291671437
1056,cicids2017_wed_c1,0.49839999999999995,-27.3,43,0.21875,0.6363636363636364,0.3255813953488372,1.208968855472264
1057,cicids2017_tue_c0,0.49792500000000006,-5.6,54,0.7222222222222222,0.7428571428571429,0.732394366197183,1.2475622864789333
1058,cicids2017_wed_c1,0.49744999999999995,-6.3000000000000025,40,0.42857142857142855,0.8181818181818182,0.5625,1.257610505713569
1059,cicids2017_tue_c0,0.49697500000000006,4.499999999999998,54,0.8709677419354839,0.7714285714285715,0.8181818181818182,1.2373106525222028
1060,cicids2017_tue_c0,0.49650000000000005,-18.6,53,0.7096774193548387,0.6285714285714286,0.6666666666666666,1.255626605840566
1061,cicids2017_wed_c1,0.49602500000000005,-16.700000000000003,39,0.3181818181818182,0.6363636363636364,0.4242424242424242,1.2744543802483839
1062,cicids2017_wed_c0,0.49555000000000005,-5.400000000000001,54,0.675,0.7714285714285715,0.72,1.2837246481030438
1063,cicids2017_fri_c0,0.49507500000000004,-6.600000000000001,57,0.7575757575757576,0.7142857142857143,0.7352941176470589,1.2532024213422746
1064,cicids2017_wed_c0,0.49460000000000004,-15.599999999999998,57,0.6486486486486487,0.6857142857142857,0.6666666666666667,1.32680744043398
1065,cicids2017_wed_c1,0.49412500000000004,-5.3000000000000025,39,0.45,0.8181818181818182,0.5806451612903226,1.3018081347786925
1066,cicids2017_tue_c0,0.49365000000000003,-10.500000000000002,53,0.75,0.6857142857142857,0.7164179104477612,1.2591406124495386
1067,cicids2017_wed_c1,0.49317500000000003,-17.499999999999996,33,0.3333333333333333,0.5454545454545454,0.41379310344827586,1.1452312348017037
1068,cicids2017_wed_c0,0.4927,8.499999999999998,55,0.75,0.8571428571428571,0.7999999999999999,1.2502365104572604
1069,cicids2017_tue_c0,0.492225,-9.700000000000001,57,0.65,0.7428571428571429,0.6933333333333334,1.2843846605611609
1070,cicids2017_fri_c0,0.49175,7.099999999999998,56,0.8484848484848485,0.8,0.823529411764706,1.2628891186798576
1071,cicids2017_wed_c0,0.491275,-4.1,56,0.6923076923076923,0.7714285714285715,0.7297297297297296,1.3158291369743738
1072,cicids2017_fri_c0,0.4908,-22.6,59,0.6774193548387096,0.6,0.6363636363636364,1.239856089608321
1073,cicids2017_wed_c1,0.490325,-16.100000000000005,45,0.3181818181818182,0.6363636363636364,0.4242424242424242,1.271843966851325
1074,cicids2017_wed_c0,0.48985,12.2,55,0.7111111111111111,0.9142857142857143,0.8,1.2842938753147042
1075,cicids2017_tue_c0,0.489375,5.999999999999998,54,0.7631578947368421,0.8285714285714286,0.7945205479452055,1.2470978242927808
1076,cicids2017_fri_c0,0.4889,-27.4,57,0.6451612903225806,0.5714285714285714,0.606060606060606,1.2562377034972296
1077,cicids2017_wed_c0,0.488425,-14.400000000000002,56,0.625,0.7142857142857143,0.6666666666666666,1.2351722230377402
1078,cicids2017_fri_c0,0.48795,-4.000000000000002,57,0.6923076923076923,0.7714285714285715,0.7297297297297296,1.1423808583488861
1079,cicids2017_tue_c0,0.487475,-8.000000000000005,56,0.8,0.6857142857142857,0.7384615384615385,1.2312012320812327
1080,cicids2017_wed_c1,0.487,-19.700000000000003,42,0.28,0.6363636363636364,0.3888888888888889,1.233301347753284
1081,cicids2017_wed_c1,0.4865250000000001,-20.39999999999999,44,0.26666666666666666,0.7272727272727273,0.3902439024390244,1.2249191462448434
1082,cicids2017_wed_c1,0.48605,-9.8,38,0.375,0.8181818181818182,0.5142857142857142,1.2313159518019596
1083,cicids2017_wed_c1,0.4855750000000001,-12.6,41,0.3225806451612903,0.9090909090909091,0.4761904761904761,1.18191308385218
1084,cicids2017_wed_c0,0.4851,-28.89999999999999,53,0.625,0.5714285714285714,0.5970149253731343,1.2019812067035478
1085,cicids2017_fri_c0,0.4846250000000001,7.299999999999997,56,0.7837837837837838,0.8285714285714286,0.8055555555555555,1.2661293994340725
1086,cicids2017_wed_c1,0.48414999999999997,-6.400000000000002,39,0.42857142857142855,0.8181818181818182,0.5625,1.2378153735167616
1087,cicids2017_wed_c1,0.4836750000000001,-7.300000000000001,41,0.4090909090909091,0.8181818181818182,0.5454545454545455,1.2612837881579106
1088,cicids2017_wed_c1,0.48319999999999996,-14.700000000000001,35,0.3333333333333333,0.7272727272727273,0.4571428571428572,1.2359296305371503
1089,cicids2017_wed_c0,0.48272500000000007,-7.700000000000001,55,0.6842105263157895,0.7428571428571429,0.7123287671232877,1.2379459747948336
1090,cicids2017_fri_c0,0.48224999999999996,-11.7,56,0.88,0.6285714285714286,0.7333333333333334,1.271924359619584
1091,cicids2017_wed_c0,0.48177500000000006,4.099999999999998,55,0.6818181818181818,0.8571428571428571,0.759493670886076,1.2752288203836057
1092,cicids2017_tue_c0,0.48129999999999995,-7.600000000000001,58,0.7352941176470589,0.7142857142857143,0.7246376811594202,1.2891796885529259
1093,cicids2017_wed_c1,0.48082500000000006,-23.0,42,0.25,0.6363636363636364,0.358974358974359,1.1993906099366456
1094,cicids2017_tue_c0,0.48034999999999994,4.699999999999999,52,0.7435897435897436,0.8285714285714286,0.7837837837837838,1.3357780012527813
1095,cicids2017_tue_c0,0.47987500000000005,9.599999999999998,55,0.7692307692307693,0.8571428571428571,0.8108108108108107,1.276885613868645
1096,cicids2017_fri_c0,0.47939999999999994,-3.000000000000003,58,0.7647058823529411,0.7428571428571429,0.7536231884057971,1.3632211165314803
1097,cicids2017_wed_c1,0.47892500000000005,-8.2,43,0.391304347826087,0.8181818181818182,0.5294117647058824,1.3219922540724331
1098,cicids2017_wed_c1,0.47844999999999993,-24.39999999999999,43,0.23809523809523808,0.45454545454545453,0.31249999999999994,1.2321733707754101
1099,cicids2017_fri_c0,0.47797500000000004,-5.6,56,0.78125,0.7142857142857143,0.7462686567164178,1.218256976638592
1100,cicids2017_tue_c0,0.47750000000000004,0.3999999999999986,57,0.7714285714285715,0.7714285714285715,0.7714285714285715,1.2249278120311158
1101,cicids2017_tue_c0,0.47702500000000003,-7.000000000000002,53,0.7575757575757576,0.7142857142857143,0.7352941176470589,1.2633573134770362
1102,cicids2017_tue_c0,0.47655000000000003,-10.4,54,0.75,0.6857142857142857,0.7164179104477612,1.2301405946370072
1103,cicids2017_wed_c1,0.476075,-22.299999999999994,40,0.2608695652173913,0.5454545454545454,0.3529411764705882,1.1723713441751944
1104,cicids2017_fri_c0,0.4756,-1.2000000000000028,56,0.8928571428571429,0.7142857142857143,0.7936507936507937,1.2235396301952957
1105,cicids2017_tue_c0,0.475125,10.599999999999996,56,0.8529411764705882,0.8285714285714286,0.8405797101449276,1.17494816836308
1106,cicids2017_fri_c0,0.47465,1.3999999999999968,56,0.7941176470588235,0.7714285714285715,0.782608695652174,1.2143919863650063
1107,cicids2017_fri_c0,0.474175,13.799999999999997,53,0.8571428571428571,0.8571428571428571,0.8571428571428571,1.158896450414448
1108,cicids2017_wed_c1,0.4737,-9.900000000000002,37,0.375,0.8181818181818182,0.5142857142857142,1.2385519509819152
1109,cicids2017_wed_c1,0.473225,-10.200000000000005,45,0.36,0.8181818181818182,0.5,1.1806585500621418
1110,cicids2017_fri_c0,0.47275,14.299999999999999,58,0.8571428571428571,0.8571428571428571,0.8571428571428571,1.2998399496185398
1111,cicids2017_wed_c0,0.472275,-1.4000000000000012,57,0.6444444444444445,0.8285714285714286,0.7250000000000001,1.2594217016302882
1112,cicids2017_fri_c0,0.4718,9.499999999999998,56,0.8285714285714286,0.8285714285714286,0.8285714285714286,1.2986274008730907
1113,cicids2017_fri_c0,0.471325,8.4,56,0.8055555555555556,0.8285714285714286,0.8169014084507044,1.2671370939506557
1114,cicids2017_tue_c0,0.47085,1.5999999999999983,49,0.896551724137931,0.7428571428571429,0.8125,1.2522199247094923
1115,cicids2017_fri_c0,0.470375,-9.700000000000003,57,0.65,0.7428571428571429,0.6933333333333334,1.218616945849658
1116,cicids2017_tue_c0,0.4699,0.2000000000000015,55,0.7714285714285715,0.7714285714285715,0.7714285714285715,1.2702785455434478
1117,cicids2017_wed_c1,0.469425,-18.700000000000003,39,0.2857142857142857,0.7272727272727273,0.4102564102564102,1.2489790031096601
1118,cicids2017_wed_c0,0.46895,-10.900000000000002,56,0.6341463414634146,0.7428571428571429,0.6842105263157895,1.2778524263297706
1119,cicids2017_wed_c0,0.468475,2.799999999999999,55,0.7073170731707317,0.8285714285714286,0.7631578947368421,1.2813447089972436
1120,cicids2017_tue_c0,0.46799999999999997,-8.600000000000001,57,0.6666666666666666,0.7428571428571429,0.7027027027027027,1.2400102827960353
1121,cicids2017_fri_c0,0.4675250000000001,-1.8999999999999986,56,0.7297297297297297,0.7714285714285715,0.75,1.2467409788090538
1122,cicids2017_fri_c0,0.46704999999999997,-11.000000000000002,57,0.6756756756756757,0.7142857142857143,0.6944444444444444,1.2355577530138038
1123,cicids2017_tue_c0,0.4665750000000001,-0.9000000000000031,55,0.75,0.7714285714285715,0.7605633802816902,1.2602010114631852
1124,cicids2017_fri_c0,0.46609999999999996,-5.2,56,0.675,0.7714285714285715,0.72,1.2536557931660293
1125,cicids2017_wed_c1,0.46562500000000007,-4.200000000000001,37,0.43478260869565216,0.9090909090909091,0.5882352941176471,1.2245236594659337
1126,cicids2017_wed_c1,0.46515000000000006,-15.100000000000001,40,0.3103448275862069,0.8181818181818182,0.45000000000000007,1.162707679559374
1127,cicids2017_wed_c1,0.46467500000000006,-3.2000000000000015,38,0.5,0.8181818181818182,0.6206896551724137,1.2681542289323968
1128,cicids2017_wed_c0,0.46420000000000006,-17.8,57,0.6153846153846154,0.6857142857142857,0.6486486486486486,1.2586101932830103
1129,cicids2017_wed_c0,0.46372500000000005,-25.0,55,0.5945945945945946,0.6285714285714286,0.611111111111111,1.2451355136551145
1130,cicids2017_wed_c0,0.46325000000000005,-7.300000000000002,57,0.6428571428571429,0.7714285714285715,0.7012987012987013,1.3021358910316532
1131,cicids2017_tue_c0,0.46277500000000005,-9.100000000000001,54,0.7142857142857143,0.7142857142857143,0.7142857142857143,1.3317123520208431
1132,cicids2017_wed_c0,0.46230000000000004,-12.400000000000002,54,0.6578947368421053,0.7142857142857143,0.684931506849315,1.2080210062220105
1133,cicids2017_wed_c1,0.46182500000000004,-8.000000000000002,36,0.4444444444444444,0.7272727272727273,0.5517241379310345,1.2712433890774013
1134,cicids2017_wed_c1,0.46135000000000004,-26.49999999999999,35,0.2222222222222222,0.36363636363636365,0.27586206896551724,1.2513530826268087
1135,cicids2017_wed_c0,0.46087500000000003,-2.8999999999999995,57,0.7105263157894737,0.7714285714285715,0.7397260273972601,1.229929362326272
1136,cicids2017_fri_c0,0.46040000000000003,-2.8,56,0.6666666666666666,0.8,0.7272727272727272,1.3391184097324356
1137,cicids2017_wed_c0,0.45992500000000003,-4.200000000000001,55,0.6923076923076923,0.7714285714285715,0.7297297297297296,1.3403566341231756
1138,cicids2017_tue_c0,0.45945,14.999999999999998,54,0.8823529411764706,0.8571428571428571,0.8695652173913043,1.3319823445042336
1139,cicids2017_wed_c0,0.458975,-8.700000000000003,56,0.6666666666666666,0.7428571428571429,0.7027027027027027,1.3926455429112525
1140,cicids2017_wed_c0,0.4585,-2.9000000000000017,55,0.6666666666666666,0.8,0.7272727272727272,1.2288858022750768
1141,cicids2017_wed_c1,0.458025,-11.3,38,0.4117647058823529,0.6363636363636364,0.5,1.2252070412031815
1142,cicids2017_tue_c0,0.4575500000000001,-6.199999999999999,52,0.8571428571428571,0.6857142857142857,0.7619047619047619,1.222594481845538
1143,cicids2017_wed_c1,0.457075,-2.4000000000000012,42,0.4230769230769231,1.0,0.5945945945945945,1.2657406265723317
1144,cicids2017_wed_c1,0.4566000000000001,-3.899999999999999,40,0.43478260869565216,0.9090909090909091,0.5882352941176471,1.1946784476484769
1145,cicids2017_tue_c0,0.456125,1.2000000000000015,54,0.7941176470588235,0.7714285714285715,0.782608695652174,1.2807386147107136
1146,cicids2017_tue_c0,0.4556500000000001,-9.200000000000001,55,0.7741935483870968,0.6857142857142857,0.7272727272727272,1.2550460804985846
1147,cicids2017_wed_c0,0.455175,-2.5,57,0.6304347826086957,0.8285714285714286,0.7160493827160495,1.222175749289753
1148,cicids2017_wed_c1,0.4547000000000001,-13.900000000000004,45,0.35,0.6363636363636364,0.45161290322580644,1.276573236534876
1149,cicids2017_wed_c0,0.454225,2.9,56,0.7073170731707317,0.8285714285714286,0.7631578947368421,1.2898290093920657
1150,cicids2017_wed_c1,0.4537500000000001,-13.8,33,0.34782608695652173,0.7272727272727273,0.4705882352941176,1.3112517198262068
1151,cicids2017_tue_c0,0.453275,6.099999999999996,57,0.8235294117647058,0.8,0.8115942028985507,1.2222471315143635
1152,cicids2017_wed_c0,0.4528000000000001,-7.1,57,0.6086956521739131,0.8,0.6913580246913581,1.2529927065606972
1153,cicids2017_tue_c0,0.452325,1.4999999999999982,55,0.7368421052631579,0.8,0.7671232876712328,1.3286492976143052
1154,cicids2017_wed_c1,0.4518500000000001,-7.700000000000001,37,0.4090909090909091,0.8181818181818182,0.5454545454545455,1.2691184950085905
1155,cicids2017_tue_c0,0.45137499999999997,13.1,55,0.775,0.8857142857142857,0.8266666666666667,1.2404741785922027
1156,cicids2017_wed_c0,0.4509000000000001,-2.700000000000001,55,0.6304347826086957,0.8285714285714286,0.7160493827160495,1.2235668741820773
1157,cicids2017_fri_c0,0.45042499999999996,6.099999999999996,57,0.8235294117647058,0.8,0.8115942028985507,1.2549699611970233
1158,cicids2017_wed_c1,0.44995000000000007,-8.399999999999999,41,0.391304347826087,0.8181818181818182,0.5294117647058824,1.2515878749688039
1159,cicids2017_tue_c0,0.44947499999999996,2.6999999999999993,56,0.7567567567567568,0.8,0.7777777777777778,1.2352107334372266
1160,cicids2017_tue_c0,0.44900000000000007,-11.300000000000004,56,0.7272727272727273,0.6857142857142857,0.7058823529411764,1.19775074392881
1161,cicids2017_wed_c0,0.44852500000000006,11.799999999999999,53,0.7560975609756098,0.8857142857142857,0.8157894736842105,1.2291118200353162
1162,cicids2017_tue_c0,0.44805000000000006,5.999999999999998,54,0.7631578947368421,0.8285714285714286,0.7945205479452055,1.274165612261001
1163,cicids2017_wed_c1,0.44757500000000006,-19.399999999999995,38,0.3125,0.45454545454545453,0.3703703703703703,1.1813682287382827
1164,cicids2017_wed_c0,0.44710000000000005,-12.800000000000002,59,0.6046511627906976,0.7428571428571429,0.6666666666666666,1.212240903239874
1165,cicids2017_wed_c0,0.44662500000000005,2.4999999999999987,52,0.7073170731707317,0.8285714285714286,0.7631578947368421,1.2958936165185047
1166,cicids2017_fri_c0,0.44615000000000005,-5.299999999999999,57,0.7222222222222222,0.7428571428571429,0.732394366197183,1.2987373719580533
1167,cicids2017_fri_c0,0.44567500000000004,2.5999999999999996,57,0.8181818181818182,0.7714285714285715,0.7941176470588236,1.295848929687974
1168,cicids2017_tue_c0,0.44520000000000004,-9.000000000000002,57,0.7741935483870968,0.6857142857142857,0.7272727272727272,1.191163040353966
1169,cicids2017_wed_c1,0.44472500000000004,-18.199999999999996,37,0.3157894736842105,0.5454545454545454,0.39999999999999997,1.2325742544669516
1170,cicids2017_wed_c1,0.44425000000000003,-21.7,35,0.2727272727272727,0.5454545454545454,0.3636363636363636,1.267054200056048
1171,cicids2017_wed_c0,0.44377500000000003,-6.700000000000001,54,0.7027027027027027,0.7428571428571429,0.7222222222222223,1.2603365450365176
1172,cicids2017_wed_c0,0.4433,-12.000000000000002,56,0.6190476190476191,0.7428571428571429,0.6753246753246753,1.258373192038855
1173,cicids2017_tue_c0,0.442825,7.199999999999996,55,0.7837837837837838,0.8285714285714286,0.8055555555555555,1.256496869015058
1174,cicids2017_fri_c0,0.44235,10.799999999999999,56,0.7894736842105263,0.8571428571428571,0.8219178082191781,1.2729893737373577
1175,cicids2017_fri_c0,0.441875,-8.000000000000002,56,0.8,0.6857142857142857,0.7384615384615385,1.249112658873059
1176,cicids2017_tue_c0,0.4414,2.4999999999999987,54,0.7567567567567568,0.8,0.7777777777777778,1.2543906311015363
1177,cicids2017_tue_c0,0.440925,-8.0,54,0.7352941176470589,0.7142857142857143,0.7246376811594202,1.2324499050910869
1178,cicids2017_fri_c0,0.44045,-10.200000000000003,56,0.75,0.6857142857142857,0.7164179104477612,1.2323142153053284
1179,cicids2017_tue_c0,0.439975,-6.0,54,0.8571428571428571,0.6857142857142857,0.7619047619047619,1.2579333813204925
1180,cicids2017_fri_c0,0.4395,-19.1,59,0.6875,0.6285714285714286,0.6567164179104478,1.2441216201795362
1181,cicids2017_wed_c0,0.439025,-9.8,56,0.65,0.7428571428571429,0.6933333333333334,1.2495728670952684
1182,cicids2017_wed_c1,0.4385500000000001,-17.500000000000007,42,0.30434782608695654,0.6363636363636364,0.411764705882353,1.2355098613261457
1183,cicids2017_wed_c0,0.438075,8.399999999999999,54,0.75,0.8571428571428571,0.7999999999999999,1.2848128865184303
1184,cicids2017_tue_c0,0.4376000000000001,-11.3,56,0.7272727272727273,0.6857142857142857,0.7058823529411764,1.217192451600946
1185,cicids2017_tue_c0,0.437125,10.899999999999995,55,0.7380952380952381,0.8857142857142857,0.8051948051948051,1.25245306398382
1186,cicids2017_tue_c0,0.4366500000000001,5.799999999999997,54,0.8235294117647058,0.8,0.8115942028985507,1.2206132765953361
1187,cicids2017_fri_c0,0.436175,13.199999999999996,58,0.8333333333333334,0.8571428571428571,0.8450704225352113,1.2960833568195578
1188,cicids2017_wed_c0,0.4357000000000001,-3.0000000000000004,54,0.6666666666666666,0.8,0.7272727272727272,1.2869685866680927
1189,cicids2017_wed_c0,0.435225,-15.9,54,0.6486486486486487,0.6857142857142857,0.6666666666666667,1.37688868576635
1190,cicids2017_fri_c0,0.4347500000000001,-17.3,55,0.7333333333333333,0.6285714285714286,0.6769230769230768,1.291314636317237
1191,cicids2017_tue_c0,0.43427499999999997,9.199999999999996,53,0.8285714285714286,0.8285714285714286,0.8285714285714286,1.2746616894776275
1192,cicids2017_tue_c0,0.4338000000000001,-10.200000000000001,54,0.6944444444444444,0.7142857142857143,0.7042253521126761,1.3006617227205965
1193,cicids2017_fri_c0,0.43332499999999996,-1.7000000000000024,58,0.7297297297297297,0.7714285714285715,0.75,1.255596819205373
1194,cicids2017_wed_c0,0.43285000000000007,1.6999999999999997,55,0.6904761904761905,0.8285714285714286,0.7532467532467533,1.3532721565150698
1195,cicids2017_wed_c0,0.43237499999999995,-4.300000000000001,54,0.6923076923076923,0.7714285714285715,0.7297297297297296,1.3048608133989685
1196,cicids2017_wed_c0,0.43190000000000006,-4.100000000000001,54,0.6511627906976745,0.8,0.7179487179487181,1.3703531750636424
1197,cicids2017_wed_c0,0.43142499999999995,-21.7,55,0.6470588235294118,0.6285714285714286,0.6376811594202899,1.321506661862976
1198,cicids2017_wed_c1,0.43095000000000006,-12.500000000000002,35,0.36363636363636365,0.7272727272727273,0.4848484848484849,1.2583722721666175
1199,cicids2017_wed_c1,0.43047499999999994,-15.900000000000004,45,0.3076923076923077,0.7272727272727273,0.43243243243243246,1.3262110907587041
1200,cicids2017_wed_c0,0.43000000000000005,-5.700000000000001,51,0.675,0.7714285714285715,0.72,1.2626198962386053
1201,cicids2017_wed_c1,0.42952500000000005,-12.000000000000004,40,0.36363636363636365,0.7272727272727273,0.4848484848484849,1.299187656837006
1202,cicids2017_tue_c0,0.42905000000000004,-6.4,57,0.7027027027027027,0.7428571428571429,0.7222222222222223,1.3041731802056316
1203,cicids2017_wed_c1,0.42857500000000004,-12.900000000000002,40,0.3333333333333333,0.8181818181818182,0.4736842105263157,1.2659943840586911
1204,cicids2017_wed_c1,0.42810000000000004,-18.400000000000002,42,0.2857142857142857,0.7272727272727273,0.4102564102564102,1.2191485342381685
1205,cicids2017_wed_c0,0.42762500000000003,-13.300000000000002,56,0.6410256410256411,0.7142857142857143,0.6756756756756757,1.210268348931846
1206,cicids2017_wed_c1,0.42715000000000003,-5.600000000000002,43,0.3793103448275862,1.0,0.5499999999999999,1.2158138753649816
1207,cicids2017_wed_c0,0.426675,-29.599999999999994,55,0.5675675675675675,0.6,0.5833333333333333,1.2534835181397073
1208,cicids2017_wed_c0,0.4262,-11.500000000000002,59,0.5869565217391305,0.7714285714285715,0.6666666666666667,1.2493253821262755
1209,cicids2017_tue_c0,0.425725,-1.1999999999999993,54,0.8125,0.7428571428571429,0.7761194029850748,1.3393584294276368
1210,cicids2017_wed_c1,0.42525,-8.900000000000002,36,0.391304347826087,0.8181818181818182,0.5294117647058824,1.2608655607351142
1211,cicids2017_wed_c0,0.424775,-5.8999999999999995,58,0.6222222222222222,0.8,0.7000000000000001,1.261507364069278
1212,cicids2017_wed_c1,0.4243,-4.399999999999999,37,0.47368421052631576,0.8181818181818182,0.6,1.2092916600998058
1213,cicids2017_tue_c0,0.423825,6.299999999999997,57,0.7631578947368421,0.8285714285714286,0.7945205479452055,1.253203372520406
1214,cicids2017_wed_c1,0.42335,-1.5000000000000022,40,0.44,1.0,0.6111111111111112,1.2575357894802963
1215,cicids2017_fri_c0,0.422875,-6.900000000000004,54,0.7575757575757576,0.7142857142857143,0.7352941176470589,1.1992095012707271
1216,cicids2017_fri_c0,0.4224,7.699999999999999,58,0.7317073170731707,0.8571428571428571,0.7894736842105263,1.1904636009557676
1217,cicids2017_wed_c0,0.421925,-11.900000000000002,57,0.6190476190476191,0.7428571428571429,0.6753246753246753,1.189603720056642
1218,cicids2017_wed_c0,0.42145,0.09999999999999876,52,0.717948717948718,0.8,0.7567567567567569,1.255720168867297
1219,cicids2017_wed_c1,0.420975,-18.1,36,0.30434782608695654,0.6363636363636364,0.411764705882353,1.266174397669652
1220,cicids2017_tue_c0,0.4205,5.1999999999999975,57,0.7435897435897436,0.8285714285714286,0.7837837837837838,1.2393188178434036
1221,cicids2017_wed_c0,0.420025,-5.5,53,0.675,0.7714285714285715,0.72,1.2803119012511028
1222,cicids2017_wed_c0,0.4195500000000001,-0.20000000000000073,56,0.625,0.8571428571428571,0.7228915662650602,1.2685791685395276
1223,cicids2017_wed_c1,0.419075,-13.200000000000001,46,0.3125,0.9090909090909091,0.4651162790697674,1.2480884874344766
1224,cicids2017_wed_c0,0.4186000000000001,-8.200000000000001,57,0.5957446808510638,0.8,0.6829268292682927,1.2679527049553152
1225,cicids2017_tue_c0,0.41812499999999997,-10.100000000000003,55,0.6944444444444444,0.7142857142857143,0.7042253521126761,1.251324435822646
1226,cicids2017_wed_c1,0.4176500000000001,-16.5,39,0.3076923076923077,0.7272727272727273,0.43243243243243246,1.1907113336753063
1227,cicids2017_fri_c0,0.41717499999999996,-19.300000000000004,57,0.6875,0.6285714285714286,0.6567164179104478,1.265441127556422
1228,cicids2017_wed_c1,0.41670000000000007,-2.1000000000000023,45,0.4230769230769231,1.0,0.5945945945945945,1.2053546048922485
1229,cicids2017_fri_c0,0.41622499999999996,4.1,57,0.725,0.8285714285714286,0.7733333333333333,1.3088743541746795
1230,cicids2017_tue_c0,0.41575000000000006,-2.7,52,0.8620689655172413,0.7142857142857143,0.7812500000000001,1.2563704264795112
1231,cicids2017_wed_c1,0.41527499999999995,-15.800000000000002,44,0.3,0.8181818181818182,0.43902439024390244,1.2572537587200174
1232,cicids2017_wed_c0,0.41480000000000006,-17.099999999999998,53,0.631578947368421,0.6857142857142857,0.6575342465753424,1.2613927863380656
1233,cicids2017_wed_c1,0.41432499999999994,-4.300000000000002,36,0.43478260869565216,0.9090909090909091,0.5882352941176471,1.3055365938435413
1234,cicids2017_wed_c0,0.41385000000000005,-3.4,52,0.7105263157894737,0.7714285714285715,0.7397260273972601,1.2877147863070633
1235,cicids2017_wed_c0,0.41337499999999994,-8.700000000000003,56,0.6666666666666666,0.7428571428571429,0.7027027027027027,1.2987179698564257
1236,cicids2017_tue_c0,0.41290000000000004,3.2999999999999994,53,0.84375,0.7714285714285715,0.8059701492537314,1.284611287314037
1237,cicids2017_fri_c0,0.41242499999999993,1.6999999999999993,55,0.6904761904761905,0.8285714285714286,0.7532467532467533,1.2784052107768946
1238,cicids2017_fri_c0,0.41195000000000004,-1.9999999999999991,57,0.7878787878787878,0.7428571428571429,0.7647058823529412,1.154086215546396
1239,cicids2017_tue_c0,0.4114749999999999,-1.0000000000000013,54,0.75,0.7714285714285715,0.7605633802816902,1.2248709761099885
1240,cicids2017_fri_c0,0.41100000000000003,5.1,56,0.7435897435897436,0.8285714285714286,0.7837837837837838,1.2731202237072572
1241,cicids2017_wed_c0,0.41052500000000003,-8.900000000000002,54,0.6666666666666666,0.7428571428571429,0.7027027027027027,1.196218947432745
1242,cicids2017_wed_c1,0.41005,-17.400000000000006,41,0.2962962962962963,0.7272727272727273,0.42105263157894735,1.2919664222818958
1243,cicids2017_wed_c1,0.409575,-15.600000000000003,39,0.3333333333333333,0.6363636363636364,0.43749999999999994,1.2969677455585686
1244,cicids2017_tue_c0,0.4091,-8.700000000000003,58,0.7142857142857143,0.7142857142857143,0.7142857142857143,1.2148226201181829
1245,cicids2017_wed_c1,0.408625,-6.3999999999999995,37,0.4,0.9090909090909091,0.5555555555555556,1.2233249587689372
1246,cicids2017_wed_c1,0.40815,-2.2999999999999994,36,0.5294117647058824,0.8181818181818182,0.6428571428571428,1.3213456794261027
1247,cicids2017_wed_c1,0.407675,-5.100000000000003,41,0.45,0.8181818181818182,0.5806451612903226,1.2710556899156245
1248,cicids2017_tue_c0,0.4072,6.899999999999999,52,0.7837837837837838,0.8285714285714286,0.8055555555555555,1.3061493213585509
1249,cicids2017_tue_c0,0.406725,5.800000000000001,54,0.8235294117647058,0.8,0.8115942028985507,1.337461502886873
1250,cicids2017_wed_c1,0.40625,-8.800000000000002,39,0.42105263157894735,0.7272727272727273,0.5333333333333333,1.2489950845729587
1251,cicids2017_fri_c0,0.4057750000000001,0.8999999999999968,58,0.6744186046511628,0.8285714285714286,0.7435897435897435,1.2544298283798256
1252,cicids2017_tue_c0,0.4053,5.299999999999995,58,0.7435897435897436,0.8285714285714286,0.7837837837837838,1.2706980188781352
1253,cicids2017_fri_c0,0.4048250000000001,2.600000000000001,55,0.7567567567567568,0.8,0.7777777777777778,1.2787250669436319
1254,cicids2017_wed_c1,0.40435,-17.6,43,0.3157894736842105,0.5454545454545454,0.39999999999999997,1.3084534410923665
1255,cicids2017_wed_c0,0.4038750000000001,3.799999999999999,54,0.725,0.8285714285714286,0.7733333333333333,1.288822440925016
1256,cicids2017_fri_c0,0.4034,13.999999999999996,55,0.8571428571428571,0.8571428571428571,0.8571428571428571,1.230568035791959
1257,cicids2017_fri_c0,0.4029250000000001,10.7,57,0.8529411764705882,0.8285714285714286,0.8405797101449276,1.2992882350277644
1258,cicids2017_wed_c0,0.40245,7.499999999999998,54,0.6888888888888889,0.8857142857142857,0.775,1.2432579401646588
1259,cicids2017_wed_c0,0.4019750000000001,-3.8,57,0.6511627906976745,0.8,0.7179487179487181,1.212126280069569
1260,cicids2017_wed_c1,0.4015000000000001,-8.3,42,0.391304347826087,0.8181818181818182,0.5294117647058824,1.2445269098415561
1261,cicids2017_tue_c0,0.4010250000000001,-5.4,54,0.675,0.7714285714285715,0.72,1.224210416544416
1262,cicids2017_wed_c1,0.4005500000000001,-7.700000000000003,39,0.4444444444444444,0.7272727272727273,0.5517241379310345,1.2590456089601003
1263,cicids2017_tue_c0,0.40007500000000007,-3.0000000000000013,56,0.7105263157894737,0.7714285714285715,0.7397260273972601,1.185627170414164
1264,cicids2017_wed_c1,0.39960000000000007,-5.1,37,0.39285714285714285,1.0,0.5641025641025641,1.2278276943934945
1265,cicids2017_fri_c0,0.39912500000000006,3.1999999999999997,59,0.7073170731707317,0.8285714285714286,0.7631578947368421,1.2266597568420146
1266,cicids2017_fri_c0,0.39865000000000006,1.5999999999999979,56,0.7368421052631579,0.8,0.7671232876712328,1.2815205608881612
1267,cicids2017_fri_c0,0.39817500000000006,-7.800000000000002,56,0.7352941176470589,0.7142857142857143,0.7246376811594202,1.210903174639625
1268,cicids2017_tue_c0,0.39770000000000005,-7.000000000000001,51,0.7027027027027027,0.7428571428571429,0.7222222222222223,1.2091717333683265
1269,cicids2017_wed_c1,0.39722500000000005,-11.800000000000002,40,0.34615384615384615,0.8181818181818182,0.4864864864864865,1.1772033322939275
1270,cicids2017_fri_c0,0.39675000000000005,-13.6,57,0.7419354838709677,0.6571428571428571,0.6969696969696969,1.170790908462595
1271,cicids2017_tue_c0,0.39627500000000004,5.300000000000001,58,0.7435897435897436,0.8285714285714286,0.7837837837837838,1.237943180774282
1272,cicids2017_fri_c0,0.39580000000000004,-8.900000000000002,56,0.7142857142857143,0.7142857142857143,0.7142857142857143,1.22571929334393
1273,cicids2017_wed_c1,0.39532500000000004,-12.200000000000001,43,0.3142857142857143,1.0,0.4782608695652174,1.2262561180919067
1274,cicids2017_wed_c0,0.39485000000000003,-2.9000000000000012,55,0.6666666666666666,0.8,0.7272727272727272,1.3040224204944821
1275,cicids2017_wed_c1,0.39437500000000003,-13.000000000000005,41,0.34782608695652173,0.7272727272727273,0.4705882352941176,1.2619725698194082
1276,cicids2017_wed_c0,0.39390000000000003,-4.100000000000001,54,0.6511627906976745,0.8,0.7179487179487181,1.3162272291639356
1277,cicids2017_wed_c0,0.393425,-6.1000000000000005,56,0.6222222222222222,0.8,0.7000000000000001,1.3030919233613791
1278,cicids2017_wed_c1,0.39295,-7.200000000000001,42,0.4090909090909091,0.8181818181818182,0.5454545454545455,1.27990210150726
1279,cicids2017_fri_c0,0.392475,3.1999999999999993,59,0.7073170731707317,0.8285714285714286,0.7631578947368421,1.236414607018662
1280,cicids2017_wed_c1,0.392,-5.2,40,0.45,0.8181818181818182,0.5806451612903226,1.2593106467130224
1281,cicids2017_wed_c0,0.3915250000000001,-15.500000000000002,56,0.6097560975609756,0.7142857142857143,0.6578947368421052,1.2105549300086875
1282,cicids2017_wed_c0,0.39105,1.8999999999999986,55,0.6521739130434783,0.8571428571428571,0.7407407407407407,1.2207050440707696
1283,cicids2017_tue_c0,0.3905750000000001,10.300000000000002,53,0.8529411764705882,0.8285714285714286,0.8405797101449276,1.2508090489025623
1284,cicids2017_wed_c1,0.3901,-9.5,41,0.375,0.8181818181818182,0.5142857142857142,1.2931709352006848
1285,cicids2017_tue_c0,0.3896250000000001,-9.100000000000001,56,0.7741935483870968,0.6857142857142857,0.7272727272727272,1.2287238177688278
1286,cicids2017_fri_c0,0.38915,-1.9000000000000021,56,0.7297297297297297,0.7714285714285715,0.75,1.2059613241977607
1287,cicids2017_wed_c1,0.3886750000000001,-6.200000000000001,37,0.3793103448275862,1.0,0.5499999999999999,1.2601742428712648
1288,cicids2017_fri_c0,0.3882,10.8,58,0.8529411764705882,0.8285714285714286,0.8405797101449276,1.2776380368988027
1289,cicids2017_fri_c0,0.3877250000000001,1.5999999999999996,56,0.7368421052631579,0.8,0.7671232876712328,1.2862509673029425
1290,cicids2017_wed_c0,0.38725,-10.100000000000001,53,0.65,0.7428571428571429,0.6933333333333334,1.2680520386615453
1291,cicids2017_fri_c0,0.3867750000000001,7.299999999999997,56,0.7837837837837838,0.8285714285714286,0.8055555555555555,1.2470015553740323
1292,cicids2017_wed_c1,0.3863,-10.700000000000003,42,0.38095238095238093,0.7272727272727273,0.5,1.2765055930321425
1293,cicids2017_tue_c0,0.3858250000000001,-7.100000000000001,52,0.7575757575757576,0.7142857142857143,0.7352941176470589,1.241016710750402
1294,cicids2017_fri_c0,0.38534999999999997,17.000000000000007,59,0.7804878048780488,0.9142857142857143,0.8421052631578947,1.2512108296275875
1295,cicids2017_wed_c1,0.3848750000000001,-5.6,36,0.45,0.8181818181818182,0.5806451612903226,1.237853721672363
1296,cicids2017_wed_c0,0.38439999999999996,-7.6,54,0.6428571428571429,0.7714285714285715,0.7012987012987013,1.2841527051704438
1297,cicids2017_tue_c0,0.38392500000000007,-0.40000000000000147,58,0.7,0.8,0.7466666666666666,1.2094503927395341
1298,cicids2017_wed_c0,0.38344999999999996,1.5999999999999992,54,0.6904761904761905,0.8285714285714286,0.7532467532467533,1.2395168909495669
1299,cicids2017_wed_c0,0.38297500000000007,-1.5999999999999992,57,0.6829268292682927,0.8,0.736842105263158,1.2723777584731153
1300,cicids2017_fri_c0,0.38250000000000006,-5.200000000000001,58,0.7222222222222222,0.7428571428571429,0.732394366197183,1.2815496248565899
1301,cicids2017_wed_c1,0.38202500000000006,-5.8999999999999995,42,0.4,0.9090909090909091,0.5555555555555556,1.2910081823609048
1302,cicids2017_tue_c0,0.38155000000000006,7.899999999999997,53,0.875,0.8,0.8358208955223881,1.3577871277446003
1303,cicids2017_wed_c0,0.38107500000000005,-9.8,56,0.65,0.7428571428571429,0.6933333333333334,1.296727643993807
1304,cicids2017_wed_c1,0.38060000000000005,-20.999999999999996,40,0.2692307692307692,0.6363636363636364,0.37837837837837834,1.250515458724906
1305,cicids2017_wed_c0,0.38012500000000005,-7.400000000000002,56,0.6428571428571429,0.7714285714285715,0.7012987012987013,1.2929459503196397
1306,cicids2017_wed_c0,0.37965000000000004,-15.0,52,0.6666666666666666,0.6857142857142857,0.676056338028169,1.231788811975026
1307,cicids2017_tue_c0,0.37917500000000004,8.899999999999997,57,0.7045454545454546,0.8857142857142857,0.7848101265822784,1.2576552831150714
1308,cicids2017_fri_c0,0.37870000000000004,-4.300000000000001,56,0.7428571428571429,0.7428571428571429,0.7428571428571429,1.2487529312666783
1309,cicids2017_tue_c0,0.37822500000000003,-1.3000000000000003,53,0.8125,0.7428571428571429,0.7761194029850748,1.2711971581291783
1310,cicids2017_wed_c1,0.37775000000000003,-9.500000000000004,41,0.375,0.8181818181818182,0.5142857142857142,1.2358945573784348
1311,cicids2017_wed_c0,0.377275,0.8000000000000002,55,0.6382978723404256,0.8571428571428571,0.7317073170731707,1.2208404566426887
1312,cicids2017_tue_c0,0.3768,10.599999999999998,54,0.7894736842105263,0.8571428571428571,0.8219178082191781,1.2312796910291823
1313,cicids2017_wed_c1,0.376325,-17.4,41,0.2962962962962963,0.7272727272727273,0.42105263157894735,1.2416428465312654
1314,cicids2017_wed_c1,0.37585,-6.8,42,0.36666666666666664,1.0,0.5365853658536585,1.2317481271953366
1315,cicids2017_wed_c1,0.375375,-6.500000000000002,36,0.4,0.9090909090909091,0.5555555555555556,1.3104099084783014
1316,cicids2017_tue_c0,0.3749,-6.5,56,0.7027027027027027,0.7428571428571429,0.7222222222222223,1.2295130332981807
1317,cicids2017_wed_c0,0.374425,0.3999999999999977,55,0.717948717948718,0.8,0.7567567567567569,1.2161188938584286
1318,cicids2017_wed_c0,0.37395,-0.5000000000000002,55,0.6590909090909091,0.8285714285714286,0.7341772151898734,1.2719691639754849
1319,cicids2017_tue_c0,0.373475,-2.4000000000000012,53,0.7878787878787878,0.7428571428571429,0.7647058823529412,1.3016579965023443
1320,cicids2017_tue_c0,0.373,16.400000000000002,55,0.8378378378378378,0.8857142857142857,0.8611111111111112,1.263871792608399
1321,cicids2017_fri_c0,0.3725250000000001,-7.6,58,0.7352941176470589,0.7142857142857143,0.7246376811594202,1.2147785511882
1322,cicids2017_tue_c0,0.37205,5.899999999999997,55,0.8235294117647058,0.8,0.8115942028985507,1.2817936717282947
1323,cicids2017_wed_c0,0.3715750000000001,1.5000000000000004,53,0.6904761904761905,0.8285714285714286,0.7532467532467533,1.2660440889477156
1324,cicids2017_wed_c1,0.3711,-18.599999999999998,42,0.2916666666666667,0.6363636363636364,0.4,1.2115190741083106
1325,cicids2017_wed_c1,0.3706250000000001,-9.1,34,0.391304347826087,0.8181818181818182,0.5294117647058824,1.3209578076751933
1326,cicids2017_fri_c0,0.37015,2.3999999999999986,55,0.8181818181818182,0.7714285714285715,0.7941176470588236,1.2824233226629314
1327,cicids2017_wed_c0,0.3696750000000001,-1.1999999999999997,57,0.6122448979591837,0.8571428571428571,0.7142857142857143,1.2313548505586904
1328,cicids2017_fri_c0,0.3692,-14.8,56,0.71875,0.6571428571428571,0.6865671641791045,1.2712099502051315
1329,cicids2017_wed_c0,0.3687250000000001,-6.0,57,0.6222222222222222,0.8,0.7000000000000001,1.2323107641380167
1330,cicids2017_tue_c0,0.36824999999999997,9.099999999999998,52,0.8285714285714286,0.8285714285714286,0.8285714285714286,1.2377342355353411
1331,cicids2017_tue_c0,0.3677750000000001,-2.8000000000000003,58,0.7105263157894737,0.7714285714285715,0.7397260273972601,1.2341533218476655
1332,cicids2017_wed_c0,0.36729999999999996,-7.200000000000001,58,0.6428571428571429,0.7714285714285715,0.7012987012987013,1.2409307833618706
1333,cicids2017_tue_c0,0.36682500000000007,4.599999999999998,53,0.8,0.8,0.8000000000000002,1.179032338989785
1334,cicids2017_wed_c1,0.36634999999999995,-5.000000000000002,38,0.39285714285714285,1.0,0.5641025641025641,1.1800418421173138
1335,cicids2017_wed_c0,0.36587500000000006,-1.9999999999999991,55,0.7297297297297297,0.7714285714285715,0.75,1.2244249586464582
1336,cicids2017_wed_c1,0.36539999999999995,-2.4999999999999987,43,0.45454545454545453,0.9090909090909091,0.6060606060606061,1.185688085981066
1337,cicids2017_wed_c0,0.36492500000000005,0.899999999999999,56,0.6382978723404256,0.8571428571428571,0.7317073170731707,1.205039467639357
1338,cicids2017_tue_c0,0.36444999999999994,9.399999999999997,55,0.8285714285714286,0.8285714285714286,0.8285714285714286,1.2462014861148876
1339,cicids2017_wed_c1,0.36397500000000005,-7.200000000000001,40,0.38461538461538464,0.9090909090909091,0.5405405405405405,1.177373966189672
1340,cicids2017_tue_c0,0.36350000000000005,23.500000000000014,56,0.8461538461538461,0.9428571428571428,0.8918918918918919,1.1949705656899436
1341,cicids2017_wed_c0,0.36302500000000004,-2.500000000000001,57,0.6304347826086957,0.8285714285714286,0.7160493827160495,1.2422899167689185
1342,cicids2017_fri_c0,0.36255000000000004,-0.7000000000000025,59,0.8125,0.7428571428571429,0.7761194029850748,1.251874621759747
1343,cicids2017_fri_c0,0.36207500000000004,-5.5,55,0.7222222222222222,0.7428571428571429,0.732394366197183,1.2020098041741687
1344,cicids2017_wed_c0,0.36160000000000003,-13.100000000000001,56,0.6046511627906976,0.7428571428571429,0.6666666666666666,1.28045082087035
1345,cicids2017_fri_c0,0.36112500000000003,-23.000000000000004,57,0.7407407407407407,0.5714285714285714,0.6451612903225806,1.2440180229780986
1346,cicids2017_wed_c1,0.36065,-10.200000000000003,38,0.4375,0.6363636363636364,0.5185185185185185,1.2675294244252406
1347,cicids2017_wed_c1,0.360175,-19.799999999999997,41,0.28,0.6363636363636364,0.3888888888888889,1.302523266452545
1348,cicids2017_wed_c0,0.3597,1.8999999999999986,55,0.6521739130434783,0.8571428571428571,0.7407407407407407,1.2711314499809006
1349,cicids2017_wed_c0,0.359225,7.6999999999999975,56,0.6888888888888889,0.8857142857142857,0.775,1.2507440668966743
1350,cicids2017_wed_c0,0.35875,1.9999999999999987,56,0.6521739130434783,0.8571428571428571,0.7407407407407407,1.2825647331566443
1351,cicids2017_fri_c0,0.358275,3.9999999999999956,58,0.7777777777777778,0.8,0.7887323943661971,1.2661995767643632
1352,cicids2017_tue_c0,0.3578,10.999999999999996,56,0.7380952380952381,0.8857142857142857,0.8051948051948051,1.2030353518750643
1353,cicids2017_tue_c0,0.357325,-8.100000000000001,55,0.8,0.6857142857142857,0.7384615384615385,1.2203609956523838
1354,cicids2017_wed_c1,0.35685,-1.200000000000001,34,0.5,0.9090909090909091,0.6451612903225806,1.2340926761954691
1355,cicids2017_fri_c0,0.356375,-1.0000000000000009,56,0.8125,0.7428571428571429,0.7761194029850748,1.222569161146168
1356,cicids2017_tue_c0,0.3559,20.1,55,0.7857142857142857,0.9428571428571428,0.8571428571428571,1.213188535423381
1357,cicids2017_tue_c0,0.355425,2.7,54,0.7073170731707317,0.8285714285714286,0.7631578947368421,1.2217488699700254
1358,cicids2017_fri_c0,0.35495,6.299999999999999,57,0.7631578947368421,0.8285714285714286,0.7945205479452055,1.258843966304493
1359,cicids2017_fri_c0,0.354475,2.8000000000000007,59,0.8181818181818182,0.7714285714285715,0.7941176470588236,1.220240236464607
1360,cicids2017_tue_c0,0.354,12.999999999999998,54,0.775,0.8857142857142857,0.8266666666666667,1.243120156230793
1361,cicids2017_fri_c0,0.3535250000000001,-2.9000000000000004,57,0.7105263157894737,0.7714285714285715,0.7397260273972601,1.2045550338339743
1362,cicids2017_fri_c0,0.35305,0.49999999999999645,58,0.7714285714285715,0.7714285714285715,0.7714285714285715,1.2261498923436605
1363,cicids2017_tue_c0,0.3525750000000001,4.899999999999997,56,0.8,0.8,0.8000000000000002,1.2878936000629817
1364,cicids2017_fri_c0,0.35209999999999997,-4.700000000000002,56,0.8888888888888888,0.6857142857142857,0.7741935483870968,1.3078575729576318
1365,cicids2017_wed_c0,0.3516250000000001,-5.3,53,0.6363636363636364,0.8,0.7088607594936709,1.253506448349213
1366,cicids2017_fri_c0,0.35114999999999996,-0.7999999999999998,54,0.7,0.8,0.7466666666666666,1.1954069142865693
1367,cicids2017_tue_c0,0.35067500000000007,4.899999999999999,56,0.8,0.8,0.8000000000000002,1.178284980470348
1368,cicids2017_tue_c0,0.35019999999999996,8.199999999999996,54,0.8055555555555556,0.8285714285714286,0.8169014084507044,1.212435141637782
1369,cicids2017_wed_c1,0.34972500000000006,-14.200000000000005,40,0.3333333333333333,0.7272727272727273,0.4571428571428572,1.1086972008353508
1370,cicids2017_wed_c0,0.34924999999999995,9.599999999999998,53,0.7209302325581395,0.8857142857142857,0.7948717948717948,1.3866665095960957
1371,cicids2017_wed_c1,0.34877500000000006,1.299999999999998,35,0.5,1.0,0.6666666666666666,1.1975779074675694
1372,cicids2017_tue_c0,0.34829999999999994,3.5999999999999996,54,0.7777777777777778,0.8,0.7887323943661971,1.3142592474655144
1373,cicids2017_tue_c0,0.34782500000000005,-6.9,52,0.7027027027027027,0.7428571428571429,0.7222222222222223,1.2744660579872706
1374,cicids2017_tue_c0,0.34734999999999994,5.799999999999999,52,0.7631578947368421,0.8285714285714286,0.7945205479452055,1.2503358946836718
1375,cicids2017_wed_c1,0.34687500000000004,-17.299999999999997,44,0.30434782608695654,0.6363636363636364,0.411764705882353,1.30486695148048
1376,cicids2017_wed_c1,0.34640000000000004,-2.999999999999999,38,0.45454545454545453,0.9090909090909091,0.6060606060606061,1.3481892743598236
1377,cicids2017_wed_c1,0.34592500000000004,-4.0000000000000036,39,0.43478260869565216,0.9090909090909091,0.5882352941176471,1.347375356703852
1378,cicids2017_wed_c1,0.34545000000000003,-13.300000000000002,38,0.34782608695652173,0.7272727272727273,0.4705882352941176,1.2913867194875344
1379,cicids2017_wed_c0,0.34497500000000003,-15.600000000000001,55,0.6097560975609756,0.7142857142857143,0.6578947368421052,1.2938751790938814
1380,cicids2017_wed_c0,0.34450000000000003,-5.000000000000002,56,0.6363636363636364,0.8,0.7088607594936709,1.2959435566148254
1381,cicids2017_wed_c1,0.344025,-16.4,31,0.3333333333333333,0.6363636363636364,0.43749999999999994,1.2721595505242935
1382,cicids2017_tue_c0,0.34355000000000013,1.799999999999998,58,0.7368421052631579,0.8,0.7671232876712328,1.2557326214508249
1383,cicids2017_tue_c0,0.343075,16.200000000000003,53,0.8378378378378378,0.8857142857142857,0.8611111111111112,1.3162562293670326
1384,cicids2017_wed_c1,0.3426000000000001,-8.100000000000003,44,0.391304347826087,0.8181818181818182,0.5294117647058824,1.2731117445409843
1385,cicids2017_tue_c0,0.342125,-4.4,55,0.7428571428571429,0.7428571428571429,0.7428571428571429,1.247700195805524
1386,cicids2017_fri_c0,0.3416500000000001,1.8999999999999986,57,0.6904761904761905,0.8285714285714286,0.7532467532467533,1.2440890160827427
1387,cicids2017_wed_c0,0.341175,4.499999999999998,57,0.6458333333333334,0.8857142857142857,0.7469879518072288,1.2168157447947863
1388,cicids2017_tue_c0,0.3407000000000001,-5.4,56,0.7222222222222222,0.7428571428571429,0.732394366197183,1.2480476201164075
1389,cicids2017_wed_c1,0.340225,-14.8,45,0.32,0.7272727272727273,0.4444444444444444,1.222312806132567
1390,cicids2017_wed_c1,0.3397500000000001,-8.700000000000001,38,0.391304347826087,0.8181818181818182,0.5294117647058824,1.2466687436924242
1391,cicids2017_tue_c0,0.339275,-0.5999999999999992,58,0.75,0.7714285714285715,0.7605633802816902,1.2481005535050613
1392,cicids2017_wed_c0,0.3388000000000001,-3.8999999999999995,56,0.6511627906976745,0.8,0.7179487179487181,1.2777244938228036
1393,cicids2017_wed_c1,0.338325,-5.200000000000002,38,0.4166666666666667,0.9090909090909091,0.5714285714285715,1.2295496458413084
1394,cicids2017_wed_c0,0.3378500000000001,9.999999999999998,55,0.6808510638297872,0.9142857142857143,0.7804878048780487,1.1924216232865468
1395,cicids2017_fri_c0,0.337375,3.8999999999999986,57,0.7777777777777778,0.8,0.7887323943661971,1.1813024767156597
1396,cicids2017_wed_c0,0.3369000000000001,-1.7000000000000002,54,0.6444444444444445,0.8285714285714286,0.7250000000000001,1.192746525323884
1397,cicids2017_wed_c0,0.336425,0.6000000000000001,55,0.6744186046511628,0.8285714285714286,0.7435897435897435,1.2068713322406723
1398,cicids2017_wed_c0,0.3359500000000001,-16.4,58,0.5952380952380952,0.7142857142857143,0.6493506493506493,1.2775702909345585
1399,cicids2017_fri_c0,0.33547499999999997,13.499999999999996,59,0.775,0.8857142857142857,0.8266666666666667,1.2705176571570673
1400,cicids2017_tue_c0,0.3350000000000001,-0.8000000000000004,56,0.75,0.7714285714285715,0.7605633802816902,1.2687418589782429
1401,cicids2017_wed_c1,0.3345250000000001,-8.3,40,0.37037037037037035,0.9090909090909091,0.5263157894736842,1.2832050397970522
1402,cicids2017_fri_c0,0.33405000000000007,-2.1,56,0.7878787878787878,0.7428571428571429,0.7647058823529412,1.2252082803971578
1403,cicids2017_tue_c0,0.33357500000000007,-1.8000000000000007,57,0.7297297297297297,0.7714285714285715,0.75,1.2445950236812815
1404,cicids2017_tue_c0,0.33310000000000006,-9.200000000000001,55,0.7741935483870968,0.6857142857142857,0.7272727272727272,1.2813600788163837
1405,cicids2017_fri_c0,0.33262500000000006,-10.2,56,0.75,0.6857142857142857,0.7164179104477612,1.2498583687601144
1406,cicids2017_fri_c0,0.33215000000000006,5.099999999999999,56,0.7435897435897436,0.8285714285714286,0.7837837837837838,1.2109634479198685
1407,cicids2017_tue_c0,0.33167500000000005,8.499999999999998,55,0.75,0.8571428571428571,0.7999999999999999,1.2526572643164315
1408,cicids2017_wed_c1,0.33120000000000005,-10.8,39,0.36,0.8181818181818182,0.5,1.2536833984416573
1409,cicids2017_fri_c0,0.33072500000000005,12.199999999999996,57,0.7560975609756098,0.8857142857142857,0.8157894736842105,1.2831320401920696
1410,cicids2017_tue_c0,0.33025000000000004,-4.100000000000001,56,0.6923076923076923,0.7714285714285715,0.7297297297297296,1.2160275473727462
1411,cicids2017_fri_c0,0.32977500000000004,-18.300000000000004,58,0.7777777777777778,0.6,0.6774193548387097,1.1593428470058171
1412,cicids2017_wed_c0,0.32930000000000004,-6.0,57,0.6222222222222222,0.8,0.7000000000000001,1.1747796369077292
1413,cicids2017_tue_c0,0.32882500000000003,12.799999999999995,54,0.8333333333333334,0.8571428571428571,0.8450704225352113,1.1625773322234605
1414,cicids2017_wed_c1,0.32835000000000003,-5.599999999999999,36,0.45,0.8181818181818182,0.5806451612903226,1.193290339053617
1415,cicids2017_wed_c0,0.327875,-12.1,55,0.6190476190476191,0.7428571428571429,0.6753246753246753,1.1208532789625472
1416,cicids2017_wed_c1,0.3274,-3.000000000000001,38,0.45454545454545453,0.9090909090909091,0.6060606060606061,1.1736538453153833
1417,cicids2017_wed_c0,0.326925,7.299999999999999,56,0.7837837837837838,0.8285714285714286,0.8055555555555555,1.200499399268074
1418,cicids2017_tue_c0,0.32645,5.799999999999999,54,0.8235294117647058,0.8,0.8115942028985507,1.2555930365426504
1419,cicids2017_wed_c1,0.325975,-2.5,41,0.4230769230769231,1.0,0.5945945945945945,1.2772467387031587
1420,cicids2017_tue_c0,0.3255,6.9999999999999964,53,0.7837837837837838,0.8285714285714286,0.8055555555555555,1.2400161901787172
1421,cicids2017_wed_c1,0.325025,-13.400000000000004,46,0.32142857142857145,0.8181818181818182,0.46153846153846156,1.2225750390161285
1422,cicids2017_wed_c1,0.3245500000000001,-8.400000000000002,41,0.391304347826087,0.8181818181818182,0.5294117647058824,1.2927034871095087
1423,cicids2017_wed_c0,0.324075,-22.5,56,0.5897435897435898,0.6571428571428571,0.6216216216216216,1.2193529864292867
1424,cicids2017_wed_c0,0.3236000000000001,-16.5,57,0.5952380952380952,0.7142857142857143,0.6493506493506493,1.2042019037489429
1425,cicids2017_tue_c0,0.323125,8.399999999999997,56,0.8055555555555556,0.8285714285714286,0.8169014084507044,1.2705551835212052
1426,cicids2017_wed_c1,0.3226500000000001,-16.299999999999997,43,0.3181818181818182,0.6363636363636364,0.4242424242424242,1.2612427412519451
1427,cicids2017_wed_c0,0.322175,4.599999999999998,51,0.7435897435897436,0.8285714285714286,0.7837837837837838,1.3285871470110437
1428,cicids2017_wed_c1,0.3217000000000001,-16.9,44,0.2903225806451613,0.8181818181818182,0.4285714285714286,1.2711442331050675
1429,cicids2017_tue_c0,0.321225,-7.9,55,0.7352941176470589,0.7142857142857143,0.7246376811594202,1.2803661408602403
1430,cicids2017_wed_c1,0.3207500000000001,-14.0,42,0.3333333333333333,0.7272727272727273,0.4571428571428572,1.2786869783425592
1431,cicids2017_tue_c0,0.320275,-1.899999999999999,56,0.7297297297297297,0.7714285714285715,0.75,1.3138882100449476
1432,cicids2017_fri_c0,0.3198000000000001,7.499999999999998,58,0.7837837837837838,0.8285714285714286,0.8055555555555555,1.3311963909774718
1433,cicids2017_fri_c0,0.31932499999999997,12.099999999999998,56,0.7560975609756098,0.8857142857142857,0.8157894736842105,1.2232771709511128
1434,cicids2017_wed_c0,0.3188500000000001,7.299999999999999,59,0.6111111111111112,0.9428571428571428,0.7415730337078652,1.2713149514238442
1435,cicids2017_tue_c0,0.31837499999999996,17.900000000000006,57,0.8,0.9142857142857143,0.8533333333333333,1.2736162584148252
1436,cicids2017_fri_c0,0.31790000000000007,-0.8000000000000039,56,0.75,0.7714285714285715,0.7605633802816902,1.268055587096883
1437,cicids2017_tue_c0,0.31742499999999996,8.199999999999998,56,0.875,0.8,0.8358208955223881,1.2445285075627939
1438,cicids2017_wed_c0,0.31695000000000007,16.800000000000004,53,0.6938775510204082,0.9714285714285714,0.8095238095238094,1.2745431585503932
1439,cicids2017_tue_c0,0.31647499999999995,-22.999999999999996,55,0.6774193548387096,0.6,0.6363636363636364,1.2930174637131302
1440,cicids2017_wed_c1,0.31600000000000006,-4.900000000000002,43,0.45,0.8181818181818182,0.5806451612903226,1.269708335072458
1441,cicids2017_wed_c1,0.31552500000000006,-2.6999999999999993,30,0.47619047619047616,0.9090909090909091,0.6249999999999999,1.2796472087043953
1442,cicids2017_wed_c0,0.31505000000000005,6.899999999999999,57,0.64,0.9142857142857143,0.7529411764705883,1.335814885796319
1443,cicids2017_wed_c1,0.31457500000000005,-6.800000000000001,42,0.36666666666666664,1.0,0.5365853658536585,1.3089276631836932
1444,cicids2017_tue_c0,0.31410000000000005,6.9999999999999964,55,0.8484848484848485,0.8,0.823529411764706,1.302433702828867
1445,cicids2017_fri_c0,0.31362500000000004,24.700000000000003,55,0.8095238095238095,0.9714285714285714,0.8831168831168832,1.299072825054482
1446,cicids2017_fri_c0,0.31315000000000004,-6.500000000000002,56,0.7027027027027027,0.7428571428571429,0.7222222222222223,1.295129771913172
1447,cicids2017_wed_c1,0.31267500000000004,-3.199999999999999,38,0.5,0.8181818181818182,0.6206896551724137,1.311074299864858
1448,cicids2017_wed_c1,0.31220000000000003,-4.600000000000004,44,0.4166666666666667,0.9090909090909091,0.5714285714285715,1.3314540278254046
1449,cicids2017_wed_c0,0.31172500000000003,11.999999999999998,53,0.7111111111111111,0.9142857142857143,0.8,1.2626191670549183
1450,cicids2017_fri_c0,0.31125,6.1999999999999975,56,0.7631578947368421,0.8285714285714286,0.7945205479452055,1.3007062568524468
1451,cicids2017_tue_c0,0.310775,6.999999999999998,53,0.7837837837837838,0.8285714285714286,0.8055555555555555,1.2780485311515468
1452,cicids2017_fri_c0,0.3103,-11.200000000000005,57,0.7272727272727273,0.6857142857142857,0.7058823529411764,1.2327402045033007
1453,cicids2017_fri_c0,0.309825,8.899999999999997,59,0.75,0.8571428571428571,0.7999999999999999,1.284525220134385
1454,cicids2017_fri_c0,0.30935,10.899999999999997,57,0.7894736842105263,0.8571428571428571,0.8219178082191781,1.334697809059583
1455,cicids2017_wed_c0,0.308875,11.299999999999997,55,0.66,0.9428571428571428,0.7764705882352942,1.3238306729228173
1456,cicids2017_fri_c0,0.3084,12.199999999999998,57,0.7560975609756098,0.8857142857142857,0.8157894736842105,1.268481968062633
1457,cicids2017_wed_c1,0.307925,-13.300000000000002,49,0.3333333333333333,0.7272727272727273,0.4571428571428572,1.3367593123029085
1458,cicids2017_tue_c0,0.30745,22.500000000000007,55,0.7727272727272727,0.9714285714285714,0.8607594936708862,1.2800299164641558
1459,cicids2017_tue_c0,0.306975,10.699999999999998,55,0.7894736842105263,0.8571428571428571,0.8219178082191781,1.2812703575296616
1460,cicids2017_wed_c0,0.3065,4.999999999999998,53,0.6976744186046512,0.8571428571428571,0.7692307692307693,1.2867473379584895
1461,cicids2017_wed_c1,0.306025,-8.9,36,0.391304347826087,0.8181818181818182,0.5294117647058824,1.23421416548534
1462,cicids2017_tue_c0,0.3055500000000001,1.5999999999999952,58,0.7941176470588235,0.7714285714285715,0.782608695652174,1.252115726937104
1463,cicids2017_fri_c0,0.305075,8.699999999999996,59,0.8055555555555556,0.8285714285714286,0.8169014084507044,1.2295041730833565
1464,cicids2017_fri_c0,0.3046000000000001,1.700000000000001,57,0.7368421052631579,0.8,0.7671232876712328,1.314608771494672
1465,cicids2017_wed_c1,0.304125,-8.600000000000001,39,0.391304347826087,0.8181818181818182,0.5294117647058824,1.3300242907783033
1466,cicids2017_fri_c0,0.3036500000000001,-12.600000000000001,56,0.7666666666666667,0.6571428571428571,0.7076923076923077,1.3143042501522826
1467,cicids2017_wed_c0,0.303175,-0.40000000000000135,56,0.6590909090909091,0.8285714285714286,0.7341772151898734,1.3056984294179603
1468,cicids2017_tue_c0,0.3027000000000001,8.399999999999999,54,0.75,0.8571428571428571,0.7999999999999999,1.3223784267867122
1469,cicids2017_wed_c1,0.30222499999999997,-17.999999999999996,46,0.2857142857142857,0.7272727272727273,0.4102564102564102,1.2488395101976342
1470,cicids2017_fri_c0,0.3017500000000001,8.499999999999998,55,0.75,0.8571428571428571,0.7999999999999999,1.318544216231347
1471,cicids2017_wed_c1,0.30127499999999996,-10.9,38,0.36,0.8181818181818182,0.5,1.293536395268012
1472,cicids2017_wed_c0,0.30080000000000007,9.199999999999998,58,0.6666666666666666,0.9142857142857143,0.7710843373493975,1.310324179322149
1473,cicids2017_tue_c0,0.30032499999999995,15.600000000000001,56,0.7619047619047619,0.9142857142857143,0.8311688311688312,1.2907440198979678
1474,cicids2017_fri_c0,0.29985000000000006,17.9,59,0.8611111111111112,0.8857142857142857,0.8732394366197184,1.271332211697942
1475,cicids2017_wed_c1,0.29937499999999995,-9.500000000000002,39,0.35714285714285715,0.9090909090909091,0.5128205128205129,1.3231613425818947
1476,cicids2017_tue_c0,0.29890000000000005,3.799999999999999,56,0.7777777777777778,0.8,0.7887323943661971,1.2801013811435233
1477,cicids2017_tue_c0,0.29842499999999994,10.599999999999998,54,0.7894736842105263,0.8571428571428571,0.8219178082191781,1.2520087285968957
1478,cicids2017_tue_c0,0.29795000000000005,18.3,52,0.8857142857142857,0.8857142857142857,0.8857142857142857,1.2758824153687651
1479,cicids2017_fri_c0,0.29747499999999993,-1.7999999999999998,57,0.7297297297297297,0.7714285714285715,0.75,1.2717971473380807
1480,cicids2017_tue_c0,0.29700000000000004,13.6,51,0.8571428571428571,0.8571428571428571,0.8571428571428571,1.2430996300729877
1481,cicids2017_fri_c0,0.29652500000000004,0.29999999999999893,54,0.717948717948718,0.8,0.7567567567567569,1.1674368827376733
1482,cicids2017_fri_c0,0.29605000000000004,24.500000000000007,57,0.9411764705882353,0.9142857142857143,0.9275362318840579,1.1941584215506238
1483,cicids2017_tue_c0,0.29557500000000003,13.699999999999998,52,0.8571428571428571,0.8571428571428571,0.8571428571428571,1.200895431411164
1484,cicids2017_fri_c0,0.29510000000000003,5.399999999999997,59,0.7435897435897436,0.8285714285714286,0.7837837837837838,1.126594154828976
1485,cicids2017_tue_c0,0.294625,14.300000000000004,56,0.7948717948717948,0.8857142857142857,0.8378378378378378,1.149176124831643
1486,cicids2017_wed_c1,0.29415,-6.700000000000001,36,0.42857142857142855,0.8181818181818182,0.5625,1.2232198885536492
1487,cicids2017_fri_c0,0.293675,2.599999999999998,57,0.8181818181818182,0.7714285714285715,0.7941176470588236,1.2366260857757607
1488,cicids2017_fri_c0,0.2932,11.999999999999996,55,0.7560975609756098,0.8857142857142857,0.8157894736842105,1.227923859407532
1489,cicids2017_fri_c0,0.292725,6.200000000000001,56,0.7631578947368421,0.8285714285714286,0.7945205479452055,1.2393583758276787
1490,cicids2017_wed_c0,0.29225,-22.9,54,0.6285714285714286,0.6285714285714286,0.6285714285714286,1.2111458998399116
1491,cicids2017_tue_c0,0.291775,21.30000000000001,56,0.8048780487804879,0.9428571428571428,0.868421052631579,1.247589787364106
1492,cicids2017_tue_c0,0.2913,15.100000000000009,55,0.8823529411764706,0.8571428571428571,0.8695652173913043,1.1971572277987796
1493,cicids2017_fri_c0,0.290825,8.799999999999999,58,0.75,0.8571428571428571,0.7999999999999999,1.2062203236870745
1494,cicids2017_tue_c0,0.29035,-5.6,56,0.78125,0.7142857142857143,0.7462686567164178,1.2662885534459047
1495,cicids2017_tue_c0,0.289875,6.5,57,0.7142857142857143,0.8571428571428571,0.7792207792207793,1.2655764406992798
1496,cicids2017_tue_c0,0.2894,11.699999999999996,54,0.8108108108108109,0.8571428571428571,0.8333333333333334,1.2369552744477572
1497,cicids2017_wed_c0,0.288925,-16.5,57,0.5952380952380952,0.7142857142857143,0.6493506493506493,1.3089560900024273
1498,cicids2017_wed_c1,0.28845,-10.8,41,0.38095238095238093,0.7272727272727273,0.5,1.281622882468502
1499,cicids2017_tue_c0,0.287975,15.400000000000004,58,0.8823529411764706,0.8571428571428571,0.8695652173913043,1.2289735434199296
1500,cicids2017_wed_c1,0.2875000000000001,-2.1000000000000028,36,0.47619047619047616,0.9090909090909091,0.6249999999999999,1.2607394297228984
1501,cicids2017_wed_c0,0.2870250000000001,7.799999999999999,55,0.6530612244897959,0.9142857142857143,0.7619047619047618,1.341835674111646
1502,cicids2017_tue_c0,0.2865500000000001,20.900000000000006,52,0.8048780487804879,0.9428571428571428,0.868421052631579,1.2284363304887769
1503,cicids2017_fri_c0,0.2860750000000001,-11.1,58,0.7272727272727273,0.6857142857142857,0.7058823529411764,1.273987218887192
1504,cicids2017_tue_c0,0.2856000000000001,17.300000000000004,53,0.8611111111111112,0.8857142857142857,0.8732394366197184,1.2456943148436552
1505,cicids2017_wed_c0,0.2851250000000001,5.299999999999999,54,0.6595744680851063,0.8857142857142857,0.7560975609756098,1.2340505188988322
1506,cicids2017_fri_c0,0.28465000000000007,15.699999999999996,59,0.8157894736842105,0.8857142857142857,0.8493150684931505,1.2876873418983814
1507,cicids2017_wed_c1,0.28417500000000007,-1.7208456881689926e-15,44,0.4583333333333333,1.0,0.6285714285714286,1.243535140404473
1508,cicids2017_tue_c0,0.28370000000000006,16.400000000000006,55,0.8378378378378378,0.8857142857142857,0.8611111111111112,1.2194677934273672
1509,cicids2017_wed_c1,0.28322500000000006,-6.4,41,0.47058823529411764,0.7272727272727273,0.5714285714285714,1.2645857461052477
1510,cicids2017_wed_c0,0.28275000000000006,13.099999999999998,53,0.7272727272727273,0.9142857142857143,0.810126582278481,1.2753855279527486
1511,cicids2017_tue_c0,0.28227500000000005,7.299999999999997,56,0.7837837837837838,0.8285714285714286,0.8055555555555555,1.2594145934479837
1512,cicids2017_fri_c0,0.28180000000000005,-4.000000000000002,59,0.7428571428571429,0.7428571428571429,0.7428571428571429,1.2747490162948298
1513,cicids2017_wed_c0,0.28132500000000005,3.8999999999999986,53,0.6818181818181818,0.8571428571428571,0.759493670886076,1.2461266280927024
1514,cicids2017_tue_c0,0.28085000000000004,2.399999999999999,55,0.8181818181818182,0.7714285714285715,0.7941176470588236,1.2096302169440951
1515,cicids2017_fri_c0,0.28037500000000004,20.1,57,0.8421052631578947,0.9142857142857143,0.8767123287671234,1.2326412605750319
1516,cicids2017_wed_c1,0.27990000000000004,-13.200000000000001,39,0.34782608695652173,0.7272727272727273,0.4705882352941176,1.2779927068177135
1517,cicids2017_tue_c0,0.27942500000000003,14.800000000000004,52,0.8823529411764706,0.8571428571428571,0.8695652173913043,1.1777141763923686
1518,cicids2017_fri_c0,0.27895000000000003,2.799999999999997,57,0.7567567567567568,0.8,0.7777777777777778,1.1674892050914445
1519,cicids2017_tue_c0,0.27847500000000003,9.599999999999996,55,0.7692307692307693,0.8571428571428571,0.8108108108108107,1.1650428036752405
1520,cicids2017_tue_c0,0.278,13.399999999999999,56,0.7272727272727273,0.9142857142857143,0.810126582278481,1.253025089715196
1521,cicids2017_wed_c1,0.27752500000000013,1.399999999999995,38,0.5555555555555556,0.9090909090909091,0.6896551724137931,1.234144918851565
1522,cicids2017_wed_c0,0.27705,3.4999999999999982,58,0.6326530612244898,0.8857142857142857,0.7380952380952381,1.343991302518733
1523,cicids2017_fri_c0,0.2765750000000001,3.6999999999999984,57,0.84375,0.7714285714285715,0.8059701492537314,1.2789912075414565
1524,cicids2017_fri_c0,0.2761,5.099999999999996,56,0.7435897435897436,0.8285714285714286,0.7837837837837838,1.2943727539828713
1525,cicids2017_wed_c0,0.2756250000000001,10.099999999999998,56,0.6808510638297872,0.9142857142857143,0.7804878048780487,1.3096647765886331
1526,cicids2017_fri_c0,0.27515,2.4999999999999973,56,0.8181818181818182,0.7714285714285715,0.7941176470588236,1.3667188738233047
1527,cicids2017_tue_c0,0.2746750000000001,-4.9,57,0.6363636363636364,0.8,0.7088607594936709,1.3029614333044304
1528,cicids2017_fri_c0,0.2742,0.49999999999999944,56,0.717948717948718,0.8,0.7567567567567569,1.3099276553261932
1529,cicids2017_fri_c0,0.2737250000000001,8.499999999999996,57,0.8055555555555556,0.8285714285714286,0.8169014084507044,1.2487449570972453
1530,cicids2017_wed_c1,0.27325,-3.999999999999999,39,0.43478260869565216,0.9090909090909091,0.5882352941176471,1.2095456719880342
1531,cicids2017_fri_c0,0.2727750000000001,-9.2,55,0.7741935483870968,0.6857142857142857,0.7272727272727272,1.220839980810147
1532,cicids2017_fri_c0,0.2723,15.099999999999996,55,0.8823529411764706,0.8571428571428571,0.8695652173913043,1.24572761925795
1533,cicids2017_wed_c1,0.2718250000000001,-6.000000000000003,39,0.3793103448275862,1.0,0.5499999999999999,1.2139430415276375
1534,cicids2017_fri_c0,0.27135,20.1,57,0.8421052631578947,0.9142857142857143,0.8767123287671234,1.2528393558333881
1535,cicids2017_wed_c1,0.2708750000000001,3.6,36,0.55,1.0,0.7096774193548387,1.2130753627440098
1536,cicids2017_fri_c0,0.2704,8.7,57,0.75,0.8571428571428571,0.7999999999999999,1.2467269161685817
1537,cicids2017_fri_c0,0.2699250000000001,6.399999999999995,58,0.7631578947368421,0.8285714285714286,0.7945205479452055,1.2377944333880093
1538,cicids2017_fri_c0,0.26944999999999997,4.899999999999998,56,0.8,0.8,0.8000000000000002,1.1891509316112405
1539,cicids2017_wed_c0,0.2689750000000001,15.600000000000001,52,0.68,0.9714285714285714,0.8,1.3023900705502738
1540,cicids2017_wed_c0,0.26850000000000007,7.399999999999999,53,0.6888888888888889,0.8857142857142857,0.775,1.2107509252295718
1541,cicids2017_tue_c0,0.26802500000000007,30.500000000000014,56,0.8536585365853658,1.0,0.9210526315789475,1.2129483487834392
1542,cicids2017_fri_c0,0.26755000000000007,-10.299999999999999,55,0.75,0.6857142857142857,0.7164179104477612,1.2244005000262652
1543,cicids2017_fri_c0,0.26707500000000006,-4.1,58,0.7428571428571429,0.7428571428571429,0.7428571428571429,1.1477131606775943
1544,cicids2017_wed_c0,0.26660000000000006,13.3,53,0.6875,0.9428571428571428,0.7951807228915663,1.1672093098918042
1545,cicids2017_fri_c0,0.26612500000000006,-0.6000000000000005,58,0.75,0.7714285714285715,0.7605633802816902,1.1672457571242931
1546,cicids2017_wed_c0,0.26565000000000005,-9.700000000000001,57,0.65,0.7428571428571429,0.6933333333333334,1.1620885762944007
1547,cicids2017_wed_c0,0.26517500000000005,1.9999999999999996,56,0.6521739130434783,0.8571428571428571,0.7407407407407407,1.2081973568841629
1548,cicids2017_wed_c1,0.26470000000000005,-6.600000000000003,37,0.42857142857142855,0.8181818181818182,0.5625,1.2155372962393465
1549,cicids2017_tue_c0,0.26422500000000004,0.10000000000000009,54,0.7714285714285715,0.7714285714285715,0.7714285714285715,1.1491638854385962
1550,cicids2017_fri_c0,0.26375000000000004,-0.5000000000000013,57,0.7,0.8,0.7466666666666666,1.2605060088648896
1551,cicids2017_tue_c0,0.26327500000000004,16.1,52,0.8378378378378378,0.8857142857142857,0.8611111111111112,1.2009770725439137
1552,cicids2017_wed_c1,0.26280000000000003,-9.4,40,0.35714285714285715,0.9090909090909091,0.5128205128205129,1.1471419160109786
1553,cicids2017_wed_c0,0.26232500000000003,4.499999999999998,57,0.6458333333333334,0.8857142857142857,0.7469879518072288,1.1574299734197124
1554,cicids2017_wed_c0,0.26185,7.999999999999998,57,0.6530612244897959,0.9142857142857143,0.7619047619047618,1.1845022796485893
1555,cicids2017_tue_c0,0.261375,7.399999999999997,57,0.7837837837837838,0.8285714285714286,0.8055555555555555,1.1795504241063828
1556,cicids2017_fri_c0,0.2609,-6.700000000000001,56,0.7575757575757576,0.7142857142857143,0.7352941176470589,1.172568304973867
1557,cicids2017_wed_c1,0.260425,-11.7,39,0.3333333333333333,0.9090909090909091,0.4878048780487804,1.1957519516474033
1558,cicids2017_wed_c1,0.25995,-4.199999999999998,39,0.47368421052631576,0.8181818181818182,0.6,1.1564678405085376
1559,cicids2017_wed_c1,0.259475,-8.100000000000001,44,0.391304347826087,0.8181818181818182,0.5294117647058824,1.3367628996515002
1560,cicids2017_wed_c1,0.259,-9.6,42,0.4,0.7272727272727273,0.5161290322580645,1.2474136767184436
1561,cicids2017_tue_c0,0.2585250000000001,12.8,52,0.775,0.8857142857142857,0.8266666666666667,1.2601014360548415
1562,cicids2017_tue_c0,0.25805,13.200000000000001,56,0.775,0.8857142857142857,0.8266666666666667,1.3371409441738635
1563,cicids2017_fri_c0,0.2575750000000001,-0.9000000000000031,57,0.8125,0.7428571428571429,0.7761194029850748,1.249084133782554
1564,cicids2017_wed_c1,0.2571,-13.799999999999999,40,0.3125,0.9090909090909091,0.4651162790697674,1.18450881402238
1565,cicids2017_wed_c0,0.2566250000000001,12.600000000000001,57,0.673469387755102,0.9428571428571428,0.7857142857142857,1.2212269807587326
1566,cicids2017_tue_c0,0.25615,2.8999999999999995,56,0.7073170731707317,0.8285714285714286,0.7631578947368421,1.1615797489409092
1567,cicids2017_wed_c1,0.2556750000000001,-4.400000000000001,35,0.43478260869565216,0.9090909090909091,0.5882352941176471,1.2079817073325898
1568,cicids2017_wed_c0,0.2552,-2.0999999999999996,52,0.6829268292682927,0.8,0.736842105263158,1.193236023503938
1569,cicids2017_wed_c1,0.2547250000000001,-23.599999999999998,36,0.25,0.6363636363636364,0.358974358974359,1.22903423226311
1570,cicids2017_wed_c1,0.25425,1.299999999999998,35,0.5,1.0,0.6666666666666666,1.2631415329776239
1571,cicids2017_fri_c0,0.2537750000000001,6.199999999999999,56,0.7631578947368421,0.8285714285714286,0.7945205479452055,1.3064500560687768
1572,cicids2017_tue_c0,0.25329999999999997,12.999999999999996,54,0.775,0.8857142857142857,0.8266666666666667,1.310722659071867
1573,cicids2017_wed_c0,0.2528250000000001,5.199999999999999,53,0.6595744680851063,0.8857142857142857,0.7560975609756098,1.263940411359946
1574,cicids2017_wed_c1,0.25234999999999996,-6.300000000000001,40,0.42857142857142855,0.8181818181818182,0.5625,1.3120466557240735
1575,cicids2017_fri_c0,0.25187500000000007,8.499999999999998,57,0.8055555555555556,0.8285714285714286,0.8169014084507044,1.2938641713246435
1576,cicids2017_tue_c0,0.25139999999999996,2.5999999999999996,53,0.7073170731707317,0.8285714285714286,0.7631578947368421,1.2682963727413785
1577,cicids2017_wed_c0,0.25092500000000006,4.1999999999999975,56,0.6818181818181818,0.8571428571428571,0.759493670886076,1.2381648217836676
1578,cicids2017_wed_c1,0.25044999999999995,0.399999999999999,39,0.5263157894736842,0.9090909090909091,0.6666666666666666,1.2574319332316508
1579,cicids2017_fri_c0,0.24997500000000006,7.800000000000001,57,0.6888888888888889,0.8857142857142857,0.775,1.2456937247764357
1580,cicids2017_wed_c0,0.24950000000000006,7.699999999999999,56,0.6888888888888889,0.8857142857142857,0.775,1.1495994558725455
1581,cicids2017_tue_c0,0.24902500000000005,14.9,51,0.8157894736842105,0.8857142857142857,0.8493150684931505,1.1550032480158785
1582,cicids2017_fri_c0,0.24855000000000005,13.199999999999996,58,0.8333333333333334,0.8571428571428571,0.8450704225352113,1.174871115432334
1583,cicids2017_wed_c0,0.24807500000000005,11.2,56,0.6956521739130435,0.9142857142857143,0.7901234567901234,1.1783435026720421
1584,cicids2017_tue_c0,0.24760000000000004,23.500000000000007,54,0.7906976744186046,0.9714285714285714,0.8717948717948717,1.1869472746562035
1585,cicids2017_wed_c0,0.24712500000000004,-9.9,53,0.6136363636363636,0.7714285714285715,0.6835443037974683,1.2338835297853032
1586,cicids2017_tue_c0,0.24665000000000004,8.399999999999999,56,0.8055555555555556,0.8285714285714286,0.8169014084507044,1.1907229487676794
1587,cicids2017_wed_c1,0.24617500000000003,-15.500000000000002,38,0.32,0.7272727272727273,0.4444444444444444,1.2323923361328515
1588,cicids2017_fri_c0,0.24570000000000003,14.299999999999995,56,0.7948717948717948,0.8857142857142857,0.8378378378378378,1.2208123407986462
1589,cicids2017_wed_c1,0.24522500000000003,3.8,38,0.55,1.0,0.7096774193548387,1.1845019641846088
1590,cicids2017_fri_c0,0.24475000000000002,4.199999999999999,58,0.725,0.8285714285714286,0.7733333333333333,1.1733156630334862
1591,cicids2017_wed_c0,0.24427500000000002,5.599999999999998,57,0.6595744680851063,0.8857142857142857,0.7560975609756098,1.3243570041876216
1592,cicids2017_tue_c0,0.24380000000000002,3.8999999999999937,59,0.84375,0.7714285714285715,0.8059701492537314,1.1715074583278067
1593,cicids2017_tue_c0,0.243325,8.099999999999998,53,0.8055555555555556,0.8285714285714286,0.8169014084507044,1.1650514635983729
1594,cicids2017_fri_c0,0.24285,16.799999999999997,55,0.7333333333333333,0.9428571428571428,0.8250000000000001,1.181661530376344
1595,cicids2017_wed_c0,0.242375,-7.600000000000001,54,0.6428571428571429,0.7714285714285715,0.7012987012987013,1.212704278815994
1596,cicids2017_fri_c0,0.2419,11.00000000000001,58,0.7894736842105263,0.8571428571428571,0.8219178082191781,1.1966616310746403
1597,cicids2017_wed_c0,0.241425,-7.0,58,0.6086956521739131,0.8,0.6913580246913581,1.2292132305814678
1598,cicids2017_wed_c0,0.24095,-8.4,55,0.5957446808510638,0.8,0.6829268292682927,1.2770979077120361
1599,cicids2017_wed_c1,0.240475,-6.400000000000003,39,0.42857142857142855,0.8181818181818182,0.5625,1.1921746651445198
1600,cicids2017_wed_c0,0.24,6.399999999999999,54,0.6739130434782609,0.8857142857142857,0.7654320987654321,1.2109535862381866
1601,cicids2017_tue_c0,0.2395250000000001,20.4,49,0.8648648648648649,0.9142857142857143,0.888888888888889,1.2242795864646316
1602,cicids2017_wed_c0,0.23904999999999998,1.7999999999999994,54,0.6521739130434783,0.8571428571428571,0.7407407407407407,1.2306460366690515
1603,cicids2017_wed_c1,0.2385750000000001,-12.600000000000001,43,0.3333333333333333,0.8181818181818182,0.4736842105263157,1.2533760871051292
1604,cicids2017_tue_c0,0.23809999999999998,9.2,51,0.7692307692307693,0.8571428571428571,0.8108108108108107,1.2610069597028073
1605,cicids2017_fri_c0,0.2376250000000001,7.5,56,0.7317073170731707,0.8571428571428571,0.7894736842105263,1.2246128899057303
1606,cicids2017_wed_c1,0.23714999999999997,-6.600000000000003,39,0.47058823529411764,0.7272727272727273,0.5714285714285714,1.2162673627924234
1607,cicids2017_fri_c0,0.23667500000000008,0.2999999999999976,56,0.7714285714285715,0.7714285714285715,0.7714285714285715,1.2669336983581043
1608,cicids2017_wed_c0,0.23619999999999997,7.899999999999999,56,0.6530612244897959,0.9142857142857143,0.7619047619047618,1.2733100112382647
1609,cicids2017_fri_c0,0.23572500000000007,4.799999999999997,55,0.8,0.8,0.8000000000000002,1.2573538877576058
1610,cicids2017_fri_c0,0.23524999999999996,-6.699999999999999,58,0.8275862068965517,0.6857142857142857,0.75,1.3011731475792083
1611,cicids2017_wed_c1,0.23477500000000007,-0.2000000000000004,42,0.4583333333333333,1.0,0.6285714285714286,1.20289180556981
1612,cicids2017_fri_c0,0.23429999999999995,13.099999999999996,57,0.8333333333333334,0.8571428571428571,0.8450704225352113,1.1848892203367756
1613,cicids2017_wed_c0,0.23382500000000006,12.499999999999998,56,0.673469387755102,0.9428571428571428,0.7857142857142857,1.1999518602186001
1614,cicids2017_wed_c0,0.23334999999999995,0.9999999999999991,57,0.6382978723404256,0.8571428571428571,0.7317073170731707,1.1554036562958019
1615,cicids2017_fri_c0,0.23287500000000005,8.800000000000002,58,0.75,0.8571428571428571,0.7999999999999999,1.2015609226175166
1616,cicids2017_fri_c0,0.23239999999999994,13.100000000000001,57,0.8333333333333334,0.8571428571428571,0.8450704225352113,1.1977605718488484
1617,cicids2017_wed_c1,0.23192500000000005,-10.900000000000002,40,0.38095238095238093,0.7272727272727273,0.5,1.2437616281820922
1618,cicids2017_wed_c0,0.23144999999999993,-3.9000000000000004,56,0.6511627906976745,0.8,0.7179487179487181,1.2104709226369603
1619,cicids2017_fri_c0,0.23097500000000004,19.700000000000003,55,0.9117647058823529,0.8857142857142857,0.8985507246376812,1.286010908208291
1620,cicids2017_wed_c1,0.23050000000000004,-19.599999999999994,45,0.2857142857142857,0.5454545454545454,0.37499999999999994,1.2329746161189543
1621,cicids2017_tue_c0,0.23002500000000003,-5.400000000000001,56,0.7222222222222222,0.7428571428571429,0.732394366197183,1.2661302160936694
1622,cicids2017_fri_c0,0.22955000000000003,9.399999999999999,55,0.8285714285714286,0.8285714285714286,0.8285714285714286,1.223896201422672
1623,cicids2017_wed_c1,0.22907500000000003,-12.700000000000001,42,0.3333333333333333,0.8181818181818182,0.4736842105263157,1.212672576030808
1624,cicids2017_fri_c0,0.22860000000000003,-0.40000000000000124,58,0.7,0.8,0.7466666666666666,1.2211371348878917
1625,cicids2017_wed_c0,0.22812500000000002,8.899999999999997,57,0.7045454545454546,0.8857142857142857,0.7848101265822784,1.2953535116528643
1626,cicids2017_wed_c1,0.22765000000000013,-7.000000000000002,42,0.38461538461538464,0.9090909090909091,0.5405405405405405,1.3116511773641433
1627,cicids2017_wed_c0,0.22717500000000002,13.299999999999997,55,0.7272727272727273,0.9142857142857143,0.810126582278481,1.2815054358940323
1628,cicids2017_wed_c0,0.22670000000000012,4.799999999999999,51,0.6976744186046512,0.8571428571428571,0.7692307692307693,1.291384462789676
1629,cicids2017_tue_c0,0.226225,9.399999999999997,55,0.8285714285714286,0.8285714285714286,0.8285714285714286,1.2322197143486244
1630,cicids2017_fri_c0,0.22575000000000012,8.299999999999997,55,0.8055555555555556,0.8285714285714286,0.8169014084507044,1.2738950138959428
1631,cicids2017_wed_c0,0.225275,2.899999999999999,54,0.6666666666666666,0.8571428571428571,0.75,1.2601969263156265
1632,cicids2017_wed_c1,0.2248000000000001,-10.700000000000003,40,0.36,0.8181818181818182,0.5,1.2469867166605293
1633,cicids2017_fri_c0,0.224325,2.599999999999998,59,0.896551724137931,0.7428571428571429,0.8125,1.3439203438559195
1634,cicids2017_wed_c1,0.2238500000000001,-7.100000000000001,41,0.38461538461538464,0.9090909090909091,0.5405405405405405,1.2701052933086754
1635,cicids2017_tue_c0,0.223375,13.899999999999997,54,0.8571428571428571,0.8571428571428571,0.8571428571428571,1.2646413008255162
1636,cicids2017_wed_c0,0.2229000000000001,5.299999999999999,54,0.6595744680851063,0.8857142857142857,0.7560975609756098,1.2626213695165742
1637,cicids2017_fri_c0,0.22242499999999998,13.499999999999995,59,0.775,0.8857142857142857,0.8266666666666667,1.2502133173095167
1638,cicids2017_wed_c0,0.2219500000000001,-2.100000000000001,52,0.6829268292682927,0.8,0.736842105263158,1.2921889843036742
1639,cicids2017_fri_c0,0.22147499999999998,12.999999999999998,56,0.8333333333333334,0.8571428571428571,0.8450704225352113,1.2685794265659873
1640,cicids2017_tue_c0,0.22100000000000009,11.999999999999998,55,0.7560975609756098,0.8857142857142857,0.8157894736842105,1.266874810605749
1641,cicids2017_wed_c0,0.22052500000000008,20.70000000000001,50,0.8048780487804879,0.9428571428571428,0.868421052631579,1.2728506550124523
1642,cicids2017_fri_c0,0.22005000000000008,11.099999999999998,57,0.7380952380952381,0.8857142857142857,0.8051948051948051,1.2670789992114673
1643,cicids2017_tue_c0,0.21957500000000008,10.599999999999998,54,0.7894736842105263,0.8571428571428571,0.8219178082191781,1.2067121945304375
1644,cicids2017_wed_c0,0.21910000000000007,17.1,56,0.6938775510204082,0.9714285714285714,0.8095238095238094,1.2012004399366187
1645,cicids2017_fri_c0,0.21862500000000007,10.899999999999997,57,0.7894736842105263,0.8571428571428571,0.8219178082191781,1.1636014028817954
1646,cicids2017_tue_c0,0.21815000000000007,-5.300000000000001,57,0.7222222222222222,0.7428571428571429,0.732394366197183,1.204746249759196
1647,cicids2017_tue_c0,0.21767500000000006,24.900000000000002,57,0.8095238095238095,0.9714285714285714,0.8831168831168832,1.227637575758879
1648,cicids2017_wed_c0,0.21720000000000006,7.899999999999999,56,0.6530612244897959,0.9142857142857143,0.7619047619047618,1.2570627880760894
1649,cicids2017_wed_c1,0.21672500000000006,-5.8000000000000025,41,0.3793103448275862,1.0,0.5499999999999999,1.203510414954267
1650,cicids2017_wed_c1,0.21625000000000005,-8.5,38,0.37037037037037035,0.9090909090909091,0.5263157894736842,1.2597576671968629
1651,cicids2017_fri_c0,0.21577500000000005,5.499999999999998,58,0.6976744186046512,0.8571428571428571,0.7692307692307693,1.2851141867127984
1652,cicids2017_fri_c0,0.21530000000000005,17.4,52,0.8,0.9142857142857143,0.8533333333333333,1.2735131107994055
1653,cicids2017_fri_c0,0.21482500000000004,12.099999999999998,58,0.8108108108108109,0.8571428571428571,0.8333333333333334,1.2941385253394542
1654,cicids2017_wed_c0,0.21435000000000004,9.4,51,0.7209302325581395,0.8857142857142857,0.7948717948717948,1.2875127411847649
1655,cicids2017_fri_c0,0.21387500000000004,-1.8999999999999986,56,0.7297297297297297,0.7714285714285715,0.75,1.2613017263241892
1656,cicids2017_fri_c0,0.21340000000000003,10.899999999999997,57,0.7894736842105263,0.8571428571428571,0.8219178082191781,1.2940755872383058
1657,cicids2017_wed_c1,0.21292500000000003,-8.200000000000003,39,0.3548387096774194,1.0,0.5238095238095238,1.2862004137154157
1658,cicids2017_wed_c1,0.21245000000000003,-0.7000000000000038,39,0.5,0.9090909090909091,0.6451612903225806,1.3270021453775678
1659,cicids2017_wed_c1,0.21197500000000002,-2.4999999999999996,43,0.45454545454545453,0.9090909090909091,0.6060606060606061,1.2915099325680288
1660,cicids2017_tue_c0,0.21150000000000002,10.2,57,0.6808510638297872,0.9142857142857143,0.7804878048780487,1.227123825233083
1661,cicids2017_wed_c0,0.21102500000000002,-4.6000000000000005,58,0.6041666666666666,0.8285714285714286,0.6987951807228916,1.2968397442469353
1662,cicids2017_wed_c0,0.21055000000000013,10.2,57,0.6808510638297872,0.9142857142857143,0.7804878048780487,1.242397130500149
1663,cicids2017_fri_c0,0.210075,19.099999999999998,58,0.8205128205128205,0.9142857142857143,0.8648648648648648,1.2777977115289483
1664,cicids2017_wed_c0,0.20960000000000012,4.099999999999998,55,0.6818181818181818,0.8571428571428571,0.759493670886076,1.2345299518424968
1665,cicids2017_wed_c0,0.209125,15.800000000000004,56,0.717391304347826,0.9428571428571428,0.8148148148148148,1.2436812273458884
1666,cicids2017_tue_c0,0.2086500000000001,10.799999999999999,54,0.7380952380952381,0.8857142857142857,0.8051948051948051,1.2733025108041973
1667,cicids2017_wed_c1,0.208175,3.7999999999999954,38,0.55,1.0,0.7096774193548387,1.339620649983107
1668,cicids2017_wed_c0,0.2077000000000001,-11.700000000000001,57,0.5869565217391305,0.7714285714285715,0.6666666666666667,1.3090738615871278
1669,cicids2017_wed_c0,0.207225,-0.3999999999999999,54,0.625,0.8571428571428571,0.7228915662650602,1.3171539894479978
1670,cicids2017_wed_c0,0.2067500000000001,7.499999999999998,54,0.6888888888888889,0.8857142857142857,0.775,1.285970239206444
1671,cicids2017_wed_c1,0.206275,-10.800000000000006,43,0.4117647058823529,0.6363636363636364,0.5,1.2357040422405001
1672,cicids2017_wed_c0,0.2058000000000001,-3.5999999999999996,57,0.6170212765957447,0.8285714285714286,0.7073170731707318,1.318255385465439
1673,cicids2017_tue_c0,0.20532499999999998,13.200000000000003,56,0.775,0.8857142857142857,0.8266666666666667,1.306438639981717
1674,cicids2017_wed_c1,0.2048500000000001,-5.1,39,0.4166666666666667,0.9090909090909091,0.5714285714285715,1.3004650206228678
1675,cicids2017_wed_c0,0.20437499999999997,15.7,55,0.717391304347826,0.9428571428571428,0.8148148148148148,1.2340544042836372
1676,cicids2017_wed_c1,0.20390000000000008,-7.000000000000002,40,0.36666666666666664,1.0,0.5365853658536585,1.2697704785487434
1677,cicids2017_fri_c0,0.20342499999999997,8.399999999999995,56,0.8055555555555556,0.8285714285714286,0.8169014084507044,1.261919340876442
1678,cicids2017_tue_c0,0.20295000000000007,24.700000000000003,55,0.8095238095238095,0.9714285714285714,0.8831168831168832,1.2071129237304248
1679,cicids2017_wed_c1,0.20247499999999996,-12.1,39,0.36363636363636365,0.7272727272727273,0.4848484848484849,1.2628374085707208
1680,cicids2017_wed_c0,0.20200000000000007,7.199999999999999,58,0.6111111111111112,0.9428571428571428,0.7415730337078652,1.2307682728443259
1681,cicids2017_wed_c1,0.20152500000000007,-6.700000000000003,45,0.38461538461538464,0.9090909090909091,0.5405405405405405,1.2507166052776586
1682,cicids2017_fri_c0,0.20105000000000006,11.899999999999999,56,0.8108108108108109,0.8571428571428571,0.8333333333333334,1.2853400524494838
1683,cicids2017_fri_c0,0.20057500000000006,19.1,56,0.7674418604651163,0.9428571428571428,0.8461538461538461,1.2620365213701032
1684,cicids2017_wed_c1,0.20010000000000006,1.8999999999999977,41,0.5,1.0,0.6666666666666666,1.2538127795950018
1685,cicids2017_tue_c0,0.19962500000000005,26.100000000000012,58,0.8292682926829268,0.9714285714285714,0.8947368421052632,1.233357866401294
1686,cicids2017_wed_c0,0.19915000000000005,-0.19999999999999984,56,0.625,0.8571428571428571,0.7228915662650602,1.262327534944561
1687,cicids2017_tue_c0,0.19867500000000005,16.700000000000003,56,0.7804878048780488,0.9142857142857143,0.8421052631578947,1.183499156525722
1688,cicids2017_tue_c0,0.19820000000000004,8.799999999999995,58,0.75,0.8571428571428571,0.7999999999999999,1.2327433764489224
1689,cicids2017_wed_c1,0.19772500000000004,-9.900000000000002,35,0.35714285714285715,0.9090909090909091,0.5128205128205129,1.256782222253418
1690,cicids2017_fri_c0,0.19725000000000004,0.8000000000000007,59,0.717948717948718,0.8,0.7567567567567569,1.2924198470111248
1691,cicids2017_wed_c1,0.19677500000000003,-4.300000000000003,45,0.39285714285714285,1.0,0.5641025641025641,1.2582985444839978
1692,cicids2017_wed_c1,0.19630000000000003,-10.4,41,0.3448275862068966,0.9090909090909091,0.5000000000000001,1.2418678357132125
1693,cicids2017_wed_c0,0.19582500000000003,-2.6999999999999997,55,0.6304347826086957,0.8285714285714286,0.7160493827160495,1.196646104605087
1694,cicids2017_tue_c0,0.19535000000000002,8.499999999999998,55,0.75,0.8571428571428571,0.7999999999999999,1.272729077906589
1695,cicids2017_fri_c0,0.19487500000000002,11.399999999999999,58,0.6956521739130435,0.9142857142857143,0.7901234567901234,1.261479450702179
1696,cicids2017_wed_c0,0.19440000000000002,15.6,54,0.717391304347826,0.9428571428571428,0.8148148148148148,1.2368446745190735
1697,cicids2017_tue_c0,0.19392500000000001,17.400000000000006,54,0.8611111111111112,0.8857142857142857,0.8732394366197184,1.2134572938055301
1698,cicids2017_fri_c0,0.19345,14.199999999999996,57,0.8571428571428571,0.8571428571428571,0.8571428571428571,1.2200972468684719
1699,cicids2017_tue_c0,0.192975,16.6,55,0.7804878048780488,0.9142857142857143,0.8421052631578947,1.3137085198223633
1700,cicids2017_wed_c1,0.1925,-5.9,40,0.3793103448275862,1.0,0.5499999999999999,1.3523678674030681
1701,cicids2017_tue_c0,0.192025,25.900000000000006,54,0.7777777777777778,1.0,0.8750000000000001,1.2224245853815447
1702,cicids2017_fri_c0,0.1915500000000001,2.799999999999998,57,0.7567567567567568,0.8,0.7777777777777778,1.1836762643026997
1703,cicids2017_wed_c0,0.191075,-4.799999999999999,58,0.6363636363636364,0.8,0.7088607594936709,1.2149717804330749
1704,cicids2017_fri_c0,0.1906000000000001,15.5,57,0.8157894736842105,0.8857142857142857,0.8493150684931505,1.2495936403655954
1705,cicids2017_wed_c1,0.190125,1.7999999999999994,40,0.5,1.0,0.6666666666666666,1.199904187143136
1706,cicids2017_wed_c1,0.1896500000000001,-5.2,36,0.39285714285714285,1.0,0.5641025641025641,1.2223059817589703
1707,cicids2017_wed_c1,0.18917499999999998,0.8999999999999981,44,0.5263157894736842,0.9090909090909091,0.6666666666666666,1.2731157062267715
1708,cicids2017_wed_c1,0.1887000000000001,0.2999999999999998,36,0.4782608695652174,1.0,0.6470588235294118,1.2392553330206053
1709,cicids2017_fri_c0,0.18822499999999998,20.40000000000001,58,0.7857142857142857,0.9428571428571428,0.8571428571428571,1.2964440390251881
1710,cicids2017_fri_c0,0.18775000000000008,-3.6999999999999993,58,0.6511627906976745,0.8,0.7179487179487181,1.2420819346344691
1711,cicids2017_tue_c0,0.18727499999999997,20.200000000000003,54,0.7391304347826086,0.9714285714285714,0.8395061728395062,1.3089153366856487
1712,cicids2017_tue_c0,0.18680000000000008,20.30000000000001,57,0.7857142857142857,0.9428571428571428,0.8571428571428571,1.2770368288069605
1713,cicids2017_wed_c1,0.18632499999999996,-10.3,42,0.3448275862068966,0.9090909090909091,0.5000000000000001,1.319327002581515
1714,cicids2017_wed_c0,0.18585000000000007,4.099999999999999,55,0.6818181818181818,0.8571428571428571,0.759493670886076,1.1925143316269189
1715,cicids2017_wed_c0,0.18537499999999996,10.199999999999998,57,0.6808510638297872,0.9142857142857143,0.7804878048780487,1.2500658555882906
1716,cicids2017_wed_c1,0.18490000000000006,-9.5,41,0.375,0.8181818181818182,0.5142857142857142,1.1629545760008249
1717,cicids2017_wed_c0,0.18442499999999995,15.700000000000003,55,0.717391304347826,0.9428571428571428,0.8148148148148148,1.2651389532000994
1718,cicids2017_tue_c0,0.18395000000000006,17.5,53,0.8,0.9142857142857143,0.8533333333333333,1.221917755210399
1719,cicids2017_tue_c0,0.18347499999999994,13.099999999999998,57,0.8333333333333334,0.8571428571428571,0.8450704225352113,1.254267083120457
1720,cicids2017_wed_c0,0.18300000000000005,16.500000000000004,52,0.7333333333333333,0.9428571428571428,0.8250000000000001,1.3281041945258605
1721,cicids2017_fri_c0,0.18252500000000005,12.800000000000002,56,0.90625,0.8285714285714286,0.8656716417910447,1.2993843428103684
1722,cicids2017_wed_c0,0.18205000000000005,7.599999999999998,55,0.6888888888888889,0.8857142857142857,0.775,1.2456540577860982
1723,cicids2017_wed_c0,0.18157500000000004,6.299999999999999,53,0.6739130434782609,0.8857142857142857,0.7654320987654321,1.2647833881651414
1724,cicids2017_wed_c0,0.18110000000000004,12.199999999999998,55,0.7111111111111111,0.9142857142857143,0.8,1.298555733172727
1725,cicids2017_wed_c0,0.18062500000000004,11.2,54,0.66,0.9428571428571428,0.7764705882352942,1.2753472310655827
1726,cicids2017_wed_c1,0.18015000000000003,-1.8999999999999995,38,0.47619047619047616,0.9090909090909091,0.6249999999999999,1.303308274464471
1727,cicids2017_wed_c1,0.17967500000000003,-3.400000000000003,36,0.5,0.8181818181818182,0.6206896551724137,1.2702339553742517
1728,cicids2017_wed_c0,0.17920000000000003,9.099999999999998,57,0.6666666666666666,0.9142857142857143,0.7710843373493975,1.2739914355229098
1729,cicids2017_tue_c0,0.17872500000000002,22.30000000000001,55,0.825,0.9428571428571428,0.88,1.2705814553579333
1730,cicids2017_fri_c0,0.17825000000000002,1.6,56,0.7368421052631579,0.8,0.7671232876712328,1.2747687033084283
1731,cicids2017_wed_c1,0.17777500000000002,-8.399999999999999,41,0.391304347826087,0.8181818181818182,0.5294117647058824,1.2459123150836997
1732,cicids2017_wed_c1,0.1773,-14.7,42,0.30303030303030304,0.9090909090909091,0.45454545454545453,1.2282299954963949
1733,cicids2017_wed_c0,0.176825,-1.6,55,0.6444444444444445,0.8285714285714286,0.7250000000000001,1.2553993996270711
1734,cicids2017_wed_c1,0.17635,-9.9,44,0.3333333333333333,1.0,0.5,1.2072310967002342
1735,cicids2017_wed_c1,0.175875,-4.600000000000003,44,0.4166666666666667,0.9090909090909091,0.5714285714285715,1.245967492752076
1736,cicids2017_wed_c1,0.1754,-9.000000000000004,44,0.35714285714285715,0.9090909090909091,0.5128205128205129,1.2960468190610308
1737,cicids2017_wed_c0,0.174925,-3.5000000000000004,58,0.6170212765957447,0.8285714285714286,0.7073170731707318,1.2483398070746272
1738,cicids2017_fri_c0,0.17445,25.000000000000007,58,0.8095238095238095,0.9714285714285714,0.8831168831168832,1.2420879664556876
1739,cicids2017_fri_c0,0.173975,9.399999999999999,55,0.8285714285714286,0.8285714285714286,0.8285714285714286,1.2398399572159795
1740,cicids2017_fri_c0,0.1735,13.199999999999998,56,0.775,0.8857142857142857,0.8266666666666667,1.2366167071282514
1741,cicids2017_tue_c0,0.17302499999999998,10.999999999999998,56,0.7380952380952381,0.8857142857142857,0.8051948051948051,1.241689591122355
1742,cicids2017_wed_c0,0.1725500000000001,5.699999999999999,56,0.6274509803921569,0.9142857142857143,0.7441860465116279,1.2156668192511244
1743,cicids2017_tue_c0,0.17207499999999998,13.6,58,0.7272727272727273,0.9142857142857143,0.810126582278481,1.2498222544565347
1744,cicids2017_fri_c0,0.17160000000000009,8.699999999999998,57,0.75,0.8571428571428571,0.7999999999999999,1.248524614284676
1745,cicids2017_fri_c0,0.17112499999999997,6.399999999999999,58,0.7631578947368421,0.8285714285714286,0.7945205479452055,1.2351130027393946
1746,cicids2017_wed_c1,0.17065000000000008,-5.000000000000002,40,0.4166666666666667,0.9090909090909091,0.5714285714285715,1.2322933695011191
1747,cicids2017_wed_c1,0.17017499999999997,-13.200000000000001,46,0.3125,0.9090909090909091,0.4651162790697674,1.2330413554688846
1748,cicids2017_tue_c0,0.16970000000000007,16.6,55,0.7804878048780488,0.9142857142857143,0.8421052631578947,1.293569867219696
1749,cicids2017_wed_c1,0.16922499999999996,-7.100000000000001,39,0.36666666666666664,1.0,0.5365853658536585,1.2025993109973385
1750,cicids2017_wed_c0,0.16875000000000007,18.8,51,0.723404255319149,0.9714285714285714,0.8292682926829269,1.2329303555444715
1751,cicids2017_wed_c1,0.16827500000000006,1.599999999999997,38,0.5,1.0,0.6666666666666666,1.2338699107722235
1752,cicids2017_wed_c1,0.16780000000000006,-4.100000000000001,36,0.4074074074074074,1.0,0.5789473684210525,1.2283520271211406
1753,cicids2017_wed_c0,0.16732500000000006,15.700000000000003,53,0.68,0.9714285714285714,0.8,1.233539726353108
1754,cicids2017_tue_c0,0.16685000000000005,16.9,58,0.7804878048780488,0.9142857142857143,0.8421052631578947,1.2259209588475133
1755,cicids2017_wed_c0,0.16637500000000005,7.0,56,0.6111111111111112,0.9428571428571428,0.7415730337078652,1.2399766855184637
1756,cicids2017_tue_c0,0.16590000000000005,7.1999999999999975,53,0.7317073170731707,0.8571428571428571,0.7894736842105263,1.1922527742842952
1757,cicids2017_tue_c0,0.16542500000000004,6.899999999999999,52,0.7837837837837838,0.8285714285714286,0.8055555555555555,1.236449768725969
1758,cicids2017_wed_c0,0.16495000000000004,20.2,52,0.7,1.0,0.8235294117647058,1.2385963983129007
1759,cicids2017_wed_c0,0.16447500000000004,12.400000000000002,55,0.673469387755102,0.9428571428571428,0.7857142857142857,1.3264396432842542
1760,cicids2017_wed_c0,0.16400000000000003,4.799999999999999,51,0.6976744186046512,0.8571428571428571,0.7692307692307693,1.2123873895124866
1761,cicids2017_tue_c0,0.16352500000000014,23.300000000000004,54,0.8461538461538461,0.9428571428571428,0.8918918918918919,1.2367923373438823
1762,cicids2017_tue_c0,0.16305000000000003,23.500000000000004,56,0.8461538461538461,0.9428571428571428,0.8918918918918919,1.2361178514414166
1763,cicids2017_fri_c0,0.16257500000000014,11.2,58,0.7380952380952381,0.8857142857142857,0.8051948051948051,1.2113911467519571
1764,cicids2017_wed_c0,0.16210000000000002,15.999999999999998,56,0.68,0.9714285714285714,0.8,1.2466705990105014
1765,cicids2017_wed_c0,0.16162500000000013,7.799999999999999,55,0.6530612244897959,0.9142857142857143,0.7619047619047618,1.246258648699901
1766,cicids2017_wed_c1,0.16115000000000002,-1.799999999999999,37,0.44,1.0,0.6111111111111112,1.2782506537694576
1767,cicids2017_wed_c0,0.16067500000000012,6.899999999999999,57,0.64,0.9142857142857143,0.7529411764705883,1.2487075333990953
1768,cicids2017_tue_c0,0.1602,12.699999999999998,53,0.8333333333333334,0.8571428571428571,0.8450704225352113,1.2356128136692843
1769,cicids2017_fri_c0,0.15972500000000012,13.5,59,0.775,0.8857142857142857,0.8266666666666667,1.2180189055912292
1770,cicids2017_fri_c0,0.15925,13.299999999999997,57,0.775,0.8857142857142857,0.8266666666666667,1.2504934485877894
1771,cicids2017_tue_c0,0.1587750000000001,21.400000000000002,55,0.7555555555555555,0.9714285714285714,0.85,1.243921747268939
1772,cicids2017_tue_c0,0.1583,8.099999999999998,53,0.8055555555555556,0.8285714285714286,0.8169014084507044,1.2157317306036628
1773,cicids2017_tue_c0,0.1578250000000001,17.099999999999998,56,0.6938775510204082,0.9714285714285714,0.8095238095238094,1.1741446636154518
1774,cicids2017_tue_c0,0.15735,21.200000000000003,55,0.8048780487804879,0.9428571428571428,0.868421052631579,1.185639667626285
1775,cicids2017_wed_c1,0.1568750000000001,-10.000000000000002,43,0.3333333333333333,1.0,0.5,1.2036107564475804
1776,cicids2017_fri_c0,0.15639999999999998,9.899999999999995,58,0.7692307692307693,0.8571428571428571,0.8108108108108107,1.1841687570328743
1777,cicids2017_tue_c0,0.1559250000000001,0.7999999999999976,59,0.717948717948718,0.8,0.7567567567567569,1.2252689203795832
1778,cicids2017_fri_c0,0.15544999999999998,7.199999999999996,57,0.8484848484848485,0.8,0.823529411764706,1.189224690612137
1779,cicids2017_tue_c0,0.15497500000000008,12.3,58,0.7560975609756098,0.8857142857142857,0.8157894736842105,1.2295588717411112
1780,cicids2017_wed_c0,0.15450000000000008,3.6999999999999993,58,0.6037735849056604,0.9142857142857143,0.7272727272727272,1.2763856540155407
1781,cicids2017_fri_c0,0.15402500000000008,-16.700000000000003,57,0.631578947368421,0.6857142857142857,0.6575342465753424,1.198587978013603
1782,cicids2017_tue_c0,0.15355000000000008,16.900000000000002,56,0.7333333333333333,0.9428571428571428,0.8250000000000001,1.2416768768194189
1783,cicids2017_fri_c0,0.15307500000000007,17.899999999999995,57,0.8,0.9142857142857143,0.8533333333333333,1.2460879468348942
1784,cicids2017_wed_c1,0.15260000000000007,-4.799999999999999,40,0.39285714285714285,1.0,0.5641025641025641,1.220501025284337
1785,cicids2017_wed_c0,0.15212500000000007,4.299999999999999,55,0.6458333333333334,0.8857142857142857,0.7469879518072288,1.2802066160249068
1786,cicids2017_fri_c0,0.15165000000000006,21.2,57,0.8648648648648649,0.9142857142857143,0.888888888888889,1.223978896163049
1787,cicids2017_fri_c0,0.15117500000000006,12.399999999999997,59,0.7560975609756098,0.8857142857142857,0.8157894736842105,1.2587474047044263
1788,cicids2017_fri_c0,0.15070000000000006,22.6,58,0.825,0.9428571428571428,0.88,1.2627871657726326
1789,cicids2017_tue_c0,0.15022500000000005,-4.600000000000003,53,0.7428571428571429,0.7428571428571429,0.7428571428571429,1.2290242459228389
1790,cicids2017_wed_c1,0.14975000000000005,-3.6000000000000005,34,0.5,0.8181818181818182,0.6206896551724137,1.2362313140529195
1791,cicids2017_wed_c0,0.14927500000000005,13.599999999999998,56,0.6875,0.9428571428571428,0.7951807228915663,1.275305092340994
1792,cicids2017_wed_c1,0.14880000000000004,-15.0,39,0.30303030303030304,0.9090909090909091,0.45454545454545453,1.246140513303768
1793,cicids2017_tue_c0,0.14832500000000004,19.200000000000003,55,0.723404255319149,0.9714285714285714,0.8292682926829269,1.2674363250568599
1794,cicids2017_tue_c0,0.14785000000000004,1.899999999999999,55,0.6521739130434783,0.8571428571428571,0.7407407407407407,1.2253922302687255
1795,cicids2017_tue_c0,0.14737500000000003,13.199999999999998,56,0.775,0.8857142857142857,0.8266666666666667,1.2637702953382315
1796,cicids2017_fri_c0,0.14690000000000003,14.600000000000001,59,0.7948717948717948,0.8857142857142857,0.8378378378378378,1.193417998910782
1797,cicids2017_wed_c1,0.14642500000000003,-2.6000000000000023,42,0.45454545454545453,0.9090909090909091,0.6060606060606061,1.199656923698124
1798,cicids2017_fri_c0,0.14595000000000002,12.999999999999998,54,0.775,0.8857142857142857,0.8266666666666667,1.1909573146746462
1799,cicids2017_tue_c0,0.14547500000000002,16.600000000000005,57,0.8378378378378378,0.8857142857142857,0.8611111111111112,1.2929758763749666
1800,cicids2017_wed_c0,0.14500000000000002,14.799999999999999,55,0.6666666666666666,0.9714285714285714,0.7906976744186046,1.2193148254651345
1801,cicids2017_fri_c0,0.14452500000000013,16.799999999999997,57,0.7804878048780488,0.9142857142857143,0.8421052631578947,1.211129516061096
1802,cicids2017_tue_c0,0.14405,21.20000000000001,55,0.8048780487804879,0.9428571428571428,0.868421052631579,1.2561417535409078
1803,cicids2017_tue_c0,0.14357500000000012,22.4,54,0.7727272727272727,0.9714285714285714,0.8607594936708862,1.291544593008884
1804,cicids2017_tue_c0,0.1431,16.800000000000004,57,0.7804878048780488,0.9142857142857143,0.8421052631578947,1.3367508225332028
1805,cicids2017_fri_c0,0.1426250000000001,15.100000000000005,55,0.8823529411764706,0.8571428571428571,0.8695652173913043,1.3188876717497044
1806,cicids2017_fri_c0,0.14215,-6.500000000000002,58,0.7575757575757576,0.7142857142857143,0.7352941176470589,1.2405949404101342
1807,cicids2017_fri_c0,0.1416750000000001,17.9,57,0.8,0.9142857142857143,0.8533333333333333,1.2455224692345117
1808,cicids2017_tue_c0,0.1412,21.6,50,0.8888888888888888,0.9142857142857143,0.9014084507042254,1.2736444441432075
1809,cicids2017_fri_c0,0.1407250000000001,13.2,56,0.775,0.8857142857142857,0.8266666666666667,1.2399661449384676
1810,cicids2017_wed_c1,0.14024999999999999,-5.0000000000000036,38,0.39285714285714285,1.0,0.5641025641025641,1.2720421721428539
1811,cicids2017_fri_c0,0.1397750000000001,21.10000000000001,56,0.8648648648648649,0.9142857142857143,0.888888888888889,1.2948188294815555
1812,cicids2017_wed_c0,0.13929999999999998,10.1,54,0.6470588235294118,0.9428571428571428,0.7674418604651163,1.233707753228249
1813,cicids2017_wed_c0,0.1388250000000001,5.300000000000001,54,0.6595744680851063,0.8857142857142857,0.7560975609756098,1.2484144603799099
1814,cicids2017_tue_c0,0.13834999999999997,6.199999999999996,56,0.7631578947368421,0.8285714285714286,0.7945205479452055,1.2832956212200155
1815,cicids2017_wed_c1,0.13787500000000008,-7.6,40,0.4444444444444444,0.7272727272727273,0.5517241379310345,1.2724353560900517
1816,cicids2017_fri_c0,0.13739999999999997,9.499999999999996,56,0.8285714285714286,0.8285714285714286,0.8285714285714286,1.2685320983793262
1817,cicids2017_fri_c0,0.13692500000000007,12.199999999999998,57,0.7560975609756098,0.8857142857142857,0.8157894736842105,1.281514323908997
1818,cicids2017_tue_c0,0.13644999999999996,-6.3000000000000025,58,0.7027027027027027,0.7428571428571429,0.7222222222222223,1.2445307260255405
1819,cicids2017_fri_c0,0.13597500000000007,19.199999999999996,59,0.8205128205128205,0.9142857142857143,0.8648648648648648,1.3133483436575621
1820,cicids2017_tue_c0,0.13550000000000006,25.60000000000001,53,0.8292682926829268,0.9714285714285714,0.8947368421052632,1.2088080140496595
1821,cicids2017_tue_c0,0.13502500000000006,11.100000000000007,57,0.7380952380952381,0.8857142857142857,0.8051948051948051,1.2374278304996915
1822,cicids2017_wed_c1,0.13455000000000006,-6.900000000000002,41,0.36666666666666664,1.0,0.5365853658536585,1.329605556310459
1823,cicids2017_tue_c0,0.13407500000000006,15.100000000000001,51,0.7619047619047619,0.9142857142857143,0.8311688311688312,1.2078028107751533
1824,cicids2017_wed_c1,0.13360000000000005,-6.0,41,0.4,0.9090909090909091,0.5555555555555556,1.2321744233200866
1825,cicids2017_wed_c1,0.13312500000000005,-3.3000000000000003,35,0.45454545454545453,0.9090909090909091,0.6060606060606061,1.2998301964365662
1826,cicids2017_wed_c1,0.13265000000000005,-10.5,42,0.36,0.8181818181818182,0.5,1.244593789788625
1827,cicids2017_fri_c0,0.13217500000000004,1.3999999999999968,56,0.7941176470588235,0.7714285714285715,0.782608695652174,1.239882910675004
1828,cicids2017_wed_c1,0.13170000000000004,-16.299999999999997,39,0.3,0.8181818181818182,0.43902439024390244,1.2484009463280972
1829,cicids2017_wed_c0,0.13122500000000004,17.9,53,0.7083333333333334,0.9714285714285714,0.8192771084337349,1.2142998513262544
1830,cicids2017_wed_c1,0.13075000000000003,-4.0,37,0.4074074074074074,1.0,0.5789473684210525,1.3037390109860263
1831,cicids2017_tue_c0,0.13027500000000003,2.5999999999999996,55,0.7567567567567568,0.8,0.7777777777777778,1.239988471921705
1832,cicids2017_wed_c1,0.12980000000000003,-6.800000000000001,44,0.38461538461538464,0.9090909090909091,0.5405405405405405,1.227942401997878
1833,cicids2017_wed_c0,0.12932500000000002,1.7999999999999994,54,0.6521739130434783,0.8571428571428571,0.7407407407407407,1.2060221994916023
1834,cicids2017_fri_c0,0.12885000000000002,13.3,57,0.775,0.8857142857142857,0.8266666666666667,1.299702574662416
1835,cicids2017_tue_c0,0.12837500000000002,20.100000000000005,55,0.7857142857142857,0.9428571428571428,0.8571428571428571,1.2326071998719201
1836,cicids2017_fri_c0,0.1279,15.699999999999996,57,0.7619047619047619,0.9142857142857143,0.8311688311688312,1.2559177487109408
1837,cicids2017_wed_c1,0.127425,-4.0000000000000036,37,0.4074074074074074,1.0,0.5789473684210525,1.2181003814003004
1838,cicids2017_tue_c0,0.12695,11.299999999999999,57,0.6956521739130435,0.9142857142857143,0.7901234567901234,1.2689005540296279
1839,cicids2017_fri_c0,0.126475,24.3,53,0.868421052631579,0.9428571428571428,0.904109589041096,1.2595174685939183
1840,cicids2017_wed_c0,0.126,12.600000000000001,55,0.6415094339622641,0.9714285714285714,0.7727272727272727,1.2741134023776166
1841,cicids2017_tue_c0,0.1255250000000001,19.200000000000006,57,0.7674418604651163,0.9428571428571428,0.8461538461538461,1.250484115485566
1842,cicids2017_fri_c0,0.12505,-7.799999999999999,56,0.7352941176470589,0.7142857142857143,0.7246376811594202,1.2652205666622556
1843,cicids2017_wed_c1,0.1245750000000001,-2.9,37,0.4230769230769231,1.0,0.5945945945945945,1.2148659822301666
1844,cicids2017_wed_c1,0.12409999999999999,-11.4,44,0.34615384615384615,0.8181818181818182,0.4864864864864865,1.2383669451024981
1845,cicids2017_wed_c0,0.1236250000000001,10.799999999999999,52,0.6956521739130435,0.9142857142857143,0.7901234567901234,1.2283910921174508
1846,cicids2017_wed_c0,0.12314999999999998,1.1999999999999993,57,0.6078431372549019,0.8857142857142857,0.7209302325581395,1.2718822264399114
1847,cicids2017_tue_c0,0.12267500000000009,23.500000000000007,56,0.8461538461538461,0.9428571428571428,0.8918918918918919,1.295350593634575
1848,cicids2017_wed_c0,0.12219999999999998,5.799999999999999,57,0.6274509803921569,0.9142857142857143,0.7441860465116279,1.1899266298277837
1849,cicids2017_wed_c0,0.12172500000000008,8.699999999999998,55,0.7045454545454546,0.8857142857142857,0.7848101265822784,1.2749816892747996
1850,cicids2017_fri_c0,0.12124999999999997,6.099999999999998,55,0.7631578947368421,0.8285714285714286,0.7945205479452055,1.2765116523722786
1851,cicids2017_fri_c0,0.12077500000000008,19.1,56,0.7674418604651163,0.9428571428571428,0.8461538461538461,1.2416150242619086
1852,cicids2017_tue_c0,0.12029999999999996,9.299999999999997,54,0.8285714285714286,0.8285714285714286,0.8285714285714286,1.198545472570981
1853,cicids2017_tue_c0,0.11982500000000007,19.000000000000014,57,0.8205128205128205,0.9142857142857143,0.8648648648648648,1.206456682469096
1854,cicids2017_fri_c0,0.11934999999999996,14.599999999999994,57,0.7441860465116279,0.9142857142857143,0.8205128205128205,1.2296169431323114
1855,cicids2017_fri_c0,0.11887500000000006,21.400000000000006,57,0.8048780487804879,0.9428571428571428,0.868421052631579,1.2066680822686082
1856,cicids2017_wed_c1,0.11839999999999995,-14.8,43,0.3103448275862069,0.8181818181818182,0.45000000000000007,1.2209072355145947
1857,cicids2017_tue_c0,0.11792500000000006,17.000000000000007,57,0.7333333333333333,0.9428571428571428,0.8250000000000001,1.1404095203083324
1858,cicids2017_wed_c0,0.11744999999999994,7.499999999999998,54,0.6888888888888889,0.8857142857142857,0.775,1.1792940200557152
1859,cicids2017_wed_c0,0.11697500000000005,8.300000000000002,58,0.6226415094339622,0.9428571428571428,0.7500000000000001,1.1426774500284445
1860,cicids2017_wed_c0,0.11650000000000005,13.299999999999999,53,0.6875,0.9428571428571428,0.7951807228915663,1.2300160132838254
1861,cicids2017_wed_c0,0.11602500000000004,18.200000000000003,54,0.6730769230769231,1.0,0.8045977011494253,1.1561804365110664
1862,cicids2017_tue_c0,0.11555000000000004,27.900000000000006,54,0.8717948717948718,0.9714285714285714,0.9189189189189189,1.1872766499395355
1863,cicids2017_wed_c1,0.11507500000000004,2.299999999999997,34,0.5238095238095238,1.0,0.6875000000000001,1.21237220580957
1864,cicids2017_tue_c0,0.11460000000000004,29.60000000000002,58,0.8333333333333334,1.0,0.9090909090909091,1.2030426851144935
1865,cicids2017_wed_c1,0.11412500000000003,-3.3999999999999986,36,0.5,0.8181818181818182,0.6206896551724137,1.2422081390618316
1866,cicids2017_tue_c0,0.11365000000000003,5.299999999999997,58,0.7435897435897436,0.8285714285714286,0.7837837837837838,1.2562902899711725
1867,cicids2017_fri_c0,0.11317500000000003,20.599999999999994,58,0.7391304347826086,0.9714285714285714,0.8395061728395062,1.2689722368780452
1868,cicids2017_wed_c1,0.11270000000000002,1.299999999999998,46,0.4782608695652174,1.0,0.6470588235294118,1.2615456764438304
1869,cicids2017_fri_c0,0.11222500000000002,19.4,59,0.7674418604651163,0.9428571428571428,0.8461538461538461,1.2382142362113573
1870,cicids2017_wed_c1,0.11175000000000002,-3.400000000000003,43,0.4074074074074074,1.0,0.5789473684210525,1.2168129454032124
1871,cicids2017_fri_c0,0.11127500000000001,24.5,55,0.868421052631579,0.9428571428571428,0.904109589041096,1.2221090510183832
1872,cicids2017_fri_c0,0.11080000000000001,20.099999999999994,57,0.8421052631578947,0.9142857142857143,0.8767123287671234,1.2372912693640905
1873,cicids2017_wed_c0,0.110325,8.2,57,0.6226415094339622,0.9428571428571428,0.7500000000000001,1.2400119678862735
1874,cicids2017_wed_c1,0.10985,0.4999999999999989,40,0.5263157894736842,0.9090909090909091,0.6666666666666666,1.3108679474580405
1875,cicids2017_tue_c0,0.109375,17.099999999999998,58,0.7333333333333333,0.9428571428571428,0.8250000000000001,1.2543033748468324
1876,cicids2017_fri_c0,0.10890000000000011,16.999999999999993,57,0.7333333333333333,0.9428571428571428,0.8250000000000001,1.2535978044662128
1877,cicids2017_fri_c0,0.108425,23.7,56,0.7906976744186046,0.9714285714285714,0.8717948717948717,1.331474542520976
1878,cicids2017_wed_c1,0.1079500000000001,-3.600000000000002,41,0.4074074074074074,1.0,0.5789473684210525,1.298032907821786
1879,cicids2017_wed_c0,0.10747499999999999,18.1,53,0.6730769230769231,1.0,0.8045977011494253,1.304707738113423
1880,cicids2017_fri_c0,0.1070000000000001,23.80000000000001,59,0.8461538461538461,0.9428571428571428,0.8918918918918919,1.2850902250057907
1881,cicids2017_tue_c0,0.10652500000000009,24.80000000000001,56,0.8095238095238095,0.9714285714285714,0.8831168831168832,1.2868746417624681
1882,cicids2017_tue_c0,0.10605000000000009,23.200000000000003,53,0.8461538461538461,0.9428571428571428,0.8918918918918919,1.2545766217371814
1883,cicids2017_fri_c0,0.10557500000000009,19.099999999999994,58,0.8205128205128205,0.9142857142857143,0.8648648648648648,1.2705844519247746
1884,cicids2017_wed_c1,0.10510000000000008,-2.8999999999999986,37,0.4230769230769231,1.0,0.5945945945945945,1.2789320036253244
1885,cicids2017_wed_c0,0.10462500000000008,20.400000000000006,54,0.7,1.0,0.8235294117647058,1.2637748229313817
1886,cicids2017_fri_c0,0.10415000000000008,23.6,55,0.7906976744186046,0.9714285714285714,0.8717948717948717,1.283508491795772
1887,cicids2017_wed_c0,0.10367500000000007,16.0,56,0.68,0.9714285714285714,0.8,1.2969961597801851
1888,cicids2017_tue_c0,0.10320000000000007,20.10000000000001,57,0.8421052631578947,0.9142857142857143,0.8767123287671234,1.2789697596842442
1889,cicids2017_fri_c0,0.10272500000000007,8.399999999999997,56,0.8055555555555556,0.8285714285714286,0.8169014084507044,1.2857624220543105
1890,cicids2017_tue_c0,0.10225000000000006,16.9,56,0.7333333333333333,0.9428571428571428,0.8250000000000001,1.3084761678890473
1891,cicids2017_fri_c0,0.10177500000000006,21.500000000000007,58,0.8048780487804879,0.9428571428571428,0.868421052631579,1.2924072901987689
1892,cicids2017_fri_c0,0.10130000000000006,6.399999999999997,58,0.7631578947368421,0.8285714285714286,0.7945205479452055,1.2683726135642104
1893,cicids2017_wed_c1,0.10082500000000005,1.6999999999999984,39,0.5,1.0,0.6666666666666666,1.28539062898767
1894,cicids2017_wed_c0,0.10035000000000005,7.199999999999999,51,0.6888888888888889,0.8857142857142857,0.775,1.2035146437456474
1895,cicids2017_fri_c0,0.09987500000000005,21.5,58,0.8048780487804879,0.9428571428571428,0.868421052631579,1.1851884602928473
1896,cicids2017_wed_c1,0.09940000000000004,-5.200000000000001,38,0.4166666666666667,0.9090909090909091,0.5714285714285715,1.2443395195039453
1897,cicids2017_wed_c0,0.09892500000000004,4.699999999999999,57,0.6153846153846154,0.9142857142857143,0.7356321839080461,1.2103142078491995
1898,cicids2017_wed_c1,0.09845000000000004,-5.1,37,0.39285714285714285,1.0,0.5641025641025641,1.3062002850130903
1899,cicids2017_wed_c0,0.09797500000000003,10.2,55,0.6470588235294118,0.9428571428571428,0.7674418604651163,1.2519312654063384
1900,cicids2017_tue_c0,0.09750000000000003,24.500000000000014,55,0.868421052631579,0.9428571428571428,0.904109589041096,1.2072143781034248
1901,cicids2017_wed_c0,0.09702500000000003,14.100000000000001,57,0.625,1.0,0.7692307692307693,1.175526346699746
1902,cicids2017_wed_c0,0.09655000000000014,22.60000000000001,54,0.7291666666666666,1.0,0.8433734939759037,1.2754504800824227
1903,cicids2017_wed_c0,0.09607500000000002,12.599999999999998,57,0.673469387755102,0.9428571428571428,0.7857142857142857,1.2685836951486344
1904,cicids2017_fri_c0,0.09560000000000013,4.9999999999999964,57,0.8,0.8,0.8000000000000002,1.2655649836749943
1905,cicids2017_tue_c0,0.09512500000000002,22.300000000000004,55,0.825,0.9428571428571428,0.88,1.2479291465802935
1906,cicids2017_fri_c0,0.09465000000000012,16.9,58,0.7804878048780488,0.9142857142857143,0.8421052631578947,1.3021065518459438
1907,cicids2017_tue_c0,0.09417500000000001,17.6,52,0.75,0.9428571428571428,0.8354430379746834,1.2892391206273288
1908,cicids2017_fri_c0,0.09370000000000012,8.399999999999997,56,0.8055555555555556,0.8285714285714286,0.8169014084507044,1.289967243878742
1909,cicids2017_fri_c0,0.093225,27.0,56,0.85,0.9714285714285714,0.9066666666666667,1.2550375682906363
1910,cicids2017_wed_c1,0.09275000000000011,0.9999999999999956,45,0.5263157894736842,0.9090909090909091,0.6666666666666666,1.2443630452149252
1911,cicids2017_fri_c0,0.092275,15.299999999999997,57,0.8823529411764706,0.8571428571428571,0.8695652173913043,1.198790368838904
1912,cicids2017_wed_c1,0.0918000000000001,0.7999999999999955,41,0.4782608695652174,1.0,0.6470588235294118,1.2568976056523458
1913,cicids2017_fri_c0,0.09132499999999999,30.700000000000006,58,0.8536585365853658,1.0,0.9210526315789475,1.3350918447869398
1914,cicids2017_wed_c1,0.0908500000000001,-0.7000000000000012,39,0.5,0.9090909090909091,0.6451612903225806,1.3031050577303687
1915,cicids2017_tue_c0,0.09037499999999998,16.000000000000007,58,0.717391304347826,0.9428571428571428,0.8148148148148148,1.2774276060560625
1916,cicids2017_wed_c0,0.08990000000000009,10.7,58,0.6181818181818182,0.9714285714285714,0.7555555555555554,1.3014944599461211
1917,cicids2017_tue_c0,0.08942499999999998,28.100000000000012,56,0.8717948717948718,0.9714285714285714,0.9189189189189189,1.243930088174849
1918,cicids2017_tue_c0,0.08895000000000008,14.200000000000001,55,0.7948717948717948,0.8857142857142857,0.8378378378378378,1.3031362386836394
1919,cicids2017_tue_c0,0.08847499999999997,21.700000000000003,58,0.7555555555555555,0.9714285714285714,0.85,1.2448406506860679
1920,cicids2017_wed_c0,0.08800000000000008,8.9,55,0.6666666666666666,0.9142857142857143,0.7710843373493975,1.2362652821046423
1921,cicids2017_tue_c0,0.08752500000000007,13.100000000000005,55,0.775,0.8857142857142857,0.8266666666666667,1.3295273134745345
1922,cicids2017_wed_c0,0.08705000000000007,14.0,58,0.6538461538461539,0.9714285714285714,0.7816091954022988,1.2965925197711337
1923,cicids2017_wed_c1,0.08657500000000007,-2.600000000000004,40,0.4230769230769231,1.0,0.5945945945945945,1.290031708355972
1924,cicids2017_tue_c0,0.08610000000000007,-7.700000000000003,55,0.6842105263157895,0.7428571428571429,0.7123287671232877,1.3114391345988918
1925,cicids2017_tue_c0,0.08562500000000006,23.5,56,0.8461538461538461,0.9428571428571428,0.8918918918918919,1.3141536083723604
1926,cicids2017_fri_c0,0.08515000000000006,4.799999999999997,57,0.8709677419354839,0.7714285714285715,0.8181818181818182,1.4217810299135705
1927,cicids2017_tue_c0,0.08467500000000006,22.000000000000007,52,0.825,0.9428571428571428,0.88,1.3283092029856103
1928,cicids2017_fri_c0,0.08420000000000005,29.400000000000006,58,0.8947368421052632,0.9714285714285714,0.9315068493150684,1.1855142216066386
1929,cicids2017_fri_c0,0.08372500000000005,2.3999999999999986,55,0.8181818181818182,0.7714285714285715,0.7941176470588236,1.1833313249506936
1930,cicids2017_wed_c1,0.08325000000000005,-5.2,38,0.4166666666666667,0.9090909090909091,0.5714285714285715,1.2899905225354196
1931,cicids2017_fri_c0,0.08277500000000004,22.60000000000001,58,0.825,0.9428571428571428,0.88,1.2373233237819738
1932,cicids2017_tue_c0,0.08230000000000004,15.200000000000003,54,0.8157894736842105,0.8857142857142857,0.8493150684931505,1.2273717531802408
1933,cicids2017_wed_c1,0.08182500000000004,1.5,41,0.6428571428571429,0.8181818181818182,0.7200000000000001,1.2707457065048517
1934,cicids2017_wed_c1,0.08135000000000003,-13.5,45,0.32142857142857145,0.8181818181818182,0.46153846153846156,1.2408199235891482
1935,cicids2017_fri_c0,0.08087500000000003,16.900000000000006,58,0.7804878048780488,0.9142857142857143,0.8421052631578947,1.271344094879773
1936,cicids2017_fri_c0,0.08040000000000003,26.2,57,0.7777777777777778,1.0,0.8750000000000001,1.2847044673050214
1937,cicids2017_tue_c0,0.07992500000000002,25.00000000000002,58,0.8095238095238095,0.9714285714285714,0.8831168831168832,1.284219254216738
1938,cicids2017_wed_c0,0.07945000000000002,20.5,55,0.7,1.0,0.8235294117647058,1.2810511954359263
1939,cicids2017_wed_c1,0.07897500000000002,1.4999999999999973,37,0.5,1.0,0.6666666666666666,1.2623364333139575
1940,cicids2017_fri_c0,0.07850000000000001,18.799999999999997,55,0.8205128205128205,0.9142857142857143,0.8648648648648648,1.2939239596527363
1941,cicids2017_fri_c0,0.07802500000000001,14.299999999999997,58,0.8571428571428571,0.8571428571428571,0.8571428571428571,1.3467557993908448
1942,cicids2017_tue_c0,0.07755000000000012,28.000000000000007,53,0.813953488372093,1.0,0.8974358974358974,1.312533600308046
1943,cicids2017_wed_c1,0.077075,-10.500000000000002,40,0.3448275862068966,0.9090909090909091,0.5000000000000001,1.2651345982376232
1944,cicids2017_fri_c0,0.07660000000000011,21.400000000000006,57,0.8048780487804879,0.9428571428571428,0.868421052631579,1.2786669728299485
1945,cicids2017_tue_c0,0.076125,26.900000000000013,55,0.85,0.9714285714285714,0.9066666666666667,1.2524731482263465
1946,cicids2017_fri_c0,0.0756500000000001,18.199999999999996,58,0.75,0.9428571428571428,0.8354430379746834,1.2220581647649698
1947,cicids2017_fri_c0,0.07517499999999999,12.999999999999996,56,0.8333333333333334,0.8571428571428571,0.8450704225352113,1.248573483818886
1948,cicids2017_wed_c1,0.0747000000000001,-1.4999999999999996,35,0.6666666666666666,0.7272727272727273,0.6956521739130435,1.205897083010054
1949,cicids2017_fri_c0,0.07422499999999999,16.599999999999998,57,0.8378378378378378,0.8857142857142857,0.8611111111111112,1.2525039668225624
1950,cicids2017_tue_c0,0.0737500000000001,29.20000000000001,54,0.8333333333333334,1.0,0.9090909090909091,1.2056930438321205
1951,cicids2017_wed_c1,0.07327499999999998,-2.500000000000001,41,0.4230769230769231,1.0,0.5945945945945945,1.2907625756008083
1952,cicids2017_wed_c0,0.07280000000000009,10.6,57,0.6181818181818182,0.9714285714285714,0.7555555555555554,1.2539267737923263
1953,cicids2017_fri_c0,0.07232499999999997,18.699999999999996,56,0.8857142857142857,0.8857142857142857,0.8857142857142857,1.329902226704851
1954,cicids2017_tue_c0,0.07185000000000008,14.300000000000004,54,0.7441860465116279,0.9142857142857143,0.8205128205128205,1.2763177801289933
1955,cicids2017_wed_c1,0.07137499999999997,-4.000000000000003,39,0.43478260869565216,0.9090909090909091,0.5882352941176471,1.2244306998841625
1956,cicids2017_tue_c0,0.07090000000000007,25.900000000000013,56,0.8292682926829268,0.9714285714285714,0.8947368421052632,1.292067116851038
1957,cicids2017_wed_c0,0.07042499999999996,4.6,56,0.6153846153846154,0.9142857142857143,0.7356321839080461,1.246875413068919
1958,cicids2017_wed_c0,0.06995000000000007,19.400000000000006,55,0.6862745098039216,1.0,0.813953488372093,1.2906274593840528
1959,cicids2017_wed_c0,0.06947499999999995,21.200000000000003,51,0.7142857142857143,1.0,0.8333333333333333,1.3686610078203023
1960,cicids2017_fri_c0,0.06900000000000006,15.5,57,0.8157894736842105,0.8857142857142857,0.8493150684931505,1.227715480760701
1961,cicids2017_wed_c1,0.06852500000000006,-7.800000000000001,43,0.3548387096774194,1.0,0.5238095238095238,1.375967390445009
1962,cicids2017_wed_c1,0.06805000000000005,-3.700000000000002,40,0.4074074074074074,1.0,0.5789473684210525,1.288731340063253
1963,cicids2017_fri_c0,0.06757500000000005,26.000000000000007,57,0.8292682926829268,0.9714285714285714,0.8947368421052632,1.3053008275273204
1964,cicids2017_wed_c1,0.06710000000000005,-3.9000000000000017,38,0.4074074074074074,1.0,0.5789473684210525,1.286557558587457
1965,cicids2017_wed_c1,0.06662500000000005,-6.8000000000000025,35,0.42857142857142855,0.8181818181818182,0.5625,1.2783535746312051
1966,cicids2017_wed_c0,0.06615000000000004,17.2,55,0.660377358490566,1.0,0.7954545454545454,1.3530819067886932
1967,cicids2017_tue_c0,0.06567500000000004,27.900000000000006,52,0.813953488372093,1.0,0.8974358974358974,1.312751922312972
1968,cicids2017_tue_c0,0.06520000000000004,22.700000000000003,55,0.7291666666666666,1.0,0.8433734939759037,1.2868191467933885
1969,cicids2017_wed_c1,0.06472500000000003,-6.700000000000001,43,0.36666666666666664,1.0,0.5365853658536585,1.204629205072495
1970,cicids2017_fri_c0,0.06425000000000003,22.0,54,0.8888888888888888,0.9142857142857143,0.9014084507042254,1.2325500334097432
1971,cicids2017_wed_c1,0.06377500000000003,-0.9000000000000017,35,0.4583333333333333,1.0,0.6285714285714286,1.2213060351366434
1972,cicids2017_wed_c1,0.06330000000000002,-7.900000000000001,42,0.3548387096774194,1.0,0.5238095238095238,1.2430645871740003
1973,cicids2017_wed_c0,0.06282500000000002,9.999999999999998,55,0.6808510638297872,0.9142857142857143,0.7804878048780487,1.215701387094389
1974,cicids2017_tue_c0,0.062350000000000017,25.3,50,0.8292682926829268,0.9714285714285714,0.8947368421052632,1.2062672835516868
1975,cicids2017_wed_c0,0.06187500000000001,10.6,57,0.6181818181818182,0.9714285714285714,0.7555555555555554,1.2253286751638988
1976,cicids2017_fri_c0,0.06140000000000001,16.4,55,0.8378378378378378,0.8857142857142857,0.8611111111111112,1.2475907547282412
1977,cicids2017_wed_c1,0.06092500000000001,-9.200000000000003,44,0.375,0.8181818181818182,0.5142857142857142,1.323777419193258
1978,cicids2017_tue_c0,0.060450000000000004,25.40000000000001,51,0.8292682926829268,0.9714285714285714,0.8947368421052632,1.2497962631337203
1979,cicids2017_fri_c0,0.059975,12.299999999999997,58,0.7560975609756098,0.8857142857142857,0.8157894736842105,1.2667285002435833
1980,cicids2017_wed_c1,0.0595,-1.8000000000000012,37,0.44,1.0,0.6111111111111112,1.2688555211658947
1981,cicids2017_wed_c0,0.059024999999999994,14.8,55,0.6666666666666666,0.9714285714285714,0.7906976744186046,1.271240291984921
1982,cicids2017_wed_c0,0.0585500000000001,13.899999999999997,57,0.6538461538461539,0.9714285714285714,0.7816091954022988,1.2864291632168814
1983,cicids2017_fri_c0,0.05807499999999999,13.600000000000001,58,0.7272727272727273,0.9142857142857143,0.810126582278481,1.2685335508525968
1984,cicids2017_wed_c1,0.057600000000000096,-3.4000000000000012,32,0.4230769230769231,1.0,0.5945945945945945,1.3749161844251658
1985,cicids2017_wed_c0,0.05712499999999998,16.0,56,0.68,0.9714285714285714,0.8,1.2597637419269476
1986,cicids2017_wed_c1,0.05665000000000009,-6.4,35,0.3793103448275862,1.0,0.5499999999999999,1.2505989146812395
1987,cicids2017_wed_c1,0.056174999999999975,-3.6,41,0.4074074074074074,1.0,0.5789473684210525,1.240649438685935
1988,cicids2017_fri_c0,0.05570000000000008,20.200000000000003,58,0.8421052631578947,0.9142857142857143,0.8767123287671234,1.2948245942719634
1989,cicids2017_fri_c0,0.05522499999999997,21.099999999999998,56,0.8648648648648649,0.9142857142857143,0.888888888888889,1.273296233345881
1990,cicids2017_wed_c1,0.054750000000000076,2.8999999999999955,40,0.5238095238095238,1.0,0.6875000000000001,1.2232677240067278
1991,cicids2017_wed_c0,0.05427499999999996,19.70000000000001,58,0.6862745098039216,1.0,0.813953488372093,1.2718390434143225
1992,cicids2017_tue_c0,0.05380000000000007,20.1,55,0.7857142857142857,0.9428571428571428,0.8571428571428571,1.2684914238302614
1993,cicids2017_tue_c0,0.053324999999999956,23.100000000000005,52,0.8461538461538461,0.9428571428571428,0.8918918918918919,1.3075849821781225
1994,cicids2017_wed_c0,0.052850000000000064,9.399999999999999,58,0.6346153846153846,0.9428571428571428,0.7586206896551724,1.2991821436930753
1995,cicids2017_wed_c1,0.05237499999999995,-12.3,42,0.3142857142857143,1.0,0.4782608695652174,1.2906084332701038
1996,cicids2017_fri_c0,0.05190000000000006,10.999999999999998,58,0.7894736842105263,0.8571428571428571,0.8219178082191781,1.313272037039278
1997,cicids2017_wed_c0,0.05142499999999994,13.800000000000002,56,0.6538461538461539,0.9714285714285714,0.7816091954022988,1.2943005879159648
1998,cicids2017_wed_c1,0.05095000000000005,-3.4000000000000004,43,0.4074074074074074,1.0,0.5789473684210525,1.2702975659345344
1999,cicids2017_tue_c0,0.05047499999999994,32.70000000000002,56,0.8974358974358975,1.0,0.945945945945946,1.2538427152169607
2000,cicids2017_tue_c0,0.050000000000000044,17.400000000000006,52,0.8,0.9142857142857143,0.8533333333333333,1.2140761146705765
2001,cicids2017_wed_c1,0.050000000000000044,-0.40000000000000446,40,0.4583333333333333,1.0,0.6285714285714286,1.2309993329021178
2002,cicids2017_fri_c0,0.050000000000000044,15.299999999999997,57,0.8823529411764706,0.8571428571428571,0.8695652173913043,1.2323387587430303
2003,cicids2017_tue_c0,0.050000000000000044,24.60000000000001,54,0.8095238095238095,0.9714285714285714,0.8831168831168832,1.208787386450147
2004,cicids2017_tue_c0,0.050000000000000044,23.400000000000006,53,0.7906976744186046,0.9714285714285714,0.8717948717948717,1.207151198971025
2005,cicids2017_wed_c1,0.050000000000000044,-8.4,39,0.37037037037037035,0.9090909090909091,0.5263157894736842,1.2081831168245527
2006,cicids2017_fri_c0,0.050000000000000044,14.500000000000012,58,0.7948717948717948,0.8857142857142857,0.8378378378378378,1.2220560634237212
2007,cicids2017_tue_c0,0.050000000000000044,18.1,57,0.75,0.9428571428571428,0.8354430379746834,1.2311353530667386
2008,cicids2017_fri_c0,0.050000000000000044,28.300000000000004,58,0.8717948717948718,0.9714285714285714,0.9189189189189189,1.2861734746345705
2009,cicids2017_wed_c1,0.050000000000000044,-3.6000000000000036,41,0.4074074074074074,1.0,0.5789473684210525,1.2160095463533516
2010,cicids2017_wed_c0,0.050000000000000044,23.600000000000005,53,0.7446808510638298,1.0,0.8536585365853657,1.2332581332458872
2011,cicids2017_tue_c0,0.050000000000000044,30.30000000000001,54,0.8536585365853658,1.0,0.9210526315789475,1.2098188821353968
2012,cicids2017_tue_c0,0.050000000000000044,25.000000000000004,56,0.7608695652173914,1.0,0.8641975308641976,1.2104358444135037
2013,cicids2017_fri_c0,0.050000000000000044,25.2,58,0.7608695652173914,1.0,0.8641975308641976,1.2566714858402765
2014,cicids2017_wed_c1,0.050000000000000044,-7.200000000000001,38,0.36666666666666664,1.0,0.5365853658536585,1.2308649994263947
2015,cicids2017_wed_c0,0.050000000000000044,10.499999999999998,58,0.6470588235294118,0.9428571428571428,0.7674418604651163,1.2694922037905512
2016,cicids2017_tue_c0,0.050000000000000044,24.20000000000001,59,0.7446808510638298,1.0,0.8536585365853657,1.1986560533733135
2017,cicids2017_tue_c0,0.050000000000000044,26.900000000000006,55,0.85,0.9714285714285714,0.9066666666666667,1.185782812182108
2018,cicids2017_wed_c0,0.050000000000000044,11.6,56,0.6296296296296297,0.9714285714285714,0.7640449438202247,1.2168753382938233
2019,cicids2017_wed_c0,0.050000000000000044,14.899999999999999,56,0.6666666666666666,0.9714285714285714,0.7906976744186046,1.20482162903893
2020,cicids2017_tue_c0,0.050000000000000044,22.60000000000001,56,0.7727272727272727,0.9714285714285714,0.8607594936708862,1.2286240180421557
2021,cicids2017_tue_c0,0.050000000000000044,20.299999999999997,57,0.7857142857142857,0.9428571428571428,0.8571428571428571,1.225192096259731
2022,cicids2017_wed_c0,0.050000000000000044,11.7,57,0.6296296296296297,0.9714285714285714,0.7640449438202247,1.210321989320882
2023,cicids2017_wed_c0,0.050000000000000044,17.900000000000006,53,0.7083333333333334,0.9714285714285714,0.8192771084337349,1.2191115810341273
2024,cicids2017_wed_c0,0.050000000000000044,4.1999999999999975,56,0.6818181818181818,0.8571428571428571,0.759493670886076,1.1958303436201092
2025,cicids2017_fri_c0,0.050000000000000044,20.0,56,0.8421052631578947,0.9142857142857143,0.8767123287671234,1.249513645692778
2026,cicids2017_tue_c0,0.050000000000000044,29.400000000000006,56,0.8333333333333334,1.0,0.9090909090909091,1.258744129106104
2027,cicids2017_wed_c0,0.050000000000000044,20.200000000000003,52,0.7,1.0,0.8235294117647058,1.1840636005429757
2028,cicids2017_wed_c1,0.050000000000000044,-4.100000000000003,36,0.4074074074074074,1.0,0.5789473684210525,1.2326254351854795
2029,cicids2017_wed_c0,0.050000000000000044,15.400000000000006,52,0.717391304347826,0.9428571428571428,0.8148148148148148,1.2814080409646142
2030,cicids2017_tue_c0,0.050000000000000044,23.400000000000006,55,0.8461538461538461,0.9428571428571428,0.8918918918918919,1.2719854867534601
2031,cicids2017_wed_c0,0.050000000000000044,10.6,57,0.6181818181818182,0.9714285714285714,0.7555555555555554,1.292412097587727
2032,cicids2017_fri_c0,0.050000000000000044,26.099999999999994,58,0.8292682926829268,0.9714285714285714,0.8947368421052632,1.2463904132355552
2033,cicids2017_fri_c0,0.050000000000000044,18.699999999999996,56,0.8857142857142857,0.8857142857142857,0.8857142857142857,1.248603222818738
2034,cicids2017_wed_c0,0.050000000000000044,14.800000000000002,55,0.6666666666666666,0.9714285714285714,0.7906976744186046,1.3134490350282535
2035,cicids2017_wed_c1,0.050000000000000044,-3.000000000000002,38,0.45454545454545453,0.9090909090909091,0.6060606060606061,1.2540869920140971
2036,cicids2017_wed_c1,0.050000000000000044,4.799999999999997,37,0.5789473684210527,1.0,0.7333333333333334,1.286257016676567
2037,cicids2017_wed_c0,0.050000000000000044,18.300000000000004,55,0.6730769230769231,1.0,0.8045977011494253,1.2653903333846692
2038,cicids2017_fri_c0,0.050000000000000044,14.499999999999996,58,0.7948717948717948,0.8857142857142857,0.8378378378378378,1.2799931959563182
2039,cicids2017_wed_c1,0.050000000000000044,-4.3,36,0.43478260869565216,0.9090909090909091,0.5882352941176471,1.221712262025718
2040,cicids2017_tue_c0,0.050000000000000044,27.100000000000016,57,0.85,0.9714285714285714,0.9066666666666667,1.2134085809793542
2041,cicids2017_tue_c0,0.050000000000000044,24.10000000000001,51,0.868421052631579,0.9428571428571428,0.904109589041096,1.2601569431856376
2042,cicids2017_wed_c1,0.050000000000000044,4.199999999999992,44,0.625,0.9090909090909091,0.7407407407407406,1.172542795275652
2043,cicids2017_wed_c0,0.050000000000000044,16.500000000000004,52,0.7333333333333333,0.9428571428571428,0.8250000000000001,1.225399620704026
2044,cicids2017_wed_c0,0.050000000000000044,15.499999999999998,53,0.717391304347826,0.9428571428571428,0.8148148148148148,1.2506384213258444
2045,cicids2017_tue_c0,0.050000000000000044,29.30000000000001,55,0.8333333333333334,1.0,0.9090909090909091,1.27653914713572
2046,cicids2017_wed_c1,0.050000000000000044,0.699999999999993,42,0.5263157894736842,0.9090909090909091,0.6666666666666666,1.2041494189410347
2047,cicids2017_tue_c0,0.050000000000000044,29.20000000000001,54,0.8333333333333334,1.0,0.9090909090909091,1.2861140871259296
2048,cicids2017_wed_c0,0.050000000000000044,13.600000000000001,56,0.6875,0.9428571428571428,0.7951807228915663,1.269778014765219
2049,cicids2017_wed_c1,0.050000000000000044,-6.6000000000000005,37,0.42857142857142855,0.8181818181818182,0.5625,1.3428597225541614
2050,cicids2017_wed_c0,0.050000000000000044,8.7,53,0.6666666666666666,0.9142857142857143,0.7710843373493975,1.2663470179865461
2051,cicids2017_fri_c0,0.050000000000000044,16.799999999999997,57,0.7804878048780488,0.9142857142857143,0.8421052631578947,1.3118201824496178
2052,cicids2017_tue_c0,0.050000000000000044,27.90000000000001,54,0.8717948717948718,0.9714285714285714,0.9189189189189189,1.2365202889356721
2053,cicids2017_tue_c0,0.050000000000000044,20.200000000000003,56,0.7857142857142857,0.9428571428571428,0.8571428571428571,1.249969278702956
2054,cicids2017_wed_c1,0.050000000000000044,-1.9999999999999991,37,0.47619047619047616,0.9090909090909091,0.6249999999999999,1.161139591309705
2055,cicids2017_wed_c0,0.050000000000000044,12.799999999999999,57,0.6415094339622641,0.9714285714285714,0.7727272727272727,1.1755987784625688
2056,cicids2017_tue_c0,0.050000000000000044,21.200000000000006,55,0.8048780487804879,0.9428571428571428,0.868421052631579,1.2625820603189593
2057,cicids2017_wed_c0,0.050000000000000044,19.200000000000003,53,0.6862745098039216,1.0,0.813953488372093,1.264087501548485
2058,cicids2017_wed_c0,0.050000000000000044,13.899999999999997,57,0.6538461538461539,0.9714285714285714,0.7816091954022988,1.244330872034479
2059,cicids2017_tue_c0,0.050000000000000044,23.10000000000001,52,0.8461538461538461,0.9428571428571428,0.8918918918918919,1.2707620205900918
2060,cicids2017_tue_c0,0.050000000000000044,20.5,57,0.7391304347826086,0.9714285714285714,0.8395061728395062,1.2367560259701558
2061,cicids2017_wed_c1,0.050000000000000044,-11.000000000000004,44,0.3235294117647059,1.0,0.48888888888888893,1.3127036862540784
2062,cicids2017_wed_c0,0.050000000000000044,13.299999999999997,53,0.6875,0.9428571428571428,0.7951807228915663,1.2651668220513612
2063,cicids2017_fri_c0,0.050000000000000044,21.2,55,0.8048780487804879,0.9428571428571428,0.868421052631579,1.2106479212501757
2064,cicids2017_wed_c0,0.050000000000000044,13.900000000000002,57,0.6538461538461539,0.9714285714285714,0.7816091954022988,1.2243803982950234
2065,cicids2017_wed_c0,0.050000000000000044,5.699999999999999,56,0.6274509803921569,0.9142857142857143,0.7441860465116279,1.2248001949058807
2066,cicids2017_wed_c0,0.050000000000000044,11.299999999999999,55,0.66,0.9428571428571428,0.7764705882352942,1.2280650014587324
2067,cicids2017_wed_c0,0.050000000000000044,17.000000000000007,55,0.6938775510204082,0.9714285714285714,0.8095238095238094,1.1877988239509516
2068,cicids2017_wed_c1,0.050000000000000044,-9.7,39,0.375,0.8181818181818182,0.5142857142857142,1.2271557531890807
2069,cicids2017_tue_c0,0.050000000000000044,19.5,58,0.723404255319149,0.9714285714285714,0.8292682926829269,1.2277516743699424
2070,cicids2017_tue_c0,0.050000000000000044,26.800000000000008,54,0.85,0.9714285714285714,0.9066666666666667,1.2213414590658063
2071,cicids2017_fri_c0,0.050000000000000044,-8.700000000000003,56,0.6666666666666666,0.7428571428571429,0.7027027027027027,1.1847500719769537
2072,cicids2017_wed_c0,0.050000000000000044,15.700000000000003,53,0.68,0.9714285714285714,0.8,1.260734091743756
2073,cicids2017_tue_c0,0.050000000000000044,24.10000000000001,58,0.7446808510638298,1.0,0.8536585365853657,1.2166626902315236
2074,cicids2017_tue_c0,0.050000000000000044,16.800000000000004,55,0.7333333333333333,0.9428571428571428,0.8250000000000001,1.217997382063865
2075,cicids2017_wed_c0,0.050000000000000044,19.4,55,0.6862745098039216,1.0,0.813953488372093,1.2189648941109188
2076,cicids2017_tue_c0,0.050000000000000044,21.000000000000007,53,0.8048780487804879,0.9428571428571428,0.868421052631579,1.220259842067146
2077,cicids2017_tue_c0,0.050000000000000044,27.90000000000001,54,0.8717948717948718,0.9714285714285714,0.9189189189189189,1.2217020811933748
2078,cicids2017_tue_c0,0.050000000000000044,21.300000000000008,54,0.7555555555555555,0.9714285714285714,0.85,1.139817087318792
2079,cicids2017_tue_c0,0.050000000000000044,19.70000000000001,51,0.7857142857142857,0.9428571428571428,0.8571428571428571,1.230803946522112
2080,cicids2017_fri_c0,0.050000000000000044,19.199999999999996,57,0.7674418604651163,0.9428571428571428,0.8461538461538461,1.2783195358966366
2081,cicids2017_wed_c1,0.050000000000000044,-7.100000000000003,39,0.36666666666666664,1.0,0.5365853658536585,1.2899721169956122
2082,cicids2017_fri_c0,0.050000000000000044,23.300000000000008,54,0.8461538461538461,0.9428571428571428,0.8918918918918919,1.238805709081226
2083,cicids2017_tue_c0,0.050000000000000044,27.100000000000016,57,0.85,0.9714285714285714,0.9066666666666667,1.1581221178543375
2084,cicids2017_wed_c0,0.050000000000000044,22.5,53,0.7291666666666666,1.0,0.8433734939759037,1.172127620005303
2085,cicids2017_fri_c0,0.050000000000000044,25.900000000000002,56,0.8292682926829268,0.9714285714285714,0.8947368421052632,1.1731588667667896
2086,cicids2017_wed_c0,0.050000000000000044,12.799999999999997,57,0.6415094339622641,0.9714285714285714,0.7727272727272727,1.1498118147131935
2087,cicids2017_wed_c0,0.050000000000000044,11.7,57,0.6296296296296297,0.9714285714285714,0.7640449438202247,1.280180125282569
2088,cicids2017_wed_c0,0.050000000000000044,17.1,54,0.660377358490566,1.0,0.7954545454545454,1.2236617286574796
2089,cicids2017_tue_c0,0.050000000000000044,28.20000000000001,55,0.813953488372093,1.0,0.8974358974358974,1.251645533774606
2090,cicids2017_fri_c0,0.050000000000000044,23.700000000000006,56,0.7906976744186046,0.9714285714285714,0.8717948717948717,1.2071587903789927
2091,cicids2017_wed_c1,0.050000000000000044,2.099999999999997,34,0.5882352941176471,0.9090909090909091,0.7142857142857143,1.1729929948346756
2092,cicids2017_tue_c0,0.050000000000000044,16.6,55,0.7804878048780488,0.9142857142857143,0.8421052631578947,1.2953989137998823
2093,cicids2017_wed_c1,0.050000000000000044,-12.100000000000001,46,0.3225806451612903,0.9090909090909091,0.4761904761904761,1.274880034700473
2094,cicids2017_fri_c0,0.050000000000000044,30.299999999999997,54,0.8536585365853658,1.0,0.9210526315789475,1.2832455873757584
2095,cicids2017_fri_c0,0.050000000000000044,25.999999999999996,57,0.8292682926829268,0.9714285714285714,0.8947368421052632,1.2550539613461984
2096,cicids2017_wed_c1,0.050000000000000044,-9.2,40,0.34375,1.0,0.5116279069767442,1.262665134907892
2097,cicids2017_wed_c1,0.050000000000000044,-6.300000000000004,47,0.36666666666666664,1.0,0.5365853658536585,1.3108921579854649
2098,cicids2017_wed_c1,0.050000000000000044,-6.200000000000004,39,0.4,0.9090909090909091,0.5555555555555556,1.2376297079280714
2099,cicids2017_wed_c1,0.050000000000000044,0.6999999999999987,40,0.4782608695652174,1.0,0.6470588235294118,1.2150671201222942
2100,cicids2017_fri_c0,0.050000000000000044,22.499999999999996,57,0.825,0.9428571428571428,0.88,1.2467783235174483
2101,cicids2017_wed_c1,0.050000000000000044,-2.5000000000000027,41,0.4230769230769231,1.0,0.5945945945945945,1.196299095519761
2102,cicids2017_wed_c0,0.050000000000000044,11.400000000000002,56,0.66,0.9428571428571428,0.7764705882352942,1.204058724097964
2103,cicids2017_fri_c0,0.050000000000000044,16.799999999999997,59,0.8378378378378378,0.8857142857142857,0.8611111111111112,1.2194424174778478
2104,cicids2017_fri_c0,0.050000000000000044,33.00000000000001,59,0.8974358974358975,1.0,0.945945945945946,1.2508289772585988
2105,cicids2017_wed_c1,0.050000000000000044,8.399999999999993,40,0.6875,1.0,0.8148148148148148,1.281784847502149
2106,cicids2017_tue_c0,0.050000000000000044,26.900000000000006,55,0.85,0.9714285714285714,0.9066666666666667,1.275322012843896
2107,cicids2017_wed_c1,0.050000000000000044,-0.9000000000000004,35,0.4583333333333333,1.0,0.6285714285714286,1.2156914958980154
2108,cicids2017_fri_c0,0.050000000000000044,29.1,55,0.8947368421052632,0.9714285714285714,0.9315068493150684,1.1603527190693292
2109,cicids2017_tue_c0,0.050000000000000044,13.200000000000003,56,0.775,0.8857142857142857,0.8266666666666667,1.1684913666035777
2110,cicids2017_tue_c0,0.050000000000000044,9.599999999999998,53,0.7209302325581395,0.8857142857142857,0.7948717948717948,1.1808943485812913
2111,cicids2017_tue_c0,0.050000000000000044,25.700000000000006,54,0.8292682926829268,0.9714285714285714,0.8947368421052632,1.1427378174146547
2112,cicids2017_wed_c0,0.050000000000000044,21.90000000000001,58,0.7142857142857143,1.0,0.8333333333333333,1.2094599696617039
2113,cicids2017_wed_c1,0.050000000000000044,2.3999999999999977,35,0.5238095238095238,1.0,0.6875000000000001,1.1654181704007136
2114,cicids2017_wed_c1,0.050000000000000044,-1.3000000000000003,31,0.4583333333333333,1.0,0.6285714285714286,1.1458526811537195
2115,cicids2017_wed_c0,0.050000000000000044,15.100000000000001,56,0.6363636363636364,1.0,0.7777777777777778,1.1899043382162433
2116,cicids2017_fri_c0,0.050000000000000044,-1.9000000000000075,58,0.7878787878787878,0.7428571428571429,0.7647058823529412,1.176987286184254
2117,cicids2017_wed_c1,0.050000000000000044,3.0531133177191805e-16,44,0.4583333333333333,1.0,0.6285714285714286,1.0920712766193814
2118,cicids2017_wed_c0,0.050000000000000044,11.499999999999998,57,0.66,0.9428571428571428,0.7764705882352942,1.2239605902103905
2119,cicids2017_wed_c0,0.050000000000000044,12.5,56,0.673469387755102,0.9428571428571428,0.7857142857142857,1.167158922032965
2120,cicids2017_wed_c0,0.050000000000000044,8.2,57,0.6226415094339622,0.9428571428571428,0.7500000000000001,1.1962438776420878
2121,cicids2017_wed_c1,0.050000000000000044,-5.300000000000003,46,0.3793103448275862,1.0,0.5499999999999999,1.1864582036372153
2122,cicids2017_wed_c1,0.050000000000000044,-6.900000000000002,41,0.36666666666666664,1.0,0.5365853658536585,1.1621480220124134
2123,cicids2017_wed_c0,0.050000000000000044,8.1,56,0.6226415094339622,0.9428571428571428,0.7500000000000001,1.259624171173248
2124,cicids2017_wed_c0,0.050000000000000044,8.899999999999999,55,0.6666666666666666,0.9142857142857143,0.7710843373493975,1.2701702104334978
2125,cicids2017_wed_c0,0.050000000000000044,12.799999999999999,57,0.6415094339622641,0.9714285714285714,0.7727272727272727,1.2433558953358046
2126,cicids2017_tue_c0,0.050000000000000044,22.6,56,0.7727272727272727,0.9714285714285714,0.8607594936708862,1.1590956711662201
2127,cicids2017_tue_c0,0.050000000000000044,28.900000000000013,53,0.8947368421052632,0.9714285714285714,0.9315068493150684,1.1630377750723606
2128,cicids2017_wed_c0,0.050000000000000044,14.899999999999999,56,0.6666666666666666,0.9714285714285714,0.7906976744186046,1.1806260904429584
2129,cicids2017_fri_c0,0.050000000000000044,26.900000000000013,57,0.9166666666666666,0.9428571428571428,0.9295774647887323,1.142672008692971
2130,cicids2017_tue_c0,0.050000000000000044,25.000000000000007,58,0.8095238095238095,0.9714285714285714,0.8831168831168832,1.1727925974627673
2131,cicids2017_wed_c0,0.050000000000000044,11.400000000000004,56,0.66,0.9428571428571428,0.7764705882352942,1.2051462281292546
2132,cicids2017_wed_c1,0.050000000000000044,-3.700000000000003,40,0.4074074074074074,1.0,0.5789473684210525,1.1867687091410946
2133,cicids2017_wed_c0,0.050000000000000044,15.799999999999997,54,0.68,0.9714285714285714,0.8,1.203510051169732
2134,cicids2017_tue_c0,0.050000000000000044,29.6,58,0.8333333333333334,1.0,0.9090909090909091,1.2387105203704374
2135,cicids2017_tue_c0,0.050000000000000044,25.70000000000001,54,0.8292682926829268,0.9714285714285714,0.8947368421052632,1.2474859190967096
2136,cicids2017_wed_c0,0.050000000000000044,4.5,55,0.6153846153846154,0.9142857142857143,0.7356321839080461,1.2601492533920704
2137,cicids2017_wed_c0,0.050000000000000044,11.999999999999998,53,0.7111111111111111,0.9142857142857143,0.8,1.213024488114914
2138,cicids2017_fri_c0,0.050000000000000044,14.600000000000001,59,0.7948717948717948,0.8857142857142857,0.8378378378378378,1.2731810950005413
2139,cicids2017_wed_c0,0.050000000000000044,17.200000000000003,55,0.660377358490566,1.0,0.7954545454545454,1.1559364817420803
2140,cicids2017_tue_c0,0.050000000000000044,28.20000000000001,55,0.813953488372093,1.0,0.8974358974358974,1.1499288522295037
2141,cicids2017_wed_c0,0.050000000000000044,15.500000000000005,53,0.717391304347826,0.9428571428571428,0.8148148148148148,1.1879074107721357
2142,cicids2017_wed_c1,0.050000000000000044,-0.20000000000000304,42,0.4583333333333333,1.0,0.6285714285714286,1.247425729771665
2143,cicids2017_wed_c1,0.050000000000000044,-3.600000000000004,41,0.4074074074074074,1.0,0.5789473684210525,1.1692215452669594
2144,cicids2017_wed_c0,0.050000000000000044,4.399999999999999,56,0.6458333333333334,0.8857142857142857,0.7469879518072288,1.2653475663082567
2145,cicids2017_tue_c0,0.050000000000000044,20.60000000000001,53,0.9393939393939394,0.8857142857142857,0.9117647058823529,1.1372024531470302
2146,cicids2017_tue_c0,0.050000000000000044,19.9,53,0.7857142857142857,0.9428571428571428,0.8571428571428571,1.174418222917694
2147,cicids2017_fri_c0,0.050000000000000044,23.9,58,0.7906976744186046,0.9714285714285714,0.8717948717948717,1.1855400596017718
2148,cicids2017_wed_c1,0.050000000000000044,-13.300000000000002,36,0.3333333333333333,0.8181818181818182,0.4736842105263157,1.178523258844797
2149,cicids2017_wed_c1,0.050000000000000044,3.6999999999999957,37,0.55,1.0,0.7096774193548387,1.2174153817617128
2150,cicids2017_wed_c1,0.050000000000000044,0.699999999999997,40,0.4782608695652174,1.0,0.6470588235294118,1.240123563213015
2151,cicids2017_tue_c0,0.050000000000000044,22.10000000000001,53,0.825,0.9428571428571428,0.88,1.184038171385271
2152,cicids2017_tue_c0,0.050000000000000044,7.1,54,0.7837837837837838,0.8285714285714286,0.8055555555555555,1.1773723049503344
2153,cicids2017_wed_c1,0.050000000000000044,3.0999999999999965,44,0.5882352941176471,0.9090909090909091,0.7142857142857143,1.2545627688922236
2154,cicids2017_wed_c0,0.050000000000000044,18.3,55,0.6730769230769231,1.0,0.8045977011494253,1.190954462387044
2155,cicids2017_wed_c0,0.050000000000000044,15.799999999999999,54,0.68,0.9714285714285714,0.8,1.223411857259177
2156,cicids2017_tue_c0,0.050000000000000044,26.90000000000001,55,0.85,0.9714285714285714,0.9066666666666667,1.1517937321060594
2157,cicids2017_tue_c0,0.050000000000000044,26.600000000000005,54,0.9166666666666666,0.9428571428571428,0.9295774647887323,1.1369085941164239
2158,cicids2017_wed_c0,0.050000000000000044,17.1,56,0.6938775510204082,0.9714285714285714,0.8095238095238094,1.0832971803654
2159,cicids2017_wed_c1,0.050000000000000044,-0.5000000000000023,39,0.4583333333333333,1.0,0.6285714285714286,1.125657620588586
2160,cicids2017_tue_c0,0.050000000000000044,27.200000000000003,56,0.7954545454545454,1.0,0.8860759493670886,1.1457209293184625
2161,cicids2017_wed_c1,0.050000000000000044,-0.5000000000000007,41,0.5,0.9090909090909091,0.6451612903225806,1.203879553309227
2162,cicids2017_fri_c0,0.050000000000000044,23.700000000000003,58,0.8461538461538461,0.9428571428571428,0.8918918918918919,1.1403480898766423
2163,cicids2017_tue_c0,0.050000000000000044,22.1,53,0.825,0.9428571428571428,0.88,1.1298953141099548
2164,cicids2017_wed_c1,0.050000000000000044,-4.6000000000000005,42,0.39285714285714285,1.0,0.5641025641025641,1.1873539962840218
2165,cicids2017_wed_c1,0.050000000000000044,0.40000000000000024,39,0.5263157894736842,0.9090909090909091,0.6666666666666666,1.1857176382666743
2166,cicids2017_wed_c1,0.050000000000000044,-7.700000000000003,44,0.3548387096774194,1.0,0.5238095238095238,1.2569431115000818
2167,cicids2017_tue_c0,0.050000000000000044,24.800000000000004,54,0.7608695652173914,1.0,0.8641975308641976,1.2016921752106655
2168,cicids2017_wed_c1,0.050000000000000044,-5.900000000000004,40,0.3793103448275862,1.0,0.5499999999999999,1.1887885383835672
2169,cicids2017_wed_c1,0.050000000000000044,0.09999999999999742,45,0.4583333333333333,1.0,0.6285714285714286,1.140183554930841
2170,cicids2017_wed_c1,0.050000000000000044,6.899999999999993,38,0.7692307692307693,0.9090909090909091,0.8333333333333333,1.2026159982073323
2171,cicids2017_fri_c0,0.050000000000000044,23.600000000000005,57,0.8461538461538461,0.9428571428571428,0.8918918918918919,1.1627933036161668
2172,cicids2017_wed_c0,0.050000000000000044,17.900000000000002,53,0.7083333333333334,0.9714285714285714,0.8192771084337349,1.1741622150789761
2173,cicids2017_wed_c1,0.050000000000000044,0.6000000000000016,41,0.5263157894736842,0.9090909090909091,0.6666666666666666,1.1687728352360736
2174,cicids2017_wed_c1,0.050000000000000044,-4.700000000000003,41,0.39285714285714285,1.0,0.5641025641025641,1.237903348880371
2175,cicids2017_fri_c0,0.050000000000000044,23.799999999999997,55,0.7446808510638298,1.0,0.8536585365853657,1.1949566598666015
2176,cicids2017_wed_c1,0.050000000000000044,-1.1000000000000025,44,0.44,1.0,0.6111111111111112,1.202586561342598
2177,cicids2017_fri_c0,0.050000000000000044,21.099999999999998,56,0.8648648648648649,0.9142857142857143,0.888888888888889,1.1982472165767917
2178,cicids2017_tue_c0,0.050000000000000044,18.70000000000001,54,0.8205128205128205,0.9142857142857143,0.8648648648648648,1.1914784879467408
2179,cicids2017_wed_c0,0.050000000000000044,8.299999999999999,51,0.7045454545454546,0.8857142857142857,0.7848101265822784,1.2180384427949078
2180,cicids2017_tue_c0,0.050000000000000044,23.5,54,0.7906976744186046,0.9714285714285714,0.8717948717948717,1.2168329551839239
2181,cicids2017_wed_c0,0.050000000000000044,19.5,56,0.6862745098039216,1.0,0.813953488372093,1.1839329289968465
2182,cicids2017_fri_c0,0.050000000000000044,12.399999999999999,59,0.7560975609756098,0.8857142857142857,0.8157894736842105,1.2337773448323743
2183,cicids2017_wed_c0,0.050000000000000044,14.700000000000003,54,0.6666666666666666,0.9714285714285714,0.7906976744186046,1.2022771289122969
2184,cicids2017_wed_c0,0.050000000000000044,10.5,56,0.6181818181818182,0.9714285714285714,0.7555555555555554,1.2129855312836082
2185,cicids2017_wed_c0,0.050000000000000044,11.500000000000004,57,0.66,0.9428571428571428,0.7764705882352942,1.2010571464570798
2186,cicids2017_tue_c0,0.050000000000000044,23.700000000000006,54,0.7446808510638298,1.0,0.8536585365853657,1.152334965384591
2187,cicids2017_tue_c0,0.050000000000000044,27.400000000000006,58,0.7954545454545454,1.0,0.8860759493670886,1.1735211542008224
2188,cicids2017_tue_c0,0.050000000000000044,23.1,52,0.8461538461538461,0.9428571428571428,0.8918918918918919,1.2299174286952692
2189,cicids2017_tue_c0,0.050000000000000044,16.6,55,0.7804878048780488,0.9142857142857143,0.8421052631578947,1.27374542667393
2190,cicids2017_wed_c0,0.050000000000000044,21.6,55,0.7142857142857143,1.0,0.8333333333333333,1.202495733387197
2191,cicids2017_tue_c0,0.050000000000000044,23.900000000000006,56,0.7446808510638298,1.0,0.8536585365853657,1.1947431560649489
2192,cicids2017_tue_c0,0.050000000000000044,30.400000000000013,55,0.8536585365853658,1.0,0.9210526315789475,1.175889950650562
2193,cicids2017_tue_c0,0.050000000000000044,21.20000000000001,55,0.8048780487804879,0.9428571428571428,0.868421052631579,1.1136678022249618
2194,cicids2017_fri_c0,0.050000000000000044,28.2,57,0.8717948717948718,0.9714285714285714,0.9189189189189189,1.211879717903281
2195,cicids2017_wed_c0,0.050000000000000044,20.200000000000003,52,0.7,1.0,0.8235294117647058,1.236840899589644
2196,cicids2017_wed_c1,0.050000000000000044,-5.600000000000003,43,0.3793103448275862,1.0,0.5499999999999999,1.1538447644814076
2197,cicids2017_tue_c0,0.050000000000000044,22.300000000000008,55,0.825,0.9428571428571428,0.88,1.209241499165313
2198,cicids2017_wed_c1,0.050000000000000044,-1.2000000000000035,43,0.44,1.0,0.6111111111111112,1.1820415268956188
2199,cicids2017_wed_c0,0.050000000000000044,19.500000000000004,56,0.6862745098039216,1.0,0.813953488372093,1.19831010157604
2200,cicids2017_fri_c0,0.050000000000000044,20.400000000000006,58,0.7857142857142857,0.9428571428571428,0.8571428571428571,1.2179366441342976
2201,cicids2017_tue_c0,0.050000000000000044,24.300000000000008,53,0.868421052631579,0.9428571428571428,0.904109589041096,1.1725690655018308
2202,cicids2017_fri_c0,0.050000000000000044,14.399999999999995,57,0.7948717948717948,0.8857142857142857,0.8378378378378378,1.2216142488209543
2203,cicids2017_fri_c0,0.050000000000000044,10.6,56,0.8529411764705882,0.8285714285714286,0.8405797101449276,1.1932077547913624
2204,cicids2017_tue_c0,0.050000000000000044,27.20000000000001,56,0.7954545454545454,1.0,0.8860759493670886,1.222089656542845
2205,cicids2017_tue_c0,0.050000000000000044,16.400000000000013,55,0.8378378378378378,0.8857142857142857,0.8611111111111112,1.2350110667773608
2206,cicids2017_wed_c1,0.050000000000000044,1.9999999999999956,42,0.5,1.0,0.6666666666666666,1.1645593028875805
2207,cicids2017_fri_c0,0.050000000000000044,22.500000000000007,57,0.825,0.9428571428571428,0.88,1.2256958289771787
2208,cicids2017_wed_c1,0.050000000000000044,0.3999999999999957,39,0.5263157894736842,0.9090909090909091,0.6666666666666666,1.1452975900374782
2209,cicids2017_fri_c0,0.050000000000000044,28.2,57,0.8717948717948718,0.9714285714285714,0.9189189189189189,1.2337574470064312
2210,cicids2017_fri_c0,0.050000000000000044,19.900000000000002,55,0.8421052631578947,0.9142857142857143,0.8767123287671234,1.1996943958112178
2211,cicids2017_wed_c0,0.050000000000000044,18.0,54,0.7083333333333334,0.9714285714285714,0.8192771084337349,1.1860481450624225
2212,cicids2017_wed_c1,0.050000000000000044,2.5000000000000004,40,0.6923076923076923,0.8181818181818182,0.7500000000000001,1.275569651720576
2213,cicids2017_wed_c0,0.050000000000000044,19.400000000000006,55,0.6862745098039216,1.0,0.813953488372093,1.2003358349864015
2214,cicids2017_fri_c0,0.050000000000000044,20.2,56,0.7857142857142857,0.9428571428571428,0.8571428571428571,1.2894947388533597
2215,cicids2017_fri_c0,0.050000000000000044,0.29999999999999716,56,0.7714285714285715,0.7714285714285715,0.7714285714285715,1.3039504040690537
2216,cicids2017_tue_c0,0.050000000000000044,21.400000000000006,55,0.7555555555555555,0.9714285714285714,0.85,1.1836696813831658
2217,cicids2017_tue_c0,0.050000000000000044,28.000000000000007,55,0.8717948717948718,0.9714285714285714,0.9189189189189189,1.272093966171745
2218,cicids2017_wed_c1,0.050000000000000044,-5.5,44,0.3793103448275862,1.0,0.5499999999999999,1.2042987113475978
2219,cicids2017_tue_c0,0.050000000000000044,20.6,51,0.8648648648648649,0.9142857142857143,0.888888888888889,1.2214922684669207
2220,cicids2017_fri_c0,0.050000000000000044,28.500000000000007,58,0.813953488372093,1.0,0.8974358974358974,1.197060540461922
2221,cicids2017_wed_c1,0.050000000000000044,-3.7000000000000033,40,0.4074074074074074,1.0,0.5789473684210525,1.2703811646438539
2222,cicids2017_fri_c0,0.050000000000000044,2.899999999999997,58,0.7567567567567568,0.8,0.7777777777777778,1.244496950716195
2223,cicids2017_fri_c0,0.050000000000000044,14.300000000000004,56,0.7948717948717948,0.8857142857142857,0.8378378378378378,1.1919040957832352
2224,cicids2017_tue_c0,0.050000000000000044,27.1,55,0.7954545454545454,1.0,0.8860759493670886,1.1634761264565576
2225,cicids2017_tue_c0,0.050000000000000044,16.6,55,0.7804878048780488,0.9142857142857143,0.8421052631578947,1.2104172486787121
2226,cicids2017_wed_c0,0.050000000000000044,18.500000000000007,57,0.6730769230769231,1.0,0.8045977011494253,1.1905079402699876
2227,cicids2017_wed_c1,0.050000000000000044,-5.0,38,0.39285714285714285,1.0,0.5641025641025641,1.2643015018505857
2228,cicids2017_wed_c1,0.050000000000000044,2.3000000000000016,34,0.5238095238095238,1.0,0.6875000000000001,1.3012677478047632
2229,cicids2017_tue_c0,0.050000000000000044,25.10000000000001,57,0.7608695652173914,1.0,0.8641975308641976,1.2247116365707298
2230,cicids2017_wed_c1,0.050000000000000044,-7.000000000000002,40,0.36666666666666664,1.0,0.5365853658536585,1.239014097015336
2231,cicids2017_wed_c0,0.050000000000000044,12.7,56,0.6415094339622641,0.9714285714285714,0.7727272727272727,1.195144311840232
2232,cicids2017_fri_c0,0.050000000000000044,8.799999999999997,58,0.75,0.8571428571428571,0.7999999999999999,1.1915724523723186
2233,cicids2017_wed_c1,0.050000000000000044,-7.300000000000004,48,0.3548387096774194,1.0,0.5238095238095238,1.316907213554752
2234,cicids2017_fri_c0,0.050000000000000044,27.0,56,0.85,0.9714285714285714,0.9066666666666667,1.1702337021015476
2235,cicids2017_wed_c0,0.050000000000000044,5.0,58,0.5892857142857143,0.9428571428571428,0.7252747252747254,1.3005078642646895
2236,cicids2017_wed_c1,0.050000000000000044,-0.1000000000000017,43,0.4583333333333333,1.0,0.6285714285714286,1.2416309302996962
2237,cicids2017_fri_c0,0.050000000000000044,19.000000000000007,57,0.8205128205128205,0.9142857142857143,0.8648648648648648,1.2299433666767465
2238,cicids2017_tue_c0,0.050000000000000044,29.900000000000006,50,0.8536585365853658,1.0,0.9210526315789475,1.3111007291887338
2239,cicids2017_tue_c0,0.050000000000000044,22.600000000000005,56,0.7727272727272727,0.9714285714285714,0.8607594936708862,1.3154396241783881
2240,cicids2017_wed_c1,0.050000000000000044,-3.5000000000000044,42,0.4074074074074074,1.0,0.5789473684210525,1.24374965281292
2241,cicids2017_fri_c0,0.050000000000000044,30.3,54,0.8536585365853658,1.0,0.9210526315789475,1.2328332434555296
2242,cicids2017_wed_c0,0.050000000000000044,17.400000000000006,57,0.660377358490566,1.0,0.7954545454545454,1.2639264040871314
2243,cicids2017_tue_c0,0.050000000000000044,24.900000000000013,55,0.7608695652173914,1.0,0.8641975308641976,1.2280847486205433
2244,cicids2017_fri_c0,0.050000000000000044,23.799999999999997,59,0.8461538461538461,0.9428571428571428,0.8918918918918919,1.2834918086187233
2245,cicids2017_wed_c0,0.050000000000000044,11.100000000000001,53,0.66,0.9428571428571428,0.7764705882352942,1.2112600006081788
2246,cicids2017_wed_c1,0.050000000000000044,-6.800000000000003,42,0.36666666666666664,1.0,0.5365853658536585,1.1656627387182874
2247,cicids2017_wed_c0,0.050000000000000044,8.900000000000002,55,0.6666666666666666,0.9142857142857143,0.7710843373493975,1.209097041120241
2248,cicids2017_fri_c0,0.050000000000000044,18.000000000000007,58,0.8,0.9142857142857143,0.8533333333333333,1.2139122860963483
2249,cicids2017_fri_c0,0.050000000000000044,21.3,58,0.8648648648648649,0.9142857142857143,0.888888888888889,1.2627547974308408
2250,cicids2017_tue_c0,0.050000000000000044,20.200000000000003,56,0.7857142857142857,0.9428571428571428,0.8571428571428571,1.207059115024659
2251,cicids2017_wed_c0,0.050000000000000044,17.0,55,0.6938775510204082,0.9714285714285714,0.8095238095238094,1.2391846817269265
2252,cicids2017_wed_c0,0.050000000000000044,14.399999999999999,55,0.7441860465116279,0.9142857142857143,0.8205128205128205,1.230233591721134
2253,cicids2017_fri_c0,0.050000000000000044,21.300000000000004,58,0.8648648648648649,0.9142857142857143,0.888888888888889,1.234394759536464
2254,cicids2017_wed_c0,0.050000000000000044,12.399999999999999,55,0.673469387755102,0.9428571428571428,0.7857142857142857,1.1667199239851782
2255,cicids2017_tue_c0,0.050000000000000044,22.200000000000006,54,0.825,0.9428571428571428,0.88,1.2286585213020458
2256,cicids2017_wed_c0,0.050000000000000044,7.699999999999999,54,0.6530612244897959,0.9142857142857143,0.7619047619047618,1.2142642010405416
2257,cicids2017_wed_c1,0.050000000000000044,-2.3000000000000003,34,0.47619047619047616,0.9090909090909091,0.6249999999999999,1.2917559768384361
2258,cicids2017_wed_c0,0.050000000000000044,17.700000000000003,51,0.7083333333333334,0.9714285714285714,0.8192771084337349,1.2397572060057656
2259,cicids2017_fri_c0,0.050000000000000044,26.9,55,0.85,0.9714285714285714,0.9066666666666667,1.246545578911644
2260,cicids2017_wed_c1,0.050000000000000044,-4.4,35,0.43478260869565216,0.9090909090909091,0.5882352941176471,1.269814752472853
2261,cicids2017_fri_c0,0.050000000000000044,30.400000000000002,55,0.8536585365853658,1.0,0.9210526315789475,1.2182467533618695
2262,cicids2017_wed_c1,0.050000000000000044,-1.7000000000000015,38,0.44,1.0,0.6111111111111112,1.2778328050469556
2263,cicids2017_fri_c0,0.050000000000000044,21.500000000000007,58,0.8048780487804879,0.9428571428571428,0.868421052631579,1.2330164184694539
2264,cicids2017_wed_c0,0.050000000000000044,7.900000000000002,56,0.6530612244897959,0.9142857142857143,0.7619047619047618,1.2203980820764115
2265,cicids2017_fri_c0,0.050000000000000044,20.0,56,0.8421052631578947,0.9142857142857143,0.8767123287671234,1.2057398785983255
2266,cicids2017_fri_c0,0.050000000000000044,16.599999999999994,57,0.8378378378378378,0.8857142857142857,0.8611111111111112,1.2978652889635782
2267,cicids2017_wed_c0,0.050000000000000044,11.700000000000001,57,0.6296296296296297,0.9714285714285714,0.7640449438202247,1.2129106885566825
2268,cicids2017_wed_c0,0.050000000000000044,2.1,55,0.62,0.8857142857142857,0.7294117647058823,1.2521670838176369
2269,cicids2017_fri_c0,0.050000000000000044,17.599999999999998,56,0.8611111111111112,0.8857142857142857,0.8732394366197184,1.2698235738119463
2270,cicids2017_wed_c1,0.050000000000000044,-6.100000000000001,40,0.4,0.9090909090909091,0.5555555555555556,1.2751566197768345
2271,cicids2017_tue_c0,0.050000000000000044,22.200000000000003,54,0.825,0.9428571428571428,0.88,1.244511694209199
2272,cicids2017_tue_c0,0.050000000000000044,21.500000000000007,56,0.7555555555555555,0.9714285714285714,0.85,1.2367986041291859
2273,cicids2017_tue_c0,0.050000000000000044,22.500000000000004,55,0.7727272727272727,0.9714285714285714,0.8607594936708862,1.2257466268694543
2274,cicids2017_tue_c0,0.050000000000000044,20.300000000000008,55,0.7391304347826086,0.9714285714285714,0.8395061728395062,1.271864798466697
2275,cicids2017_fri_c0,0.050000000000000044,27.200000000000014,58,0.85,0.9714285714285714,0.9066666666666667,1.2470534658218229
2276,cicids2017_tue_c0,0.050000000000000044,29.30000000000001,55,0.8333333333333334,1.0,0.9090909090909091,1.3222797030830185
2277,cicids2017_fri_c0,0.050000000000000044,13.199999999999998,58,0.8333333333333334,0.8571428571428571,0.8450704225352113,1.235339475866217
2278,cicids2017_fri_c0,0.050000000000000044,11.2,58,0.7380952380952381,0.8857142857142857,0.8051948051948051,1.229265372911422
2279,cicids2017_tue_c0,0.050000000000000044,18.9,54,0.7674418604651163,0.9428571428571428,0.8461538461538461,1.2059491854986069
2280,cicids2017_wed_c0,0.050000000000000044,16.9,54,0.6938775510204082,0.9714285714285714,0.8095238095238094,1.2377003757749718
2281,cicids2017_wed_c1,0.050000000000000044,-7.200000000000003,40,0.38461538461538464,0.9090909090909091,0.5405405405405405,1.2725750443346642
2282,cicids2017_tue_c0,0.050000000000000044,23.1,52,0.8461538461538461,0.9428571428571428,0.8918918918918919,1.1963300542292687
2283,cicids2017_tue_c0,0.050000000000000044,26.900000000000013,55,0.85,0.9714285714285714,0.9066666666666667,1.1816283486249792
2284,cicids2017_wed_c1,0.050000000000000044,6.199999999999992,40,0.6111111111111112,1.0,0.7586206896551725,1.1938832448085417
2285,cicids2017_wed_c0,0.050000000000000044,18.300000000000004,55,0.6730769230769231,1.0,0.8045977011494253,1.173677587639665
2286,cicids2017_wed_c1,0.050000000000000044,5.999999999999993,40,0.7142857142857143,0.9090909090909091,0.8,1.222555819784382
2287,cicids2017_wed_c1,0.050000000000000044,-7.000000000000003,40,0.36666666666666664,1.0,0.5365853658536585,1.1881512352040198
2288,cicids2017_wed_c1,0.050000000000000044,-5.900000000000004,40,0.3793103448275862,1.0,0.5499999999999999,1.219078623276618
2289,cicids2017_wed_c1,0.050000000000000044,-1.5000000000000018,40,0.44,1.0,0.6111111111111112,1.204323499863533
2290,cicids2017_tue_c0,0.050000000000000044,29.500000000000014,57,0.8333333333333334,1.0,0.9090909090909091,1.240491776433426
2291,cicids2017_tue_c0,0.050000000000000044,22.3,53,0.7727272727272727,0.9714285714285714,0.8607594936708862,1.2248308827826466
2292,cicids2017_tue_c0,0.050000000000000044,21.40000000000001,57,0.8048780487804879,0.9428571428571428,0.868421052631579,1.2217921899829411
2293,cicids2017_fri_c0,0.050000000000000044,21.20000000000001,57,0.8648648648648649,0.9142857142857143,0.888888888888889,1.2093441885591292
2294,cicids2017_wed_c0,0.050000000000000044,19.3,54,0.6862745098039216,1.0,0.813953488372093,1.1958931658662952
2295,cicids2017_wed_c0,0.050000000000000044,12.0,53,0.7111111111111111,0.9142857142857143,0.8,1.2146351995275706
2296,cicids2017_wed_c1,0.050000000000000044,-4.3999999999999995,44,0.39285714285714285,1.0,0.5641025641025641,1.2943146988198528
2297,cicids2017_fri_c0,0.050000000000000044,21.6,59,0.8048780487804879,0.9428571428571428,0.868421052631579,1.3302392628682493
2298,cicids2017_tue_c0,0.050000000000000044,27.300000000000004,57,0.7954545454545454,1.0,0.8860759493670886,1.2907987433663608
2299,cicids2017_fri_c0,0.050000000000000044,32.900000000000006,58,0.8974358974358975,1.0,0.945945945945946,1.2695210455217818
2300,cicids2017_wed_c1,0.050000000000000044,-5.700000000000003,44,0.4,0.9090909090909091,0.5555555555555556,1.2502238198283697
2301,cicids2017_tue_c0,0.050000000000000044,22.200000000000003,54,0.825,0.9428571428571428,0.88,1.21973104456431
2302,cicids2017_fri_c0,0.050000000000000044,26.300000000000008,58,0.7777777777777778,1.0,0.8750000000000001,1.2189783926027844
2303,cicids2017_wed_c0,0.050000000000000044,15.800000000000004,54,0.68,0.9714285714285714,0.8,1.260729319329551
2304,cicids2017_wed_c1,0.050000000000000044,0.2999999999999958,38,0.5263157894736842,0.9090909090909091,0.6666666666666666,1.2575945000997306
2305,cicids2017_wed_c1,0.050000000000000044,6.899999999999993,36,0.6470588235294118,1.0,0.7857142857142858,1.2616393354391495
2306,cicids2017_fri_c0,0.050000000000000044,23.800000000000004,57,0.7906976744186046,0.9714285714285714,0.8717948717948717,1.2781859645417852
2307,cicids2017_tue_c0,0.050000000000000044,22.500000000000004,55,0.7727272727272727,0.9714285714285714,0.8607594936708862,1.3194043277947334
2308,cicids2017_fri_c0,0.050000000000000044,19.099999999999998,56,0.7674418604651163,0.9428571428571428,0.8461538461538461,1.2481185146817586
2309,cicids2017_tue_c0,0.050000000000000044,22.500000000000004,55,0.7727272727272727,0.9714285714285714,0.8607594936708862,1.2016327172732295
2310,cicids2017_wed_c0,0.050000000000000044,15.000000000000005,57,0.6666666666666666,0.9714285714285714,0.7906976744186046,1.1956541032218062
2311,cicids2017_tue_c0,0.050000000000000044,26.300000000000004,58,0.7777777777777778,1.0,0.8750000000000001,1.2476435499229117
2312,cicids2017_fri_c0,0.050000000000000044,5.4999999999999964,58,0.6976744186046512,0.8571428571428571,0.7692307692307693,1.1742334680260622
2313,cicids2017_wed_c0,0.050000000000000044,17.800000000000004,52,0.7083333333333334,0.9714285714285714,0.8192771084337349,1.2571414194243293
2314,cicids2017_fri_c0,0.050000000000000044,15.299999999999997,57,0.8823529411764706,0.8571428571428571,0.8695652173913043,1.2407907369524076
2315,cicids2017_fri_c0,0.050000000000000044,3.0000000000000004,59,0.7567567567567568,0.8,0.7777777777777778,1.2198688230897996
2316,cicids2017_fri_c0,0.050000000000000044,17.500000000000007,55,0.8611111111111112,0.8857142857142857,0.8732394366197184,1.1964787803076162
2317,cicids2017_fri_c0,0.050000000000000044,25.0,58,0.8095238095238095,0.9714285714285714,0.8831168831168832,1.1800156970842897
2318,cicids2017_tue_c0,0.050000000000000044,16.60000000000001,55,0.7804878048780488,0.9142857142857143,0.8421052631578947,1.2440390988741183
2319,cicids2017_wed_c1,0.050000000000000044,-4.8,40,0.39285714285714285,1.0,0.5641025641025641,1.21035442303962
2320,cicids2017_wed_c1,0.050000000000000044,-3.5999999999999983,41,0.4074074074074074,1.0,0.5789473684210525,1.14560955062221
2321,cicids2017_fri_c0,0.050000000000000044,20.6,58,0.7391304347826086,0.9714285714285714,0.8395061728395062,1.2104438233337318
2322,cicids2017_fri_c0,0.050000000000000044,14.399999999999997,55,0.7441860465116279,0.9142857142857143,0.8205128205128205,1.1921737404754444
2323,cicids2017_tue_c0,0.050000000000000044,24.800000000000004,56,0.8095238095238095,0.9714285714285714,0.8831168831168832,1.2320769535237186
2324,cicids2017_wed_c0,0.050000000000000044,6.199999999999999,52,0.6739130434782609,0.8857142857142857,0.7654320987654321,1.2315604460262795
2325,cicids2017_wed_c0,0.050000000000000044,20.299999999999997,53,0.7,1.0,0.8235294117647058,1.2470233214936
2326,cicids2017_wed_c1,0.050000000000000044,-3.4,43,0.4074074074074074,1.0,0.5789473684210525,1.196940786427434
2327,cicids2017_tue_c0,0.050000000000000044,20.80000000000001,53,0.8648648648648649,0.9142857142857143,0.888888888888889,1.1892518030387742
2328,cicids2017_fri_c0,0.050000000000000044,18.00000000000001,58,0.8,0.9142857142857143,0.8533333333333333,1.2337795455883702
2329,cicids2017_fri_c0,0.050000000000000044,16.799999999999997,59,0.8378378378378378,0.8857142857142857,0.8611111111111112,1.2235479778720268
2330,cicids2017_fri_c0,0.050000000000000044,20.70000000000001,59,0.7391304347826086,0.9714285714285714,0.8395061728395062,1.228838328408122
2331,cicids2017_fri_c0,0.050000000000000044,26.2,57,0.7777777777777778,1.0,0.8750000000000001,1.2035111373031593
2332,cicids2017_wed_c1,0.050000000000000044,1.6000000000000014,38,0.5,1.0,0.6666666666666666,1.2201096331956371
2333,cicids2017_tue_c0,0.050000000000000044,11.100000000000001,57,0.7380952380952381,0.8857142857142857,0.8051948051948051,1.188673829644782
2334,cicids2017_wed_c1,0.050000000000000044,10.299999999999992,37,0.7857142857142857,1.0,0.88,1.178992708606365
2335,cicids2017_wed_c0,0.050000000000000044,11.6,56,0.6296296296296297,0.9714285714285714,0.7640449438202247,1.2099412293322804
2336,cicids2017_wed_c0,0.050000000000000044,18.000000000000007,54,0.7083333333333334,0.9714285714285714,0.8192771084337349,1.1831773704559656
2337,cicids2017_tue_c0,0.050000000000000044,19.400000000000002,50,0.8421052631578947,0.9142857142857143,0.8767123287671234,1.2409138556333525
2338,cicids2017_wed_c1,0.050000000000000044,1.6999999999999984,39,0.5,1.0,0.6666666666666666,1.1662768448262202
2339,cicids2017_fri_c0,0.050000000000000044,20.000000000000007,56,0.8421052631578947,0.9142857142857143,0.8767123287671234,1.2010810507875198
2340,cicids2017_fri_c0,0.050000000000000044,16.600000000000012,57,0.8378378378378378,0.8857142857142857,0.8611111111111112,1.2137651138723347
2341,cicids2017_tue_c0,0.050000000000000044,25.10000000000001,57,0.7608695652173914,1.0,0.8641975308641976,1.2776432166750908
2342,cicids2017_tue_c0,0.050000000000000044,28.700000000000003,51,0.8947368421052632,0.9714285714285714,0.9315068493150684,1.3489585077490878
2343,cicids2017_wed_c0,0.050000000000000044,18.3,55,0.6730769230769231,1.0,0.8045977011494253,1.2693474972456478
2344,cicids2017_wed_c0,0.050000000000000044,22.80000000000001,56,0.7291666666666666,1.0,0.8433734939759037,1.249649506634558
2345,cicids2017_wed_c0,0.050000000000000044,20.500000000000007,55,0.7,1.0,0.8235294117647058,1.2401380973883094
2346,cicids2017_tue_c0,0.050000000000000044,24.50000000000001,53,0.8095238095238095,0.9714285714285714,0.8831168831168832,1.3372443940185779
2347,cicids2017_tue_c0,0.050000000000000044,16.700000000000003,56,0.7804878048780488,0.9142857142857143,0.8421052631578947,1.2542540065129688
2348,cicids2017_wed_c1,0.050000000000000044,-3.8000000000000016,39,0.4074074074074074,1.0,0.5789473684210525,1.3161506930228617
2349,cicids2017_fri_c0,0.050000000000000044,15.5,57,0.8157894736842105,0.8857142857142857,0.8493150684931505,1.2717724074673438
2350,cicids2017_wed_c0,0.050000000000000044,14.799999999999999,55,0.6666666666666666,0.9714285714285714,0.7906976744186046,1.192551507049459
2351,cicids2017_wed_c0,0.050000000000000044,15.000000000000004,57,0.6666666666666666,0.9714285714285714,0.7906976744186046,1.1783449213636161
2352,cicids2017_wed_c1,0.050000000000000044,-6.6,37,0.42857142857142855,0.8181818181818182,0.5625,1.2266926923501653
2353,cicids2017_wed_c0,0.050000000000000044,10.399999999999999,57,0.6470588235294118,0.9428571428571428,0.7674418604651163,1.213971641896443
2354,cicids2017_tue_c0,0.050000000000000044,21.70000000000001,58,0.7555555555555555,0.9714285714285714,0.85,1.2910529681360008
2355,cicids2017_tue_c0,0.050000000000000044,25.600000000000005,53,0.8292682926829268,0.9714285714285714,0.8947368421052632,1.2462824386499074
2356,cicids2017_tue_c0,0.050000000000000044,19.700000000000003,51,0.7857142857142857,0.9428571428571428,0.8571428571428571,1.2596737945114973
2357,cicids2017_tue_c0,0.050000000000000044,23.800000000000008,57,0.7906976744186046,0.9714285714285714,0.8717948717948717,1.3469400199574424
2358,cicids2017_fri_c0,0.050000000000000044,21.400000000000006,57,0.8048780487804879,0.9428571428571428,0.868421052631579,1.312547029030856
2359,cicids2017_wed_c0,0.050000000000000044,17.300000000000004,56,0.660377358490566,1.0,0.7954545454545454,1.3273784316708566
2360,cicids2017_fri_c0,0.050000000000000044,21.800000000000008,59,0.7555555555555555,0.9714285714285714,0.85,1.293726263480287
2361,cicids2017_wed_c0,0.050000000000000044,14.800000000000004,55,0.6666666666666666,0.9714285714285714,0.7906976744186046,1.2042310670471958
2362,cicids2017_wed_c1,0.050000000000000044,-2.400000000000003,42,0.4230769230769231,1.0,0.5945945945945945,1.1759976605114073
2363,cicids2017_wed_c1,0.050000000000000044,0.3999999999999986,37,0.4782608695652174,1.0,0.6470588235294118,1.2451222171106682
2364,cicids2017_fri_c0,0.050000000000000044,16.800000000000004,59,0.8378378378378378,0.8857142857142857,0.8611111111111112,1.210738828075018
2365,cicids2017_wed_c1,0.050000000000000044,-2.8999999999999995,37,0.4230769230769231,1.0,0.5945945945945945,1.317379344720014
2366,cicids2017_fri_c0,0.050000000000000044,10.8,58,0.8529411764705882,0.8285714285714286,0.8405797101449276,1.2900388466023092
2367,cicids2017_tue_c0,0.050000000000000044,16.500000000000004,54,0.7804878048780488,0.9142857142857143,0.8421052631578947,1.2843504580511522
2368,cicids2017_fri_c0,0.050000000000000044,15.299999999999997,57,0.8823529411764706,0.8571428571428571,0.8695652173913043,1.2271789619751383
2369,cicids2017_fri_c0,0.050000000000000044,8.700000000000001,57,0.75,0.8571428571428571,0.7999999999999999,1.2606376663298589
2370,cicids2017_fri_c0,0.050000000000000044,5.999999999999993,58,0.9,0.7714285714285715,0.8307692307692307,1.3033681097785983
2371,cicids2017_fri_c0,0.050000000000000044,20.6,58,0.7391304347826086,0.9714285714285714,0.8395061728395062,1.293446950635115
2372,cicids2017_wed_c1,0.050000000000000044,-8.8,44,0.34375,1.0,0.5116279069767442,1.2418054213525982
2373,cicids2017_fri_c0,0.050000000000000044,19.0,57,0.8205128205128205,0.9142857142857143,0.8648648648648648,1.3543555624545671
2374,cicids2017_tue_c0,0.050000000000000044,28.200000000000003,55,0.813953488372093,1.0,0.8974358974358974,1.2599723025931857
2375,cicids2017_wed_c0,0.050000000000000044,10.100000000000001,54,0.6470588235294118,0.9428571428571428,0.7674418604651163,1.2654683667033968
2376,cicids2017_wed_c1,0.050000000000000044,1.7000000000000015,41,0.5555555555555556,0.9090909090909091,0.6896551724137931,1.3234169361585417
2377,cicids2017_wed_c1,0.050000000000000044,-5.9,42,0.4,0.9090909090909091,0.5555555555555556,1.2917538197975096
2378,cicids2017_fri_c0,0.050000000000000044,19.1,58,0.8205128205128205,0.9142857142857143,0.8648648648648648,1.330875503036474
2379,cicids2017_wed_c1,0.050000000000000044,-7.800000000000001,45,0.37037037037037035,0.9090909090909091,0.5263157894736842,1.2741638173790528
2380,cicids2017_wed_c0,0.050000000000000044,20.1,51,0.7,1.0,0.8235294117647058,1.268712338587205
2381,cicids2017_fri_c0,0.050000000000000044,30.600000000000005,57,0.8536585365853658,1.0,0.9210526315789475,1.2522208417713527
2382,cicids2017_tue_c0,0.050000000000000044,29.500000000000004,57,0.8333333333333334,1.0,0.9090909090909091,1.2965216864800266
2383,cicids2017_wed_c1,0.050000000000000044,-10.0,34,0.35714285714285715,0.9090909090909091,0.5128205128205129,1.26854616964733
2384,cicids2017_tue_c0,0.050000000000000044,24.60000000000001,54,0.8095238095238095,0.9714285714285714,0.8831168831168832,1.2792820625508046
2385,cicids2017_fri_c0,0.050000000000000044,23.399999999999995,57,0.9142857142857143,0.9142857142857143,0.9142857142857143,1.2059096683416706
2386,cicids2017_wed_c1,0.050000000000000044,-4.900000000000002,41,0.4166666666666667,0.9090909090909091,0.5714285714285715,1.2172626782321478
2387,cicids2017_wed_c1,0.050000000000000044,-4.300000000000003,36,0.43478260869565216,0.9090909090909091,0.5882352941176471,1.256762187432601
2388,cicids2017_wed_c1,0.050000000000000044,-7.3999999999999995,40,0.4090909090909091,0.8181818181818182,0.5454545454545455,1.231994542582214
2389,cicids2017_wed_c1,0.050000000000000044,1.7999999999999918,42,0.5555555555555556,0.9090909090909091,0.6896551724137931,1.1958791921065544
2390,cicids2017_wed_c1,0.050000000000000044,0.29999999999999966,36,0.4782608695652174,1.0,0.6470588235294118,1.2100488620842322
2391,cicids2017_tue_c0,0.050000000000000044,20.2,56,0.7857142857142857,0.9428571428571428,0.8571428571428571,1.1941793525337334
2392,cicids2017_fri_c0,0.050000000000000044,30.60000000000001,57,0.8536585365853658,1.0,0.9210526315789475,1.1746663851519226
2393,cicids2017_wed_c0,0.050000000000000044,18.1,55,0.7083333333333334,0.9714285714285714,0.8192771084337349,1.1779333807368715
2394,cicids2017_fri_c0,0.050000000000000044,19.1,58,0.8205128205128205,0.9142857142857143,0.8648648648648648,1.2055211281931504
2395,cicids2017_tue_c0,0.050000000000000044,28.30000000000001,56,0.813953488372093,1.0,0.8974358974358974,1.192873403640936
2396,cicids2017_wed_c0,0.050000000000000044,18.4,56,0.6730769230769231,1.0,0.8045977011494253,1.260293006593341
2397,cicids2017_wed_c1,0.050000000000000044,-4.900000000000002,39,0.39285714285714285,1.0,0.5641025641025641,1.2777783859529275
2398,cicids2017_tue_c0,0.050000000000000044,19.900000000000013,55,0.8421052631578947,0.9142857142857143,0.8767123287671234,1.2482768238806885
2399,cicids2017_tue_c0,0.050000000000000044,22.500000000000007,55,0.7727272727272727,0.9714285714285714,0.8607594936708862,1.2053516524317494
2400,cicids2017_wed_c0,0.050000000000000044,16.1,55,0.6481481481481481,1.0,0.7865168539325843,1.2562422574171395
2401,cicids2017_fri_c0,0.050000000000000044,11.700000000000003,56,0.8787878787878788,0.8285714285714286,0.8529411764705883,1.2155232608318423
2402,cicids2017_wed_c0,0.050000000000000044,13.400000000000002,54,0.6875,0.9428571428571428,0.7951807228915663,1.2325399608295353
2403,cicids2017_wed_c0,0.050000000000000044,13.899999999999997,57,0.6538461538461539,0.9714285714285714,0.7816091954022988,1.1760013868693773
2404,cicids2017_wed_c0,0.050000000000000044,12.299999999999999,54,0.673469387755102,0.9428571428571428,0.7857142857142857,1.278125753976601
2405,cicids2017_tue_c0,0.050000000000000044,31.400000000000013,54,0.875,1.0,0.9333333333333333,1.2623184233007672
2406,cicids2017_wed_c1,0.050000000000000044,-6.000000000000003,41,0.4,0.9090909090909091,0.5555555555555556,1.222399461209254
2407,cicids2017_tue_c0,0.050000000000000044,29.500000000000014,57,0.8333333333333334,1.0,0.9090909090909091,1.2380876727528745
2408,cicids2017_wed_c0,0.050000000000000044,5.299999999999999,54,0.6595744680851063,0.8857142857142857,0.7560975609756098,1.2149641760082082
2409,cicids2017_tue_c0,0.050000000000000044,24.6,54,0.8095238095238095,0.9714285714285714,0.8831168831168832,1.1925746824842176
2410,cicids2017_fri_c0,0.050000000000000044,13.100000000000005,57,0.8333333333333334,0.8571428571428571,0.8450704225352113,1.2199654791782135
2411,cicids2017_wed_c0,0.050000000000000044,16.2,56,0.6481481481481481,1.0,0.7865168539325843,1.166348360188483
2412,cicids2017_fri_c0,0.050000000000000044,26.00000000000001,57,0.8292682926829268,0.9714285714285714,0.8947368421052632,1.2423254804922788
2413,cicids2017_wed_c1,0.050000000000000044,6.499999999999993,45,0.7142857142857143,0.9090909090909091,0.8,1.2725828554574874
2414,cicids2017_wed_c0,0.050000000000000044,15.800000000000004,54,0.68,0.9714285714285714,0.8,1.2502673115715166
2415,cicids2017_tue_c0,0.050000000000000044,31.500000000000014,55,0.875,1.0,0.9333333333333333,1.2468697305636236
2416,cicids2017_tue_c0,0.050000000000000044,27.000000000000007,54,0.7954545454545454,1.0,0.8860759493670886,1.2104367533525047
2417,cicids2017_wed_c0,0.050000000000000044,8.299999999999999,58,0.6226415094339622,0.9428571428571428,0.7500000000000001,1.2161177197000042
2418,cicids2017_tue_c0,0.050000000000000044,17.5,53,0.8,0.9142857142857143,0.8533333333333333,1.258524865314325
2419,cicids2017_tue_c0,0.050000000000000044,19.300000000000004,58,0.7674418604651163,0.9428571428571428,0.8461538461538461,1.1979586469957648
2420,cicids2017_tue_c0,0.050000000000000044,24.1,58,0.7446808510638298,1.0,0.8536585365853657,1.228836630372998
2421,cicids2017_tue_c0,0.050000000000000044,27.800000000000004,51,0.813953488372093,1.0,0.8974358974358974,1.1441702579113247
2422,cicids2017_wed_c1,0.050000000000000044,-6.800000000000001,42,0.36666666666666664,1.0,0.5365853658536585,1.2253899323701565
2423,cicids2017_fri_c0,0.050000000000000044,24.5,55,0.868421052631579,0.9428571428571428,0.904109589041096,1.2500710928364278
2424,cicids2017_wed_c1,0.050000000000000044,-4.9,32,0.47368421052631576,0.8181818181818182,0.6,1.2576606189390256
2425,cicids2017_tue_c0,0.050000000000000044,27.000000000000007,56,0.85,0.9714285714285714,0.9066666666666667,1.1389336112485824
2426,cicids2017_wed_c0,0.050000000000000044,20.600000000000005,56,0.7,1.0,0.8235294117647058,1.2115409864712814
2427,cicids2017_fri_c0,0.050000000000000044,27.10000000000001,55,0.7954545454545454,1.0,0.8860759493670886,1.24786640670736
2428,cicids2017_tue_c0,0.050000000000000044,31.80000000000001,58,0.875,1.0,0.9333333333333333,1.2916724405629003
2429,cicids2017_wed_c1,0.050000000000000044,-2.600000000000003,40,0.4230769230769231,1.0,0.5945945945945945,1.2540222131856607
2430,cicids2017_tue_c0,0.050000000000000044,20.200000000000003,56,0.7857142857142857,0.9428571428571428,0.8571428571428571,1.3009358482996896
2431,cicids2017_fri_c0,0.050000000000000044,20.0,56,0.8421052631578947,0.9142857142857143,0.8767123287671234,1.1942398477041425
2432,cicids2017_wed_c0,0.050000000000000044,19.500000000000007,56,0.6862745098039216,1.0,0.813953488372093,1.2057556030491956
2433,cicids2017_fri_c0,0.050000000000000044,16.5,56,0.8378378378378378,0.8857142857142857,0.8611111111111112,1.2253249900907188
2434,cicids2017_tue_c0,0.050000000000000044,23.500000000000007,56,0.8461538461538461,0.9428571428571428,0.8918918918918919,1.1842471578906202
2435,cicids2017_tue_c0,0.050000000000000044,25.80000000000001,55,0.8292682926829268,0.9714285714285714,0.8947368421052632,1.2413972945731226
2436,cicids2017_wed_c0,0.050000000000000044,19.300000000000004,56,0.723404255319149,0.9714285714285714,0.8292682926829269,1.2541673064292513
2437,cicids2017_wed_c0,0.050000000000000044,14.899999999999997,56,0.6666666666666666,0.9714285714285714,0.7906976744186046,1.1968265354980663
2438,cicids2017_wed_c0,0.050000000000000044,11.399999999999999,56,0.66,0.9428571428571428,0.7764705882352942,1.2275890541633918
2439,cicids2017_wed_c1,0.050000000000000044,-1.500000000000003,40,0.44,1.0,0.6111111111111112,1.2330048269035303
2440,cicids2017_fri_c0,0.050000000000000044,22.299999999999997,57,0.8888888888888888,0.9142857142857143,0.9014084507042254,1.2652646373146506
2441,cicids2017_tue_c0,0.050000000000000044,30.500000000000007,56,0.8536585365853658,1.0,0.9210526315789475,1.2220709841938766
2442,cicids2017_fri_c0,0.050000000000000044,21.5,58,0.8048780487804879,0.9428571428571428,0.868421052631579,1.2367633928393913
2443,cicids2017_fri_c0,0.050000000000000044,19.200000000000003,59,0.8205128205128205,0.9142857142857143,0.8648648648648648,1.2203154046225027
2444,cicids2017_fri_c0,0.050000000000000044,20.299999999999997,57,0.7857142857142857,0.9428571428571428,0.8571428571428571,1.2487268000401135
2445,cicids2017_wed_c0,0.050000000000000044,16.200000000000003,56,0.6481481481481481,1.0,0.7865168539325843,1.2391096043281564
2446,cicids2017_wed_c1,0.050000000000000044,-5.200000000000001,38,0.4166666666666667,0.9090909090909091,0.5714285714285715,1.2662643230837385
2447,cicids2017_wed_c1,0.050000000000000044,3.299999999999994,35,0.625,0.9090909090909091,0.7407407407407406,1.305990358346443
2448,cicids2017_wed_c0,0.050000000000000044,8.399999999999999,59,0.6226415094339622,0.9428571428571428,0.7500000000000001,1.242288067979712
2449,cicids2017_wed_c1,0.050000000000000044,2.599999999999998,37,0.5238095238095238,1.0,0.6875000000000001,1.2311832319360698
2450,cicids2017_fri_c0,0.050000000000000044,9.300000000000008,56,0.9032258064516129,0.8,0.8484848484848486,1.2851267567861817
2451,cicids2017_wed_c1,0.050000000000000044,-25.199999999999996,44,0.23076923076923078,0.5454545454545454,0.3243243243243243,1.3204663682912665
2452,cicids2017_wed_c1,0.050000000000000044,2.3,36,0.5882352941176471,0.9090909090909091,0.7142857142857143,1.2344192361405613
2453,cicids2017_fri_c0,0.050000000000000044,19.0,57,0.8205128205128205,0.9142857142857143,0.8648648648648648,1.240981185549971
2454,cicids2017_tue_c0,0.050000000000000044,23.800000000000004,55,0.7446808510638298,1.0,0.8536585365853657,1.2543488391729007
2455,cicids2017_wed_c1,0.050000000000000044,-5.1,37,0.39285714285714285,1.0,0.5641025641025641,1.2483788356876722
2456,cicids2017_tue_c0,0.050000000000000044,25.000000000000007,56,0.7608695652173914,1.0,0.8641975308641976,1.2484601430306992
2457,cicids2017_wed_c1,0.050000000000000044,1.4000000000000012,40,0.6428571428571429,0.8181818181818182,0.7200000000000001,1.2474843855934772
2458,cicids2017_wed_c1,0.050000000000000044,4.399999999999996,35,0.6666666666666666,0.9090909090909091,0.7692307692307692,1.170976242683947
2459,cicids2017_tue_c0,0.050000000000000044,26.900000000000006,55,0.85,0.9714285714285714,0.9066666666666667,1.1753887406104429
2460,cicids2017_fri_c0,0.050000000000000044,30.30000000000001,56,0.918918918918919,0.9714285714285714,0.9444444444444445,1.2467154305269683
2461,cicids2017_tue_c0,0.050000000000000044,26.700000000000003,53,0.85,0.9714285714285714,0.9066666666666667,1.239136074737118
2462,cicids2017_fri_c0,0.050000000000000044,28.100000000000005,54,0.813953488372093,1.0,0.8974358974358974,1.2033990629336815
2463,cicids2017_tue_c0,0.050000000000000044,31.200000000000003,52,0.875,1.0,0.9333333333333333,1.2173617344285415
2464,cicids2017_wed_c0,0.050000000000000044,13.800000000000004,56,0.6538461538461539,0.9714285714285714,0.7816091954022988,1.2110003734405086
2465,cicids2017_tue_c0,0.050000000000000044,24.60000000000001,54,0.8095238095238095,0.9714285714285714,0.8831168831168832,1.2322313770035587
2466,cicids2017_fri_c0,0.050000000000000044,21.4,57,0.8048780487804879,0.9428571428571428,0.868421052631579,1.1737571764395993
2467,cicids2017_tue_c0,0.050000000000000044,25.700000000000003,54,0.8292682926829268,0.9714285714285714,0.8947368421052632,1.2059881402969295
2468,cicids2017_wed_c0,0.050000000000000044,14.899999999999999,56,0.6666666666666666,0.9714285714285714,0.7906976744186046,1.1773792759696342
2469,cicids2017_fri_c0,0.050000000000000044,28.099999999999998,56,0.8717948717948718,0.9714285714285714,0.9189189189189189,1.1788201327094232
2470,cicids2017_fri_c0,0.050000000000000044,18.699999999999996,58,0.967741935483871,0.8571428571428571,0.909090909090909,1.2525133408801947
2471,cicids2017_wed_c1,0.050000000000000044,-24.6,44,0.23684210526315788,0.8181818181818182,0.3673469387755102,1.2298227474043144
2472,cicids2017_fri_c0,0.050000000000000044,22.1,55,0.8888888888888888,0.9142857142857143,0.9014084507042254,1.2365070514628895
2473,cicids2017_tue_c0,0.050000000000000044,28.1,54,0.813953488372093,1.0,0.8974358974358974,1.2546160639838575
2474,cicids2017_fri_c0,0.050000000000000044,28.2,57,0.8717948717948718,0.9714285714285714,0.9189189189189189,1.1511848307390173
2475,cicids2017_fri_c0,0.050000000000000044,22.799999999999997,58,0.7727272727272727,0.9714285714285714,0.8607594936708862,1.2221122492657266
2476,cicids2017_tue_c0,0.050000000000000044,24.400000000000002,52,0.8095238095238095,0.9714285714285714,0.8831168831168832,1.1919627915412823
2477,cicids2017_wed_c0,0.050000000000000044,21.400000000000006,53,0.7142857142857143,1.0,0.8333333333333333,1.228054080627093
2478,cicids2017_fri_c0,0.050000000000000044,13.499999999999996,59,0.775,0.8857142857142857,0.8266666666666667,1.2210714992302014
2479,cicids2017_fri_c0,0.050000000000000044,14.399999999999999,59,0.8571428571428571,0.8571428571428571,0.8571428571428571,1.226133796271639
2480,cicids2017_fri_c0,0.050000000000000044,28.20000000000001,57,0.8717948717948718,0.9714285714285714,0.9189189189189189,1.2902259126160511
2481,cicids2017_wed_c0,0.050000000000000044,11.799999999999999,58,0.6296296296296297,0.9714285714285714,0.7640449438202247,1.2995954548495308
2482,cicids2017_wed_c1,0.050000000000000044,5.5999999999999925,45,0.5789473684210527,1.0,0.7333333333333334,1.1872647813060282
2483,cicids2017_fri_c0,0.050000000000000044,-0.7000000000000028,57,0.75,0.7714285714285715,0.7605633802816902,1.2410065978358171
2484,cicids2017_tue_c0,0.050000000000000044,24.800000000000004,56,0.8095238095238095,0.9714285714285714,0.8831168831168832,1.1591460950519819
2485,cicids2017_tue_c0,0.050000000000000044,19.9,55,0.8421052631578947,0.9142857142857143,0.8767123287671234,1.2149525126735026
2486,cicids2017_tue_c0,0.050000000000000044,18.40000000000001,51,0.8205128205128205,0.9142857142857143,0.8648648648648648,1.1964610413128907
2487,cicids2017_fri_c0,0.050000000000000044,22.5,57,0.825,0.9428571428571428,0.88,1.1828120503793889
2488,cicids2017_fri_c0,0.050000000000000044,25.8,55,0.8292682926829268,0.9714285714285714,0.8947368421052632,1.1741663489978782
2489,cicids2017_wed_c0,0.050000000000000044,14.899999999999999,56,0.6666666666666666,0.9714285714285714,0.7906976744186046,1.2032235230818338
2490,cicids2017_tue_c0,0.050000000000000044,17.500000000000007,53,0.8,0.9142857142857143,0.8533333333333333,1.198440125519252
2491,cicids2017_tue_c0,0.050000000000000044,29.30000000000002,57,0.8947368421052632,0.9714285714285714,0.9315068493150684,1.1733917110072354
2492,cicids2017_tue_c0,0.050000000000000044,25.700000000000003,54,0.8292682926829268,0.9714285714285714,0.8947368421052632,1.1516518526151067
2493,cicids2017_wed_c1,0.050000000000000044,-4.9,39,0.39285714285714285,1.0,0.5641025641025641,1.1956959687616455
2494,cicids2017_wed_c0,0.050000000000000044,20.1,51,0.7,1.0,0.8235294117647058,1.1282148010195279
2495,cicids2017_tue_c0,0.050000000000000044,20.1,53,0.7391304347826086,0.9714285714285714,0.8395061728395062,1.1653183056637584
2496,cicids2017_fri_c0,0.050000000000000044,21.4,55,0.7555555555555555,0.9714285714285714,0.85,1.194776486908083
2497,cicids2017_wed_c1,0.050000000000000044,1.0999999999999956,44,0.4782608695652174,1.0,0.6470588235294118,1.1316932343765531
2498,cicids2017_wed_c1,0.050000000000000044,-7.800000000000002,43,0.3548387096774194,1.0,0.5238095238095238,1.19582475938021
2499,cicids2017_fri_c0,0.050000000000000044,27.0,56,0.85,0.9714285714285714,0.9066666666666667,1.2282758008881096
2500,cicids2017_wed_c1,0.050000000000000044,5.799999999999992,38,0.7142857142857143,0.9090909090909091,0.8,1.065091002139534
2501,cicids2017_wed_c0,0.050000000000000044,5.599999999999998,57,0.6595744680851063,0.8857142857142857,0.7560975609756098,1.1050497448289733
2502,cicids2017_fri_c0,0.050000000000000044,31.500000000000014,55,0.875,1.0,0.9333333333333333,1.134397480282851
2503,cicids2017_wed_c1,0.050000000000000044,0.1000000000000009,47,0.5,0.9090909090909091,0.6451612903225806,1.1867905342110239
2504,cicids2017_fri_c0,0.050000000000000044,8.699999999999998,57,0.75,0.8571428571428571,0.7999999999999999,1.1464547496363922
2505,cicids2017_fri_c0,0.050000000000000044,21.20000000000001,57,0.8648648648648649,0.9142857142857143,0.888888888888889,1.1494904532436478
2506,cicids2017_fri_c0,0.050000000000000044,14.699999999999996,58,0.7441860465116279,0.9142857142857143,0.8205128205128205,1.2080032314626863
2507,cicids2017_tue_c0,0.050000000000000044,22.60000000000001,56,0.7727272727272727,0.9714285714285714,0.8607594936708862,1.1742820891427683
2508,cicids2017_wed_c0,0.050000000000000044,17.400000000000002,57,0.660377358490566,1.0,0.7954545454545454,1.1800813272741257
2509,cicids2017_tue_c0,0.050000000000000044,24.7,55,0.8095238095238095,0.9714285714285714,0.8831168831168832,1.2578311841682341
2510,cicids2017_fri_c0,0.050000000000000044,9.999999999999996,59,0.7692307692307693,0.8571428571428571,0.8108108108108107,1.2206028363897163
2511,cicids2017_fri_c0,0.050000000000000044,3.6999999999999957,57,0.84375,0.7714285714285715,0.8059701492537314,1.2028227576777883
2512,cicids2017_wed_c1,0.050000000000000044,-2.500000000000004,43,0.45454545454545453,0.9090909090909091,0.6060606060606061,1.227406980750985
2513,cicids2017_wed_c1,0.050000000000000044,1.8999999999999981,41,0.5,1.0,0.6666666666666666,1.183350744618403
2514,cicids2017_wed_c1,0.050000000000000044,0.19999999999999823,35,0.4782608695652174,1.0,0.6470588235294118,1.2724931039864698
2515,cicids2017_fri_c0,0.050000000000000044,14.399999999999999,57,0.7948717948717948,0.8857142857142857,0.8378378378378378,1.1985773674543727
2516,cicids2017_wed_c1,0.050000000000000044,-9.8,45,0.3333333333333333,1.0,0.5,1.2170128656845631
2517,cicids2017_wed_c0,0.050000000000000044,10.899999999999999,53,0.6956521739130435,0.9142857142857143,0.7901234567901234,1.1983148367375653
2518,cicids2017_wed_c0,0.050000000000000044,12.799999999999997,57,0.6415094339622641,0.9714285714285714,0.7727272727272727,1.1611254936838318
2519,cicids2017_fri_c0,0.050000000000000044,16.5,56,0.8378378378378378,0.8857142857142857,0.8611111111111112,1.2587548777771336
2520,cicids2017_wed_c1,0.050000000000000044,5.999999999999995,38,0.6111111111111112,1.0,0.7586206896551725,1.21032629992716
2521,cicids2017_tue_c0,0.050000000000000044,15.799999999999997,56,0.717391304347826,0.9428571428571428,0.8148148148148148,1.2262623645309543
2522,cicids2017_fri_c0,0.050000000000000044,24.900000000000002,57,0.8095238095238095,0.9714285714285714,0.8831168831168832,1.1867036024538058
2523,cicids2017_fri_c0,0.050000000000000044,5.399999999999999,59,0.7435897435897436,0.8285714285714286,0.7837837837837838,1.274137467199609
2524,cicids2017_tue_c0,0.050000000000000044,28.000000000000007,55,0.8717948717948718,0.9714285714285714,0.9189189189189189,1.2653666282299605
2525,cicids2017_fri_c0,0.050000000000000044,23.6,57,0.8461538461538461,0.9428571428571428,0.8918918918918919,1.2526629353260945
2526,cicids2017_tue_c0,0.050000000000000044,24.900000000000002,57,0.8095238095238095,0.9714285714285714,0.8831168831168832,1.2525119534764402
2527,cicids2017_tue_c0,0.050000000000000044,25.100000000000005,57,0.7608695652173914,1.0,0.8641975308641976,1.2976943376026113
2528,cicids2017_wed_c1,0.050000000000000044,1.9999999999999987,42,0.5,1.0,0.6666666666666666,1.1981581956849976
2529,cicids2017_fri_c0,0.050000000000000044,24.200000000000006,59,0.7446808510638298,1.0,0.8536585365853657,1.1959799691182216
2530,cicids2017_wed_c0,0.050000000000000044,20.200000000000003,52,0.7,1.0,0.8235294117647058,1.2270298149438938
2531,cicids2017_wed_c1,0.050000000000000044,-3.8999999999999995,40,0.43478260869565216,0.9090909090909091,0.5882352941176471,1.1981144266027044
2532,cicids2017_wed_c1,0.050000000000000044,-3.600000000000003,41,0.4074074074074074,1.0,0.5789473684210525,1.2079326741645526
2533,cicids2017_wed_c1,0.050000000000000044,5.199999999999996,41,0.5789473684210527,1.0,0.7333333333333334,1.277677554750428
2534,cicids2017_fri_c0,0.050000000000000044,27.0,56,0.85,0.9714285714285714,0.9066666666666667,1.1863321958546902
2535,cicids2017_wed_c1,0.050000000000000044,0.7999999999999972,41,0.4782608695652174,1.0,0.6470588235294118,1.1885414845153581
2536,cicids2017_wed_c1,0.050000000000000044,-4.4,44,0.39285714285714285,1.0,0.5641025641025641,1.2439666721998135
2537,cicids2017_tue_c0,0.050000000000000044,26.60000000000001,52,0.85,0.9714285714285714,0.9066666666666667,1.20209659321896
2538,cicids2017_tue_c0,0.050000000000000044,21.70000000000001,58,0.7555555555555555,0.9714285714285714,0.85,1.2040167989194195
2539,cicids2017_wed_c0,0.050000000000000044,21.200000000000003,51,0.7142857142857143,1.0,0.8333333333333333,1.1852582637687707
2540,cicids2017_tue_c0,0.050000000000000044,22.800000000000004,56,0.7291666666666666,1.0,0.8433734939759037,1.2488430306577787
2541,cicids2017_tue_c0,0.050000000000000044,22.6,56,0.7727272727272727,0.9714285714285714,0.8607594936708862,1.241279801027342
2542,cicids2017_wed_c1,0.050000000000000044,-10.700000000000001,38,0.3448275862068966,0.9090909090909091,0.5000000000000001,1.2898383463047378
2543,cicids2017_wed_c1,0.050000000000000044,2.899999999999998,40,0.5238095238095238,1.0,0.6875000000000001,1.2473224686915099
2544,cicids2017_tue_c0,0.050000000000000044,27.200000000000003,56,0.7954545454545454,1.0,0.8860759493670886,1.1957731538096925
2545,cicids2017_wed_c1,0.050000000000000044,5.4999999999999964,33,0.6111111111111112,1.0,0.7586206896551725,1.2407750894292666
2546,cicids2017_tue_c0,0.050000000000000044,23.6,55,0.7906976744186046,0.9714285714285714,0.8717948717948717,1.188200781132287
2547,cicids2017_wed_c1,0.050000000000000044,-3.400000000000003,43,0.4074074074074074,1.0,0.5789473684210525,1.271466499681822
2548,cicids2017_wed_c0,0.050000000000000044,13.999999999999998,51,0.7441860465116279,0.9142857142857143,0.8205128205128205,1.2642456513843152
2549,cicids2017_tue_c0,0.050000000000000044,24.80000000000001,58,0.868421052631579,0.9428571428571428,0.904109589041096,1.2528707032028221
2550,cicids2017_fri_c0,0.050000000000000044,23.400000000000006,57,0.9142857142857143,0.9142857142857143,0.9142857142857143,1.2652377869325462
2551,cicids2017_wed_c0,0.050000000000000044,13.200000000000001,52,0.6875,0.9428571428571428,0.7951807228915663,1.2442541685096085
2552,cicids2017_tue_c0,0.050000000000000044,28.10000000000001,56,0.8717948717948718,0.9714285714285714,0.9189189189189189,1.3162238864750389
2553,cicids2017_fri_c0,0.050000000000000044,27.1,57,0.85,0.9714285714285714,0.9066666666666667,1.3066982376567189
2554,cicids2017_fri_c0,0.050000000000000044,22.5,57,0.825,0.9428571428571428,0.88,1.1722444756811732
2555,cicids2017_wed_c1,0.050000000000000044,0.40000000000000024,37,0.4782608695652174,1.0,0.6470588235294118,1.202869674309263
2556,cicids2017_fri_c0,0.050000000000000044,28.5,58,0.813953488372093,1.0,0.8974358974358974,1.149159338527472
2557,cicids2017_wed_c1,0.050000000000000044,-6.700000000000005,43,0.36666666666666664,1.0,0.5365853658536585,1.2216847084103644
2558,cicids2017_wed_c1,0.050000000000000044,2.399999999999995,35,0.5238095238095238,1.0,0.6875000000000001,1.307279404852591
2559,cicids2017_fri_c0,0.050000000000000044,17.600000000000005,56,0.8611111111111112,0.8857142857142857,0.8732394366197184,1.1951320975201054
2560,cicids2017_wed_c0,0.050000000000000044,16.800000000000004,53,0.6938775510204082,0.9714285714285714,0.8095238095238094,1.1942612494571005
2561,cicids2017_wed_c0,0.050000000000000044,15.700000000000001,53,0.68,0.9714285714285714,0.8,1.2633388330420738
2562,cicids2017_tue_c0,0.050000000000000044,18.1,57,0.75,0.9428571428571428,0.8354430379746834,1.197781916909301
2563,cicids2017_wed_c0,0.050000000000000044,17.299999999999997,56,0.660377358490566,1.0,0.7954545454545454,1.1892803816115907
2564,cicids2017_tue_c0,0.050000000000000044,28.900000000000013,53,0.8947368421052632,0.9714285714285714,0.9315068493150684,1.1566734778865448
2565,cicids2017_tue_c0,0.050000000000000044,17.80000000000001,56,0.8,0.9142857142857143,0.8533333333333333,1.2389449342130245
2566,cicids2017_tue_c0,0.050000000000000044,13.9,52,0.7948717948717948,0.8857142857142857,0.8378378378378378,1.232495052171669
2567,cicids2017_wed_c1,0.050000000000000044,-1.3000000000000027,42,0.44,1.0,0.6111111111111112,1.2330004799471443
2568,cicids2017_wed_c0,0.050000000000000044,12.6,55,0.6415094339622641,0.9714285714285714,0.7727272727272727,1.2288302023980144
2569,cicids2017_tue_c0,0.050000000000000044,22.300000000000004,53,0.7727272727272727,0.9714285714285714,0.8607594936708862,1.2262635008909109
2570,cicids2017_wed_c1,0.050000000000000044,3.0999999999999943,35,0.75,0.8181818181818182,0.7826086956521738,1.253153176323519
2571,cicids2017_wed_c1,0.050000000000000044,6.199999999999992,42,0.7142857142857143,0.9090909090909091,0.8,1.257611349799396
2572,cicids2017_wed_c1,0.050000000000000044,-4.000000000000001,37,0.4074074074074074,1.0,0.5789473684210525,1.1756258800929933
2573,cicids2017_wed_c0,0.050000000000000044,12.700000000000001,56,0.6415094339622641,0.9714285714285714,0.7727272727272727,1.3239300424849492
2574,cicids2017_tue_c0,0.050000000000000044,22.30000000000001,55,0.825,0.9428571428571428,0.88,1.2466208992820633
2575,cicids2017_wed_c1,0.050000000000000044,-4.200000000000001,46,0.39285714285714285,1.0,0.5641025641025641,1.3011756328696453
2576,cicids2017_tue_c0,0.050000000000000044,24.700000000000014,55,0.8095238095238095,0.9714285714285714,0.8831168831168832,1.2367744773224358
2577,cicids2017_tue_c0,0.050000000000000044,18.0,56,0.75,0.9428571428571428,0.8354430379746834,1.208998473028583
2578,cicids2017_tue_c0,0.050000000000000044,20.100000000000005,55,0.7857142857142857,0.9428571428571428,0.8571428571428571,1.2400823859601309
2579,cicids2017_wed_c1,0.050000000000000044,-2.600000000000001,40,0.4230769230769231,1.0,0.5945945945945945,1.2479166564235247
2580,cicids2017_wed_c0,0.050000000000000044,13.2,52,0.6875,0.9428571428571428,0.7951807228915663,1.2375314343745538
2581,cicids2017_tue_c0,0.050000000000000044,19.20000000000001,57,0.7674418604651163,0.9428571428571428,0.8461538461538461,1.2251697274004498
2582,cicids2017_tue_c0,0.050000000000000044,22.40000000000001,54,0.7727272727272727,0.9714285714285714,0.8607594936708862,1.1686140346825193
2583,cicids2017_tue_c0,0.050000000000000044,28.10000000000001,54,0.813953488372093,1.0,0.8974358974358974,1.2116869110695023
2584,cicids2017_wed_c0,0.050000000000000044,15.200000000000001,50,0.717391304347826,0.9428571428571428,0.8148148148148148,1.1679030655651033
2585,cicids2017_tue_c0,0.050000000000000044,23.90000000000001,56,0.7446808510638298,1.0,0.8536585365853657,1.1914982275276649
2586,cicids2017_wed_c0,0.050000000000000044,21.3,52,0.7142857142857143,1.0,0.8333333333333333,1.2237911661752652
2587,cicids2017_tue_c0,0.050000000000000044,23.60000000000001,55,0.7906976744186046,0.9714285714285714,0.8717948717948717,1.2152555756853984
2588,cicids2017_tue_c0,0.050000000000000044,30.10000000000001,52,0.8536585365853658,1.0,0.9210526315789475,1.204453370054894
2589,cicids2017_wed_c1,0.050000000000000044,-2.000000000000001,35,0.44,1.0,0.6111111111111112,1.202414598894072
2590,cicids2017_tue_c0,0.050000000000000044,15.800000000000002,58,0.7619047619047619,0.9142857142857143,0.8311688311688312,1.2095152736117278
2591,cicids2017_fri_c0,0.050000000000000044,22.700000000000003,59,0.825,0.9428571428571428,0.88,1.2918775868028627
2592,cicids2017_tue_c0,0.050000000000000044,25.000000000000007,56,0.7608695652173914,1.0,0.8641975308641976,1.2089492556851174
2593,cicids2017_wed_c0,0.050000000000000044,18.0,54,0.7083333333333334,0.9714285714285714,0.8192771084337349,1.2288446654209182
2594,cicids2017_fri_c0,0.050000000000000044,28.400000000000006,59,0.8717948717948718,0.9714285714285714,0.9189189189189189,1.2721355810806647
2595,cicids2017_tue_c0,0.050000000000000044,24.4,52,0.8095238095238095,0.9714285714285714,0.8831168831168832,1.3128464034914058
2596,cicids2017_fri_c0,0.050000000000000044,26.1,58,0.8292682926829268,0.9714285714285714,0.8947368421052632,1.2991409402557275
2597,cicids2017_wed_c0,0.050000000000000044,19.500000000000004,56,0.6862745098039216,1.0,0.813953488372093,1.2615087808840164
2598,cicids2017_wed_c0,0.050000000000000044,17.700000000000003,51,0.7083333333333334,0.9714285714285714,0.8192771084337349,1.3264302013232214
2599,cicids2017_wed_c1,0.050000000000000044,2.8999999999999972,40,0.5238095238095238,1.0,0.6875000000000001,1.4000648843908305
2600,cicids2017_tue_c0,0.050000000000000044,24.60000000000001,54,0.8095238095238095,0.9714285714285714,0.8831168831168832,1.334736044333557
2601,cicids2017_wed_c1,0.050000000000000044,-2.9000000000000026,39,0.45454545454545453,0.9090909090909091,0.6060606060606061,1.2200267502653492
2602,cicids2017_fri_c0,0.050000000000000044,28.400000000000006,57,0.813953488372093,1.0,0.8974358974358974,1.1859917227634185
2603,cicids2017_wed_c1,0.050000000000000044,-4.700000000000004,41,0.39285714285714285,1.0,0.5641025641025641,1.1888989285564027
2604,cicids2017_wed_c0,0.050000000000000044,4.6,56,0.6153846153846154,0.9142857142857143,0.7356321839080461,1.1781005806235645
2605,cicids2017_wed_c1,0.050000000000000044,-4.700000000000001,41,0.39285714285714285,1.0,0.5641025641025641,1.1753841622075367
2606,cicids2017_wed_c1,0.050000000000000044,-1.5,40,0.44,1.0,0.6111111111111112,1.2980561419902776
2607,cicids2017_wed_c0,0.050000000000000044,14.100000000000007,59,0.6538461538461539,0.9714285714285714,0.7816091954022988,1.2850620833896562
2608,cicids2017_tue_c0,0.050000000000000044,14.200000000000006,55,0.7948717948717948,0.8857142857142857,0.8378378378378378,1.2753310070537658
2609,cicids2017_wed_c0,0.050000000000000044,18.300000000000004,55,0.6730769230769231,1.0,0.8045977011494253,1.2826940483479043
2610,cicids2017_wed_c1,0.050000000000000044,4.163336342344337e-16,44,0.4583333333333333,1.0,0.6285714285714286,1.2755756908006832
2611,cicids2017_wed_c1,0.050000000000000044,-5.600000000000001,43,0.3793103448275862,1.0,0.5499999999999999,1.2288561735946273
2612,cicids2017_wed_c1,0.050000000000000044,9.499999999999993,40,0.7333333333333333,1.0,0.846153846153846,1.2988664947658262
2613,cicids2017_fri_c0,0.050000000000000044,16.8,57,0.7804878048780488,0.9142857142857143,0.8421052631578947,1.235051607754015
2614,cicids2017_wed_c0,0.050000000000000044,17.300000000000004,56,0.660377358490566,1.0,0.7954545454545454,1.2978368092033785
2615,cicids2017_fri_c0,0.050000000000000044,8.799999999999997,58,0.75,0.8571428571428571,0.7999999999999999,1.2773988640793486
2616,cicids2017_wed_c0,0.050000000000000044,11.100000000000003,55,0.6956521739130435,0.9142857142857143,0.7901234567901234,1.2540988373500368
2617,cicids2017_wed_c1,0.050000000000000044,-2.1,36,0.47619047619047616,0.9090909090909091,0.6249999999999999,1.248609467561416
2618,cicids2017_fri_c0,0.050000000000000044,30.700000000000003,58,0.8536585365853658,1.0,0.9210526315789475,1.2827304045023094
2619,cicids2017_wed_c0,0.050000000000000044,15.6,52,0.68,0.9714285714285714,0.8,1.2747640292055844
2620,cicids2017_wed_c1,0.050000000000000044,-5.500000000000002,44,0.3793103448275862,1.0,0.5499999999999999,1.185003262600805
2621,cicids2017_wed_c1,0.050000000000000044,0.6000000000000001,39,0.4782608695652174,1.0,0.6470588235294118,1.2195414212487634
2622,cicids2017_tue_c0,0.050000000000000044,23.700000000000003,56,0.7906976744186046,0.9714285714285714,0.8717948717948717,1.2458103004386984
2623,cicids2017_fri_c0,0.050000000000000044,30.000000000000007,53,0.918918918918919,0.9714285714285714,0.9444444444444445,1.2283290846173405
2624,cicids2017_wed_c1,0.050000000000000044,-8.3,40,0.37037037037037035,0.9090909090909091,0.5263157894736842,1.2173050076377876
2625,cicids2017_wed_c1,0.050000000000000044,-5.700000000000003,42,0.3793103448275862,1.0,0.5499999999999999,1.2846970851916952
2626,cicids2017_wed_c0,0.050000000000000044,18.200000000000003,54,0.6730769230769231,1.0,0.8045977011494253,1.2623911054162549
2627,cicids2017_wed_c1,0.050000000000000044,-0.5000000000000017,41,0.5,0.9090909090909091,0.6451612903225806,1.3501155608526467
2628,cicids2017_fri_c0,0.050000000000000044,19.200000000000003,59,0.8205128205128205,0.9142857142857143,0.8648648648648648,1.2239114041594572
2629,cicids2017_wed_c0,0.050000000000000044,11.7,57,0.6296296296296297,0.9714285714285714,0.7640449438202247,1.2563052013730427
2630,cicids2017_fri_c0,0.050000000000000044,0.2999999999999954,56,0.7714285714285715,0.7714285714285715,0.7714285714285715,1.266617839839159
2631,cicids2017_wed_c1,0.050000000000000044,3.2999999999999954,46,0.5882352941176471,0.9090909090909091,0.7142857142857143,1.3235192377900662
2632,cicids2017_wed_c0,0.050000000000000044,14.900000000000002,56,0.6666666666666666,0.9714285714285714,0.7906976744186046,1.3379198504714924
2633,cicids2017_wed_c1,0.050000000000000044,5.499999999999998,33,0.6111111111111112,1.0,0.7586206896551725,1.2841425604266559
2634,cicids2017_wed_c0,0.050000000000000044,16.000000000000004,56,0.68,0.9714285714285714,0.8,1.1739558054266201
2635,cicids2017_fri_c0,0.050000000000000044,19.199999999999996,59,0.8205128205128205,0.9142857142857143,0.8648648648648648,1.3277080773680938
2636,cicids2017_fri_c0,0.050000000000000044,20.099999999999994,57,0.8421052631578947,0.9142857142857143,0.8767123287671234,1.2237347459225438
2637,cicids2017_tue_c0,0.050000000000000044,27.80000000000001,53,0.8717948717948718,0.9714285714285714,0.9189189189189189,1.2182285998834423
2638,cicids2017_wed_c0,0.050000000000000044,13.5,55,0.6875,0.9428571428571428,0.7951807228915663,1.31449294233994
2639,cicids2017_fri_c0,0.050000000000000044,18.0,58,0.8,0.9142857142857143,0.8533333333333333,1.3208925115799413
2640,cicids2017_wed_c1,0.050000000000000044,3.299999999999997,33,0.55,1.0,0.7096774193548387,1.3124354065389834
2641,cicids2017_fri_c0,0.050000000000000044,-7.100000000000003,59,0.6428571428571429,0.7714285714285715,0.7012987012987013,1.334943523549231
2642,cicids2017_tue_c0,0.050000000000000044,20.400000000000006,56,0.7391304347826086,0.9714285714285714,0.8395061728395062,1.32492076506603
2643,cicids2017_fri_c0,0.050000000000000044,23.700000000000003,58,0.8461538461538461,0.9428571428571428,0.8918918918918919,1.3213085210963873
2644,cicids2017_tue_c0,0.050000000000000044,19.900000000000006,53,0.7857142857142857,0.9428571428571428,0.8571428571428571,1.3401357701139165
2645,cicids2017_tue_c0,0.050000000000000044,23.70000000000001,56,0.7906976744186046,0.9714285714285714,0.8717948717948717,1.3099445348769787
2646,cicids2017_fri_c0,0.050000000000000044,19.900000000000002,55,0.8421052631578947,0.9142857142857143,0.8767123287671234,1.2669982915517755
2647,cicids2017_wed_c0,0.050000000000000044,23.70000000000001,54,0.7446808510638298,1.0,0.8536585365853657,1.2562923821129217
2648,cicids2017_wed_c1,0.050000000000000044,3.199999999999996,43,0.5238095238095238,1.0,0.6875000000000001,1.279159423749709
2649,cicids2017_wed_c1,0.050000000000000044,1.3999999999999964,36,0.5,1.0,0.6666666666666666,1.2314449882438916
2650,cicids2017_tue_c0,0.050000000000000044,22.6,54,0.7291666666666666,1.0,0.8433734939759037,1.2697090759227427
2651,cicids2017_wed_c1,0.050000000000000044,-14.4,45,0.30303030303030304,0.9090909090909091,0.45454545454545453,1.3358763409410483
2652,cicids2017_wed_c1,0.050000000000000044,-8.500000000000002,38,0.37037037037037035,0.9090909090909091,0.5263157894736842,1.2581866434224558
2653,cicids2017_wed_c1,0.050000000000000044,-9.600000000000001,38,0.35714285714285715,0.9090909090909091,0.5128205128205129,1.2420073083364445
2654,cicids2017_tue_c0,0.050000000000000044,15.800000000000004,58,0.7619047619047619,0.9142857142857143,0.8311688311688312,1.2707639314267016
2655,cicids2017_wed_c1,0.050000000000000044,-2.5,41,0.4230769230769231,1.0,0.5945945945945945,1.233157669217494
2656,cicids2017_wed_c0,0.050000000000000044,13.600000000000001,54,0.6538461538461539,0.9714285714285714,0.7816091954022988,1.2548725351550103
2657,cicids2017_fri_c0,0.050000000000000044,20.300000000000004,57,0.7857142857142857,0.9428571428571428,0.8571428571428571,1.30615294074662
2658,cicids2017_tue_c0,0.050000000000000044,24.400000000000006,54,0.868421052631579,0.9428571428571428,0.904109589041096,1.306454127145891
2659,cicids2017_wed_c0,0.050000000000000044,14.100000000000001,57,0.625,1.0,0.7692307692307693,1.2249425104219542
2660,cicids2017_fri_c0,0.050000000000000044,23.500000000000007,56,0.8461538461538461,0.9428571428571428,0.8918918918918919,1.2603204507835664
2661,cicids2017_tue_c0,0.050000000000000044,16.700000000000003,56,0.7804878048780488,0.9142857142857143,0.8421052631578947,1.291228059116687
2662,cicids2017_wed_c1,0.050000000000000044,-10.9,40,0.38095238095238093,0.7272727272727273,0.5,1.3027180070856108
2663,cicids2017_fri_c0,0.050000000000000044,11.900000000000004,56,0.8108108108108109,0.8571428571428571,0.8333333333333334,1.2621162771804175
2664,cicids2017_tue_c0,0.050000000000000044,23.500000000000007,56,0.8461538461538461,0.9428571428571428,0.8918918918918919,1.2910026140587552
2665,cicids2017_fri_c0,0.050000000000000044,15.600000000000005,58,0.8157894736842105,0.8857142857142857,0.8493150684931505,1.2808020027892912
2666,cicids2017_wed_c0,0.050000000000000044,12.7,56,0.6415094339622641,0.9714285714285714,0.7727272727272727,1.3092838332662506
2667,cicids2017_fri_c0,0.050000000000000044,20.200000000000003,58,0.8421052631578947,0.9142857142857143,0.8767123287671234,1.2362803304060364
2668,cicids2017_wed_c1,0.050000000000000044,5.0999999999999925,42,0.6666666666666666,0.9090909090909091,0.7692307692307692,1.2721071452550723
2669,cicids2017_fri_c0,0.050000000000000044,28.4,57,0.813953488372093,1.0,0.8974358974358974,1.3076311554134437
2670,cicids2017_wed_c1,0.050000000000000044,8.099999999999994,37,0.6875,1.0,0.8148148148148148,1.297020254295494
2671,cicids2017_wed_c1,0.050000000000000044,-6.300000000000001,38,0.4,0.9090909090909091,0.5555555555555556,1.3049759447967963
2672,cicids2017_wed_c1,0.050000000000000044,-0.20000000000000082,42,0.4583333333333333,1.0,0.6285714285714286,1.2665090966430648
2673,cicids2017_wed_c1,0.050000000000000044,-0.7000000000000006,37,0.4583333333333333,1.0,0.6285714285714286,1.3247846440258932
2674,cicids2017_fri_c0,0.050000000000000044,18.0,58,0.8,0.9142857142857143,0.8533333333333333,1.2946985532992057
2675,cicids2017_wed_c1,0.050000000000000044,-1.799999999999999,37,0.44,1.0,0.6111111111111112,1.2564164447604314
2676,cicids2017_wed_c0,0.050000000000000044,13.7,55,0.6538461538461539,0.9714285714285714,0.7816091954022988,1.3011803598201128
2677,cicids2017_wed_c1,0.050000000000000044,-0.6000000000000005,38,0.4583333333333333,1.0,0.6285714285714286,1.3026219202915834
2678,cicids2017_wed_c1,0.050000000000000044,8.099999999999994,37,0.6875,1.0,0.8148148148148148,1.2979563042449511
2679,cicids2017_wed_c0,0.050000000000000044,14.800000000000002,55,0.6666666666666666,0.9714285714285714,0.7906976744186046,1.2468081152348462
2680,cicids2017_tue_c0,0.050000000000000044,15.7,57,0.7619047619047619,0.9142857142857143,0.8311688311688312,1.2085433149137892
2681,cicids2017_fri_c0,0.050000000000000044,31.500000000000007,55,0.875,1.0,0.9333333333333333,1.2036580986519674
2682,cicids2017_fri_c0,0.050000000000000044,16.999999999999996,57,0.7333333333333333,0.9428571428571428,0.8250000000000001,1.2055990113910617
2683,cicids2017_tue_c0,0.050000000000000044,18.50000000000001,52,0.8205128205128205,0.9142857142857143,0.8648648648648648,1.1552409503335723
2684,cicids2017_wed_c1,0.050000000000000044,-9.000000000000004,44,0.35714285714285715,0.9090909090909091,0.5128205128205129,1.2322067189316408
2685,cicids2017_wed_c0,0.050000000000000044,6.799999999999999,56,0.64,0.9142857142857143,0.7529411764705883,1.2114142857147334
2686,cicids2017_tue_c0,0.050000000000000044,23.400000000000013,55,0.8461538461538461,0.9428571428571428,0.8918918918918919,1.2401620892260419
2687,cicids2017_fri_c0,0.050000000000000044,9.499999999999996,54,0.7692307692307693,0.8571428571428571,0.8108108108108107,1.1945864445394319
2688,cicids2017_wed_c0,0.050000000000000044,13.799999999999997,56,0.6538461538461539,0.9714285714285714,0.7816091954022988,1.1702362152457593
2689,cicids2017_wed_c0,0.050000000000000044,17.1,56,0.6938775510204082,0.9714285714285714,0.8095238095238094,1.270358677147646
2690,cicids2017_wed_c1,0.050000000000000044,-2.2,33,0.44,1.0,0.6111111111111112,1.3051922477544586
2691,cicids2017_wed_c0,0.050000000000000044,11.3,55,0.66,0.9428571428571428,0.7764705882352942,1.2374323099249296
2692,cicids2017_wed_c0,0.050000000000000044,18.1,53,0.6730769230769231,1.0,0.8045977011494253,1.2934886514687964
2693,cicids2017_wed_c1,0.050000000000000044,-1.299999999999998,46,0.5294117647058824,0.8181818181818182,0.6428571428571428,1.2267389195848863
2694,cicids2017_tue_c0,0.050000000000000044,25.10000000000001,50,0.8918918918918919,0.9428571428571428,0.9166666666666667,1.266059492547437
2695,cicids2017_wed_c1,0.050000000000000044,-2.5000000000000027,41,0.4230769230769231,1.0,0.5945945945945945,1.2482372723432218
2696,cicids2017_tue_c0,0.050000000000000044,24.700000000000003,55,0.8095238095238095,0.9714285714285714,0.8831168831168832,1.2506514696012496
2697,cicids2017_fri_c0,0.050000000000000044,23.599999999999994,57,0.8461538461538461,0.9428571428571428,0.8918918918918919,1.2895474518358818
2698,cicids2017_tue_c0,0.050000000000000044,24.800000000000004,56,0.8095238095238095,0.9714285714285714,0.8831168831168832,1.269810747564099
2699,cicids2017_fri_c0,0.050000000000000044,28.5,58,0.813953488372093,1.0,0.8974358974358974,1.3476994297690121
2700,cicids2017_fri_c0,0.050000000000000044,18.9,56,0.8205128205128205,0.9142857142857143,0.8648648648648648,1.262712880742184
2701,cicids2017_wed_c1,0.050000000000000044,-7.000000000000002,42,0.38461538461538464,0.9090909090909091,0.5405405405405405,1.2831559618759303
2702,cicids2017_wed_c1,0.050000000000000044,-4.000000000000001,41,0.47368421052631576,0.8181818181818182,0.6,1.1577831428375762
2703,cicids2017_fri_c0,0.050000000000000044,12.2,57,0.7560975609756098,0.8857142857142857,0.8157894736842105,1.2861911533823023
2704,cicids2017_wed_c1,0.050000000000000044,4.4999999999999964,45,0.55,1.0,0.7096774193548387,1.2157102858504951
2705,cicids2017_fri_c0,0.050000000000000044,20.2,58,0.8421052631578947,0.9142857142857143,0.8767123287671234,1.2990426875743304
2706,cicids2017_tue_c0,0.050000000000000044,24.400000000000002,52,0.8095238095238095,0.9714285714285714,0.8831168831168832,1.2432591714808687
2707,cicids2017_wed_c0,0.050000000000000044,18.4,56,0.6730769230769231,1.0,0.8045977011494253,1.2761046280351995
2708,cicids2017_tue_c0,0.050000000000000044,22.000000000000004,52,0.825,0.9428571428571428,0.88,1.2037426813398378
2709,cicids2017_wed_c0,0.050000000000000044,10.0,53,0.6470588235294118,0.9428571428571428,0.7674418604651163,1.225473639279522
2710,cicids2017_wed_c1,0.050000000000000044,2.9999999999999973,41,0.5238095238095238,1.0,0.6875000000000001,1.268316046548354
2711,cicids2017_fri_c0,0.050000000000000044,19.000000000000007,57,0.8205128205128205,0.9142857142857143,0.8648648648648648,1.2466171812231859
2712,cicids2017_fri_c0,0.050000000000000044,10.799999999999995,56,0.7894736842105263,0.8571428571428571,0.8219178082191781,1.2829897361586953
2713,cicids2017_wed_c1,0.050000000000000044,-2.1000000000000005,45,0.4230769230769231,1.0,0.5945945945945945,1.2720597773175712
2714,cicids2017_wed_c0,0.050000000000000044,1.0999999999999996,56,0.6078431372549019,0.8857142857142857,0.7209302325581395,1.3240002153304424
2715,cicids2017_wed_c0,0.050000000000000044,18.3,55,0.6730769230769231,1.0,0.8045977011494253,1.2891549364045904
2716,cicids2017_tue_c0,0.050000000000000044,24.50000000000001,55,0.868421052631579,0.9428571428571428,0.904109589041096,1.2754746453733372
2717,cicids2017_tue_c0,0.050000000000000044,29.30000000000001,55,0.8333333333333334,1.0,0.9090909090909091,1.2313936256258038
2718,cicids2017_wed_c0,0.050000000000000044,15.0,57,0.6666666666666666,0.9714285714285714,0.7906976744186046,1.2343464414494143
2719,cicids2017_wed_c0,0.050000000000000044,17.499999999999996,58,0.660377358490566,1.0,0.7954545454545454,1.238779137772838
2720,cicids2017_fri_c0,0.050000000000000044,16.599999999999998,55,0.7804878048780488,0.9142857142857143,0.8421052631578947,1.2757890807335928
2721,cicids2017_wed_c0,0.050000000000000044,15.300000000000004,58,0.6363636363636364,1.0,0.7777777777777778,1.2449283018354431
2722,cicids2017_wed_c0,0.050000000000000044,15.700000000000001,53,0.68,0.9714285714285714,0.8,1.2388832771729534
2723,cicids2017_fri_c0,0.050000000000000044,22.400000000000002,56,0.825,0.9428571428571428,0.88,1.1754813849701848
2724,cicids2017_tue_c0,0.050000000000000044,26.900000000000013,57,0.9166666666666666,0.9428571428571428,0.9295774647887323,1.26099567993357
2725,cicids2017_wed_c1,0.050000000000000044,-11.500000000000002,41,0.3333333333333333,0.9090909090909091,0.4878048780487804,1.2122291668934788
2726,cicids2017_wed_c0,0.050000000000000044,8.799999999999999,54,0.6666666666666666,0.9142857142857143,0.7710843373493975,1.2931175334000347
2727,cicids2017_fri_c0,0.050000000000000044,27.3,57,0.7954545454545454,1.0,0.8860759493670886,1.2736121518815229
2728,cicids2017_fri_c0,0.050000000000000044,23.600000000000012,57,0.8461538461538461,0.9428571428571428,0.8918918918918919,1.2102972483562635
2729,cicids2017_wed_c0,0.050000000000000044,11.299999999999999,55,0.66,0.9428571428571428,0.7764705882352942,1.2455775199773678
2730,cicids2017_tue_c0,0.050000000000000044,19.400000000000006,57,0.723404255319149,0.9714285714285714,0.8292682926829269,1.1852905120428794
2731,cicids2017_wed_c1,0.050000000000000044,2.0999999999999948,43,0.5,1.0,0.6666666666666666,1.3228651673459462
2732,cicids2017_wed_c0,0.050000000000000044,15.800000000000002,54,0.68,0.9714285714285714,0.8,1.299810309707992
2733,cicids2017_wed_c1,0.050000000000000044,-7.100000000000001,39,0.36666666666666664,1.0,0.5365853658536585,1.2630467969058448
2734,cicids2017_fri_c0,0.050000000000000044,21.3,56,0.8048780487804879,0.9428571428571428,0.868421052631579,1.233422395656553
2735,cicids2017_tue_c0,0.050000000000000044,22.600000000000005,56,0.7727272727272727,0.9714285714285714,0.8607594936708862,1.2495636773798438
2736,cicids2017_fri_c0,0.050000000000000044,13.099999999999994,57,0.8333333333333334,0.8571428571428571,0.8450704225352113,1.2200014165998376
2737,cicids2017_wed_c0,0.050000000000000044,10.299999999999999,56,0.6470588235294118,0.9428571428571428,0.7674418604651163,1.2862454813444122
2738,cicids2017_fri_c0,0.050000000000000044,23.600000000000005,57,0.8461538461538461,0.9428571428571428,0.8918918918918919,1.3074288976924002
2739,cicids2017_tue_c0,0.050000000000000044,25.800000000000004,55,0.8292682926829268,0.9714285714285714,0.8947368421052632,1.255743472434955
2740,cicids2017_tue_c0,0.050000000000000044,21.3,56,0.8048780487804879,0.9428571428571428,0.868421052631579,1.240885064617198
2741,cicids2017_fri_c0,0.050000000000000044,5.899999999999999,57,0.9,0.7714285714285715,0.8307692307692307,1.3196274092570972
2742,cicids2017_fri_c0,0.050000000000000044,30.500000000000007,56,0.8536585365853658,1.0,0.9210526315789475,1.213592764334166
2743,cicids2017_wed_c0,0.050000000000000044,17.299999999999997,56,0.660377358490566,1.0,0.7954545454545454,1.2534894382425958
2744,cicids2017_wed_c1,0.050000000000000044,-2.7,39,0.4230769230769231,1.0,0.5945945945945945,1.227210409422361
2745,cicids2017_fri_c0,0.050000000000000044,19.399999999999995,59,0.7674418604651163,0.9428571428571428,0.8461538461538461,1.2617152154913311
2746,cicids2017_tue_c0,0.050000000000000044,10.699999999999996,55,0.7894736842105263,0.8571428571428571,0.8219178082191781,1.2315246384541243
2747,cicids2017_fri_c0,0.050000000000000044,27.300000000000004,57,0.7954545454545454,1.0,0.8860759493670886,1.2569449354002296
2748,cicids2017_wed_c1,0.050000000000000044,-4.699999999999999,41,0.39285714285714285,1.0,0.5641025641025641,1.3039535082885116
2749,cicids2017_tue_c0,0.050000000000000044,23.400000000000013,55,0.8461538461538461,0.9428571428571428,0.8918918918918919,1.2283578352375024
2750,cicids2017_wed_c1,0.050000000000000044,-10.000000000000002,43,0.3333333333333333,1.0,0.5,1.3038280308017685
2751,cicids2017_fri_c0,0.050000000000000044,17.999999999999996,58,0.8,0.9142857142857143,0.8533333333333333,1.2625792189517613
2752,cicids2017_fri_c0,0.050000000000000044,22.500000000000007,57,0.825,0.9428571428571428,0.88,1.3680157451080188
2753,cicids2017_wed_c0,0.050000000000000044,14.800000000000002,55,0.6666666666666666,0.9714285714285714,0.7906976744186046,1.248256822651287
2754,cicids2017_wed_c0,0.050000000000000044,12.7,56,0.6415094339622641,0.9714285714285714,0.7727272727272727,1.2527728811568934
2755,cicids2017_wed_c1,0.050000000000000044,-4.6,42,0.39285714285714285,1.0,0.5641025641025641,1.3235822226591296
2756,cicids2017_wed_c1,0.050000000000000044,7.199999999999994,39,0.6470588235294118,1.0,0.7857142857142858,1.2803571760974717
2757,cicids2017_wed_c1,0.050000000000000044,-3.7000000000000015,40,0.4074074074074074,1.0,0.5789473684210525,1.3098501897353483
2758,cicids2017_wed_c0,0.050000000000000044,18.0,54,0.7083333333333334,0.9714285714285714,0.8192771084337349,1.2380151399166561
2759,cicids2017_tue_c0,0.050000000000000044,30.000000000000007,51,0.8536585365853658,1.0,0.9210526315789475,1.2802488590439987
2760,cicids2017_tue_c0,0.050000000000000044,14.2,55,0.7948717948717948,0.8857142857142857,0.8378378378378378,1.2753899518996163
2761,cicids2017_fri_c0,0.050000000000000044,8.700000000000001,59,0.8055555555555556,0.8285714285714286,0.8169014084507044,1.3206336711712614
2762,cicids2017_tue_c0,0.050000000000000044,27.000000000000007,56,0.85,0.9714285714285714,0.9066666666666667,1.3094164866365874
2763,cicids2017_tue_c0,0.050000000000000044,20.000000000000004,54,0.7857142857142857,0.9428571428571428,0.8571428571428571,1.290754912210412
2764,cicids2017_fri_c0,0.050000000000000044,27.0,56,0.85,0.9714285714285714,0.9066666666666667,1.2184011932686292
2765,cicids2017_fri_c0,0.050000000000000044,15.599999999999994,58,0.8157894736842105,0.8857142857142857,0.8493150684931505,1.2939411001000052
2766,cicids2017_wed_c0,0.050000000000000044,14.800000000000002,55,0.6666666666666666,0.9714285714285714,0.7906976744186046,1.316584001669398
2767,cicids2017_tue_c0,0.050000000000000044,20.30000000000001,57,0.7857142857142857,0.9428571428571428,0.8571428571428571,1.2634916331418136
2768,cicids2017_wed_c1,0.050000000000000044,-2.200000000000002,35,0.47619047619047616,0.9090909090909091,0.6249999999999999,1.3550047375044874
2769,cicids2017_tue_c0,0.050000000000000044,16.8,57,0.7804878048780488,0.9142857142857143,0.8421052631578947,1.3834416484595031
2770,cicids2017_wed_c1,0.050000000000000044,0.9999999999999986,36,0.6428571428571429,0.8181818181818182,0.7200000000000001,1.2663256813641608
2771,cicids2017_wed_c0,0.050000000000000044,8.1,56,0.6226415094339622,0.9428571428571428,0.7500000000000001,1.3149557108380248
2772,cicids2017_fri_c0,0.050000000000000044,8.299999999999997,55,0.8055555555555556,0.8285714285714286,0.8169014084507044,1.2300808860629184
2773,cicids2017_fri_c0,0.050000000000000044,15.699999999999998,59,0.8157894736842105,0.8857142857142857,0.8493150684931505,1.3223730735981223
2774,cicids2017_wed_c0,0.050000000000000044,17.1,54,0.660377358490566,1.0,0.7954545454545454,1.253868867531094
2775,cicids2017_wed_c0,0.050000000000000044,7.899999999999999,56,0.6530612244897959,0.9142857142857143,0.7619047619047618,1.2532498852281257
2776,cicids2017_tue_c0,0.050000000000000044,19.000000000000007,55,0.7674418604651163,0.9428571428571428,0.8461538461538461,1.2264510648000142
2777,cicids2017_wed_c0,0.050000000000000044,16.200000000000003,56,0.6481481481481481,1.0,0.7865168539325843,1.2191158962084434
2778,cicids2017_wed_c1,0.050000000000000044,1.9000000000000004,41,0.5,1.0,0.6666666666666666,1.2456205106004092
2779,cicids2017_tue_c0,0.050000000000000044,27.10000000000001,55,0.7954545454545454,1.0,0.8860759493670886,1.2620342676416378
2780,cicids2017_fri_c0,0.050000000000000044,28.0,55,0.8717948717948718,0.9714285714285714,0.9189189189189189,1.2219010826062557
2781,cicids2017_tue_c0,0.050000000000000044,27.900000000000006,54,0.8717948717948718,0.9714285714285714,0.9189189189189189,1.1533376299668587
2782,cicids2017_wed_c1,0.050000000000000044,-7.900000000000004,37,0.4444444444444444,0.7272727272727273,0.5517241379310345,1.2949740612816878
2783,cicids2017_wed_c1,0.050000000000000044,-5.6000000000000005,43,0.3793103448275862,1.0,0.5499999999999999,1.191009119347166
2784,cicids2017_wed_c1,0.050000000000000044,-7.1000000000000005,39,0.36666666666666664,1.0,0.5365853658536585,1.1793187306038075
2785,cicids2017_wed_c1,0.050000000000000044,0.2999999999999975,36,0.4782608695652174,1.0,0.6470588235294118,1.1740495693352064
2786,cicids2017_fri_c0,0.050000000000000044,26.20000000000001,59,0.8292682926829268,0.9714285714285714,0.8947368421052632,1.1437939109541753
2787,cicids2017_tue_c0,0.050000000000000044,12.200000000000003,57,0.7560975609756098,0.8857142857142857,0.8157894736842105,1.1677069497454025
2788,cicids2017_fri_c0,0.050000000000000044,16.5,56,0.8378378378378378,0.8857142857142857,0.8611111111111112,1.1412350851312296
2789,cicids2017_fri_c0,0.050000000000000044,21.499999999999996,58,0.8048780487804879,0.9428571428571428,0.868421052631579,1.2474207165148101
2790,cicids2017_wed_c1,0.050000000000000044,-7.000000000000002,42,0.38461538461538464,0.9090909090909091,0.5405405405405405,1.23614030189019
2791,cicids2017_wed_c1,0.050000000000000044,-5.200000000000001,49,0.4,0.9090909090909091,0.5555555555555556,1.2035291680049878
2792,cicids2017_fri_c0,0.050000000000000044,18.900000000000002,58,0.8857142857142857,0.8857142857142857,0.8857142857142857,1.266286393095534
2793,cicids2017_wed_c0,0.050000000000000044,13.5,53,0.6538461538461539,0.9714285714285714,0.7816091954022988,1.2315350350805627
2794,cicids2017_wed_c0,0.050000000000000044,16.200000000000003,56,0.6481481481481481,1.0,0.7865168539325843,1.1695059916495723
2795,cicids2017_fri_c0,0.050000000000000044,31.5,55,0.875,1.0,0.9333333333333333,1.1461542696010167
2796,cicids2017_wed_c1,0.050000000000000044,-1.0000000000000018,34,0.4583333333333333,1.0,0.6285714285714286,1.1969001815323188
2797,cicids2017_wed_c1,0.050000000000000044,-2.6000000000000014,40,0.4230769230769231,1.0,0.5945945945945945,1.2213063316338661
2798,cicids2017_wed_c0,0.050000000000000044,5.099999999999998,54,0.6976744186046512,0.8571428571428571,0.7692307692307693,1.2205987858875833
2799,cicids2017_wed_c0,0.050000000000000044,8.2,57,0.6226415094339622,0.9428571428571428,0.7500000000000001,1.24966365040036
2800,cicids2017_tue_c0,0.050000000000000044,22.000000000000004,54,0.8888888888888888,0.9142857142857143,0.9014084507042254,1.1957847968660662
2801,cicids2017_wed_c1,0.050000000000000044,1.7999999999999954,40,0.5,1.0,0.6666666666666666,1.1613219198661044
2802,cicids2017_tue_c0,0.050000000000000044,24.800000000000008,56,0.8095238095238095,0.9714285714285714,0.8831168831168832,1.1756202960683486
2803,cicids2017_wed_c1,0.050000000000000044,-3.0000000000000013,36,0.4230769230769231,1.0,0.5945945945945945,1.16892355244001
2804,cicids2017_fri_c0,0.050000000000000044,10.899999999999999,57,0.7894736842105263,0.8571428571428571,0.8219178082191781,1.1764207211529836
2805,cicids2017_fri_c0,0.050000000000000044,27.5,59,0.7954545454545454,1.0,0.8860759493670886,1.164278227358642
2806,cicids2017_wed_c1,0.050000000000000044,-0.40000000000000235,40,0.4583333333333333,1.0,0.6285714285714286,1.1429652910440637
2807,cicids2017_tue_c0,0.050000000000000044,21.400000000000006,55,0.7555555555555555,0.9714285714285714,0.85,1.157535854223655
2808,cicids2017_tue_c0,0.050000000000000044,-12.399999999999995,56,0.7058823529411765,0.6857142857142857,0.6956521739130436,1.141457577225257
2809,cicids2017_wed_c1,0.050000000000000044,-11.400000000000002,44,0.34615384615384615,0.8181818181818182,0.4864864864864865,1.171252878090818
2810,cicids2017_fri_c0,0.050000000000000044,14.199999999999998,57,0.8571428571428571,0.8571428571428571,0.8571428571428571,1.1655969138021216
2811,cicids2017_wed_c0,0.050000000000000044,17.300000000000004,56,0.660377358490566,1.0,0.7954545454545454,1.137509538755198
2812,cicids2017_tue_c0,0.050000000000000044,30.400000000000013,55,0.8536585365853658,1.0,0.9210526315789475,1.195594139682522
2813,cicids2017_fri_c0,0.050000000000000044,12.200000000000001,57,0.7560975609756098,0.8857142857142857,0.8157894736842105,1.2438339151570015
2814,cicids2017_wed_c1,0.050000000000000044,-2.7000000000000024,39,0.4230769230769231,1.0,0.5945945945945945,1.2244811914658111
2815,cicids2017_fri_c0,0.050000000000000044,14.299999999999997,56,0.7948717948717948,0.8857142857142857,0.8378378378378378,1.1904918197786927
2816,cicids2017_fri_c0,0.050000000000000044,21.6,59,0.8048780487804879,0.9428571428571428,0.868421052631579,1.243891423666473
2817,cicids2017_wed_c0,0.050000000000000044,15.600000000000001,52,0.68,0.9714285714285714,0.8,1.2254561071233026
2818,cicids2017_wed_c1,0.050000000000000044,-9.2,40,0.34375,1.0,0.5116279069767442,1.1926012953617438
2819,cicids2017_fri_c0,0.050000000000000044,23.900000000000002,58,0.7906976744186046,0.9714285714285714,0.8717948717948717,1.2170558154372058
2820,cicids2017_wed_c0,0.050000000000000044,21.8,57,0.7142857142857143,1.0,0.8333333333333333,1.2665874036924352
2821,cicids2017_wed_c0,0.050000000000000044,9.199999999999998,58,0.6666666666666666,0.9142857142857143,0.7710843373493975,1.2758036368557741
2822,cicids2017_wed_c1,0.050000000000000044,-9.000000000000002,35,0.391304347826087,0.8181818181818182,0.5294117647058824,1.204413525478361
2823,cicids2017_fri_c0,0.050000000000000044,27.200000000000006,58,0.85,0.9714285714285714,0.9066666666666667,1.222512846992435
2824,cicids2017_wed_c1,0.050000000000000044,0.699999999999994,42,0.5263157894736842,0.9090909090909091,0.6666666666666666,1.241889470612842
2825,cicids2017_wed_c0,0.050000000000000044,12.2,53,0.673469387755102,0.9428571428571428,0.7857142857142857,1.2438947377740264
2826,cicids2017_wed_c1,0.050000000000000044,-2.3000000000000003,43,0.4230769230769231,1.0,0.5945945945945945,1.2083238972011239
2827,cicids2017_tue_c0,0.050000000000000044,22.400000000000006,56,0.825,0.9428571428571428,0.88,1.2481137998305651
2828,cicids2017_wed_c1,0.050000000000000044,-1.8000000000000016,39,0.47619047619047616,0.9090909090909091,0.6249999999999999,1.194126662831806
2829,cicids2017_wed_c0,0.050000000000000044,10.7,58,0.6181818181818182,0.9714285714285714,0.7555555555555554,1.240756583696967
2830,cicids2017_fri_c0,0.050000000000000044,30.300000000000008,56,0.918918918918919,0.9714285714285714,0.9444444444444445,1.1715273474913548
2831,cicids2017_wed_c1,0.050000000000000044,-2.5000000000000004,41,0.4230769230769231,1.0,0.5945945945945945,1.2547543722506744
2832,cicids2017_wed_c1,0.050000000000000044,-0.6000000000000029,38,0.4583333333333333,1.0,0.6285714285714286,1.2246826072200658
2833,cicids2017_tue_c0,0.050000000000000044,16.400000000000002,53,0.7804878048780488,0.9142857142857143,0.8421052631578947,1.2463336862895484
2834,cicids2017_wed_c0,0.050000000000000044,15.899999999999999,55,0.68,0.9714285714285714,0.8,1.2770450824192179
2835,cicids2017_tue_c0,0.050000000000000044,29.1,53,0.8333333333333334,1.0,0.9090909090909091,1.217090488827077
2836,cicids2017_wed_c0,0.050000000000000044,6.699999999999999,55,0.64,0.9142857142857143,0.7529411764705883,1.2277603157273607
2837,cicids2017_wed_c1,0.050000000000000044,-3.600000000000003,41,0.4074074074074074,1.0,0.5789473684210525,1.2320673268058333
2838,cicids2017_wed_c1,0.050000000000000044,-7.9,42,0.3548387096774194,1.0,0.5238095238095238,1.2655398585820903
2839,cicids2017_fri_c0,0.050000000000000044,25.000000000000007,58,0.8095238095238095,0.9714285714285714,0.8831168831168832,1.2014790467460283
2840,cicids2017_wed_c1,0.050000000000000044,-9.700000000000001,46,0.3333333333333333,1.0,0.5,1.1661249929276407
2841,cicids2017_tue_c0,0.050000000000000044,17.9,55,0.75,0.9428571428571428,0.8354430379746834,1.2578246736178247
2842,cicids2017_wed_c0,0.050000000000000044,12.700000000000001,56,0.6415094339622641,0.9714285714285714,0.7727272727272727,1.31497659437961
2843,cicids2017_wed_c1,0.050000000000000044,-4.900000000000003,39,0.39285714285714285,1.0,0.5641025641025641,1.2918139643859594
2844,cicids2017_tue_c0,0.050000000000000044,19.1,54,0.723404255319149,0.9714285714285714,0.8292682926829269,1.305646200219474
2845,cicids2017_tue_c0,0.050000000000000044,18.0,56,0.75,0.9428571428571428,0.8354430379746834,1.2453368580737192
2846,cicids2017_tue_c0,0.050000000000000044,17.800000000000004,56,0.8,0.9142857142857143,0.8533333333333333,1.2233281051612241
2847,cicids2017_wed_c1,0.050000000000000044,-6.900000000000002,41,0.36666666666666664,1.0,0.5365853658536585,1.2199126988295714
2848,cicids2017_tue_c0,0.050000000000000044,16.3,54,0.8378378378378378,0.8857142857142857,0.8611111111111112,1.20963245168563
2849,cicids2017_tue_c0,0.050000000000000044,24.800000000000008,56,0.8095238095238095,0.9714285714285714,0.8831168831168832,1.1828077803149684
2850,cicids2017_tue_c0,0.050000000000000044,28.1,54,0.813953488372093,1.0,0.8974358974358974,1.2216879277326862
2851,cicids2017_fri_c0,0.050000000000000044,27.900000000000006,54,0.8717948717948718,0.9714285714285714,0.9189189189189189,1.216988051777193
2852,cicids2017_tue_c0,0.050000000000000044,27.90000000000001,54,0.8717948717948718,0.9714285714285714,0.9189189189189189,1.3105637457075612
2853,cicids2017_fri_c0,0.050000000000000044,28.299999999999997,58,0.8717948717948718,0.9714285714285714,0.9189189189189189,1.3114863458966641
2854,cicids2017_fri_c0,0.050000000000000044,10.600000000000001,58,0.9333333333333333,0.8,0.8615384615384616,1.277225546058127
2855,cicids2017_wed_c0,0.050000000000000044,18.700000000000003,50,0.723404255319149,0.9714285714285714,0.8292682926829269,1.2309781999346732
2856,cicids2017_fri_c0,0.050000000000000044,17.9,55,0.75,0.9428571428571428,0.8354430379746834,1.2847055353568646
2857,cicids2017_wed_c0,0.050000000000000044,15.100000000000001,56,0.6363636363636364,1.0,0.7777777777777778,1.2646167649984572
2858,cicids2017_wed_c1,0.050000000000000044,-1.299999999999999,35,0.5625,0.8181818181818182,0.6666666666666666,1.221779150034454
2859,cicids2017_wed_c0,0.050000000000000044,17.2,55,0.660377358490566,1.0,0.7954545454545454,1.1873612741184683
2860,cicids2017_tue_c0,0.050000000000000044,19.20000000000001,57,0.7674418604651163,0.9428571428571428,0.8461538461538461,1.247857707794637
2861,cicids2017_fri_c0,0.050000000000000044,26.0,57,0.8292682926829268,0.9714285714285714,0.8947368421052632,1.233790774229393
2862,cicids2017_wed_c1,0.050000000000000044,-3.8000000000000003,39,0.4074074074074074,1.0,0.5789473684210525,1.1711050158229215
2863,cicids2017_wed_c1,0.050000000000000044,4.399999999999997,44,0.55,1.0,0.7096774193548387,1.1436947956925183
2864,cicids2017_wed_c0,0.050000000000000044,19.400000000000006,55,0.6862745098039216,1.0,0.813953488372093,1.2213350025109284
2865,cicids2017_fri_c0,0.050000000000000044,16.699999999999996,56,0.7804878048780488,0.9142857142857143,0.8421052631578947,1.2380474569773354
2866,cicids2017_fri_c0,0.050000000000000044,15.599999999999994,58,0.8157894736842105,0.8857142857142857,0.8493150684931505,1.2267275232921762
2867,cicids2017_tue_c0,0.050000000000000044,35.000000000000014,57,0.9459459459459459,1.0,0.9722222222222222,1.2372370301688262
2868,cicids2017_fri_c0,0.050000000000000044,17.899999999999995,57,0.8,0.9142857142857143,0.8533333333333333,1.2070333835841776
2869,cicids2017_wed_c1,0.050000000000000044,-2.500000000000002,41,0.4230769230769231,1.0,0.5945945945945945,1.1238820876563318
2870,cicids2017_fri_c0,0.050000000000000044,28.000000000000004,55,0.8717948717948718,0.9714285714285714,0.9189189189189189,1.1799534491963546
2871,cicids2017_tue_c0,0.050000000000000044,28.300000000000004,56,0.813953488372093,1.0,0.8974358974358974,1.2477199592816182
2872,cicids2017_wed_c1,0.050000000000000044,-9.200000000000003,42,0.35714285714285715,0.9090909090909091,0.5128205128205129,1.201740270144894
2873,cicids2017_wed_c1,0.050000000000000044,0.19999999999999973,35,0.4782608695652174,1.0,0.6470588235294118,1.2168045297909647
2874,cicids2017_fri_c0,0.050000000000000044,29.399999999999995,58,0.8947368421052632,0.9714285714285714,0.9315068493150684,1.2166314033168524
2875,cicids2017_tue_c0,0.050000000000000044,23.600000000000005,55,0.7906976744186046,0.9714285714285714,0.8717948717948717,1.2377139530341534
2876,cicids2017_wed_c0,0.050000000000000044,17.1,54,0.660377358490566,1.0,0.7954545454545454,1.2557317472397842
2877,cicids2017_wed_c0,0.050000000000000044,13.800000000000004,56,0.6538461538461539,0.9714285714285714,0.7816091954022988,1.2459375972812705
2878,cicids2017_wed_c1,0.050000000000000044,-4.799999999999999,40,0.39285714285714285,1.0,0.5641025641025641,1.2228407527187757
2879,cicids2017_wed_c1,0.050000000000000044,-12.399999999999999,43,0.3225806451612903,0.9090909090909091,0.4761904761904761,1.256896483989124
2880,cicids2017_wed_c1,0.050000000000000044,6.699999999999994,34,0.6470588235294118,1.0,0.7857142857142858,1.2458089026072412
2881,cicids2017_fri_c0,0.050000000000000044,29.4,56,0.8333333333333334,1.0,0.9090909090909091,1.208057942745651
2882,cicids2017_fri_c0,0.050000000000000044,30.600000000000005,57,0.8536585365853658,1.0,0.9210526315789475,1.1818748646308193
2883,cicids2017_wed_c0,0.050000000000000044,6.299999999999999,53,0.6739130434782609,0.8857142857142857,0.7654320987654321,1.195269053424874
2884,cicids2017_fri_c0,0.050000000000000044,19.2,59,0.8205128205128205,0.9142857142857143,0.8648648648648648,1.227237392635038
2885,cicids2017_tue_c0,0.050000000000000044,23.500000000000007,54,0.7906976744186046,0.9714285714285714,0.8717948717948717,1.2274596043809027
2886,cicids2017_fri_c0,0.050000000000000044,22.699999999999996,57,0.7727272727272727,0.9714285714285714,0.8607594936708862,1.2663691864838058
2887,cicids2017_wed_c1,0.050000000000000044,1.3999999999999986,36,0.5,1.0,0.6666666666666666,1.229739077483388
2888,cicids2017_fri_c0,0.050000000000000044,19.1,56,0.7674418604651163,0.9428571428571428,0.8461538461538461,1.2169542625742114
2889,cicids2017_fri_c0,0.050000000000000044,21.299999999999997,56,0.8048780487804879,0.9428571428571428,0.868421052631579,1.2796822823288865
2890,cicids2017_fri_c0,0.050000000000000044,12.699999999999996,58,0.673469387755102,0.9428571428571428,0.7857142857142857,1.3061607430321396
2891,cicids2017_fri_c0,0.050000000000000044,4.9999999999999964,57,0.8,0.8,0.8000000000000002,1.2099972589785875
2892,cicids2017_wed_c0,0.050000000000000044,18.2,54,0.6730769230769231,1.0,0.8045977011494253,1.1610169514298663
2893,cicids2017_tue_c0,0.050000000000000044,18.700000000000003,52,0.7674418604651163,0.9428571428571428,0.8461538461538461,1.2128078157011484
2894,cicids2017_wed_c1,0.050000000000000044,-2.8000000000000003,38,0.4230769230769231,1.0,0.5945945945945945,1.2199520910034882
2895,cicids2017_tue_c0,0.050000000000000044,32.50000000000001,54,0.8974358974358975,1.0,0.945945945945946,1.2299358192231045
2896,cicids2017_wed_c0,0.050000000000000044,12.7,56,0.6415094339622641,0.9714285714285714,0.7727272727272727,1.1820521971485896
2897,cicids2017_wed_c0,0.050000000000000044,16.1,55,0.6481481481481481,1.0,0.7865168539325843,1.2111709795591978
2898,cicids2017_wed_c0,0.050000000000000044,17.3,56,0.660377358490566,1.0,0.7954545454545454,1.2040185889118677
2899,cicids2017_wed_c1,0.050000000000000044,-8.400000000000004,39,0.37037037037037035,0.9090909090909091,0.5263157894736842,1.2613544217091361
2900,cicids2017_fri_c0,0.050000000000000044,30.400000000000006,55,0.8536585365853658,1.0,0.9210526315789475,1.234596548792537
2901,cicids2017_wed_c0,0.050000000000000044,10.2,55,0.6470588235294118,0.9428571428571428,0.7674418604651163,1.2487052801624774
2902,cicids2017_wed_c1,0.050000000000000044,-7.500000000000002,39,0.4090909090909091,0.8181818181818182,0.5454545454545455,1.1621461153866126
2903,cicids2017_wed_c1,0.050000000000000044,9.099999999999994,36,0.7333333333333333,1.0,0.846153846153846,1.2712563835936954
2904,cicids2017_wed_c0,0.050000000000000044,14.899999999999999,56,0.6666666666666666,0.9714285714285714,0.7906976744186046,1.2061203113232521
2905,cicids2017_wed_c0,0.050000000000000044,18.800000000000004,51,0.723404255319149,0.9714285714285714,0.8292682926829269,1.2584859647934643
2906,cicids2017_wed_c1,0.050000000000000044,-0.6000000000000039,38,0.4583333333333333,1.0,0.6285714285714286,1.241722767397774
2907,cicids2017_wed_c0,0.050000000000000044,14.600000000000001,53,0.6666666666666666,0.9714285714285714,0.7906976744186046,1.3028408038001864
2908,cicids2017_wed_c1,0.050000000000000044,1.3000000000000012,46,0.4782608695652174,1.0,0.6470588235294118,1.2546368872635536
2909,cicids2017_fri_c0,0.050000000000000044,30.6,57,0.8536585365853658,1.0,0.9210526315789475,1.2601104663183709
2910,cicids2017_tue_c0,0.050000000000000044,26.80000000000001,54,0.85,0.9714285714285714,0.9066666666666667,1.241590586250736
2911,cicids2017_fri_c0,0.050000000000000044,11.999999999999996,57,0.8108108108108109,0.8571428571428571,0.8333333333333334,1.320468481096786
2912,cicids2017_fri_c0,0.050000000000000044,30.5,56,0.8536585365853658,1.0,0.9210526315789475,1.2861475929315656
2913,cicids2017_tue_c0,0.050000000000000044,25.500000000000007,52,0.8292682926829268,0.9714285714285714,0.8947368421052632,1.273318105512272
2914,cicids2017_fri_c0,0.050000000000000044,22.4,56,0.825,0.9428571428571428,0.88,1.2424378741035196
2915,cicids2017_tue_c0,0.050000000000000044,24.70000000000001,55,0.8095238095238095,0.9714285714285714,0.8831168831168832,1.1844896874188164
2916,cicids2017_tue_c0,0.050000000000000044,22.10000000000001,53,0.825,0.9428571428571428,0.88,1.2030995611827866
2917,cicids2017_wed_c0,0.050000000000000044,14.899999999999999,56,0.6666666666666666,0.9714285714285714,0.7906976744186046,1.203715783639972
2918,cicids2017_wed_c1,0.050000000000000044,5.899999999999995,37,0.6111111111111112,1.0,0.7586206896551725,1.2564529385030092
2919,cicids2017_wed_c1,0.050000000000000044,1.599999999999997,38,0.5,1.0,0.6666666666666666,1.3444678290986953
2920,cicids2017_tue_c0,0.050000000000000044,21.600000000000005,55,0.7142857142857143,1.0,0.8333333333333333,1.294267167218009
2921,cicids2017_tue_c0,0.050000000000000044,24.80000000000001,56,0.8095238095238095,0.9714285714285714,0.8831168831168832,1.250736826093555
2922,cicids2017_wed_c1,0.050000000000000044,2.299999999999998,34,0.5238095238095238,1.0,0.6875000000000001,1.304363758648528
2923,cicids2017_fri_c0,0.050000000000000044,21.499999999999996,58,0.8048780487804879,0.9428571428571428,0.868421052631579,1.2346093647015464
2924,cicids2017_wed_c0,0.050000000000000044,7.0,56,0.6111111111111112,0.9428571428571428,0.7415730337078652,1.2250246897745554
2925,cicids2017_tue_c0,0.050000000000000044,30.10000000000001,52,0.8536585365853658,1.0,0.9210526315789475,1.2325647420294212
2926,cicids2017_fri_c0,0.050000000000000044,13.999999999999995,55,0.8571428571428571,0.8571428571428571,0.8571428571428571,1.218807720990842
2927,cicids2017_wed_c0,0.050000000000000044,19.10000000000001,54,0.723404255319149,0.9714285714285714,0.8292682926829269,1.274426566266708
2928,cicids2017_tue_c0,0.050000000000000044,26.700000000000003,53,0.85,0.9714285714285714,0.9066666666666667,1.253508073815458
2929,cicids2017_fri_c0,0.050000000000000044,28.299999999999997,58,0.8717948717948718,0.9714285714285714,0.9189189189189189,1.2637576131655945
2930,cicids2017_wed_c0,0.050000000000000044,19.20000000000001,55,0.723404255319149,0.9714285714285714,0.8292682926829269,1.2820825093455264
2931,cicids2017_fri_c0,0.050000000000000044,10.899999999999999,59,0.8529411764705882,0.8285714285714286,0.8405797101449276,1.241466690027588
2932,cicids2017_wed_c0,0.050000000000000044,14.899999999999999,56,0.6666666666666666,0.9714285714285714,0.7906976744186046,1.2662074724952954
2933,cicids2017_fri_c0,0.050000000000000044,28.500000000000007,58,0.813953488372093,1.0,0.8974358974358974,1.2880884578256204
2934,cicids2017_tue_c0,0.050000000000000044,13.399999999999999,56,0.7272727272727273,0.9142857142857143,0.810126582278481,1.2853289555713532
2935,cicids2017_wed_c1,0.050000000000000044,2.0000000000000004,42,0.5,1.0,0.6666666666666666,1.3007509980808836
2936,cicids2017_fri_c0,0.050000000000000044,15.599999999999998,58,0.8157894736842105,0.8857142857142857,0.8493150684931505,1.2889741982059955
2937,cicids2017_wed_c1,0.050000000000000044,-8.000000000000002,41,0.3548387096774194,1.0,0.5238095238095238,1.1572175041072184
2938,cicids2017_wed_c0,0.050000000000000044,19.400000000000006,55,0.6862745098039216,1.0,0.813953488372093,1.2237636280320454
2939,cicids2017_wed_c1,0.050000000000000044,-10.100000000000001,44,0.3448275862068966,0.9090909090909091,0.5000000000000001,1.2874321414803285
2940,cicids2017_fri_c0,0.050000000000000044,9.699999999999998,56,0.7692307692307693,0.8571428571428571,0.8108108108108107,1.26635059840398
2941,cicids2017_wed_c0,0.050000000000000044,8.999999999999998,56,0.6666666666666666,0.9142857142857143,0.7710843373493975,1.2402228339056578
2942,cicids2017_wed_c1,0.050000000000000044,2.8999999999999977,29,0.55,1.0,0.7096774193548387,1.2591674608774839
2943,cicids2017_wed_c1,0.050000000000000044,-2.400000000000001,42,0.4230769230769231,1.0,0.5945945945945945,1.2236544126497562
2944,cicids2017_fri_c0,0.050000000000000044,26.099999999999998,58,0.8292682926829268,0.9714285714285714,0.8947368421052632,1.2297919954341063
2945,cicids2017_wed_c1,0.050000000000000044,-4.6000000000000005,42,0.39285714285714285,1.0,0.5641025641025641,1.19771484017736
2946,cicids2017_fri_c0,0.050000000000000044,28.20000000000001,57,0.8717948717948718,0.9714285714285714,0.9189189189189189,1.1946614583706936
2947,cicids2017_wed_c0,0.050000000000000044,17.200000000000003,55,0.660377358490566,1.0,0.7954545454545454,1.2103715101093557
2948,cicids2017_tue_c0,0.050000000000000044,33.600000000000016,54,0.9210526315789473,1.0,0.958904109589041,1.2387023136665267
2949,cicids2017_wed_c0,0.050000000000000044,8.999999999999998,56,0.6666666666666666,0.9142857142857143,0.7710843373493975,1.2416050431770016
2950,cicids2017_wed_c0,0.050000000000000044,9.299999999999999,57,0.6346153846153846,0.9428571428571428,0.7586206896551724,1.2378454218543535
2951,cicids2017_fri_c0,0.050000000000000044,23.3,56,0.9142857142857143,0.9142857142857143,0.9142857142857143,1.2244403786078633
2952,cicids2017_wed_c0,0.050000000000000044,19.4,55,0.6862745098039216,1.0,0.813953488372093,1.2259356345322232
2953,cicids2017_wed_c1,0.050000000000000044,-2.4000000000000017,42,0.4230769230769231,1.0,0.5945945945945945,1.2296775954697263
2954,cicids2017_tue_c0,0.050000000000000044,29.400000000000006,56,0.8333333333333334,1.0,0.9090909090909091,1.2749744481317558
2955,cicids2017_tue_c0,0.050000000000000044,28.200000000000003,55,0.813953488372093,1.0,0.8974358974358974,1.3252004963017376
2956,cicids2017_wed_c1,0.050000000000000044,-0.7000000000000051,48,0.44,1.0,0.6111111111111112,1.2822696727520035
2957,cicids2017_fri_c0,0.050000000000000044,15.599999999999993,58,0.8157894736842105,0.8857142857142857,0.8493150684931505,1.1704189406853138
2958,cicids2017_tue_c0,0.050000000000000044,22.500000000000007,55,0.7727272727272727,0.9714285714285714,0.8607594936708862,1.2119985246823137
2959,cicids2017_wed_c0,0.050000000000000044,19.4,55,0.6862745098039216,1.0,0.813953488372093,1.187777562210722
2960,cicids2017_tue_c0,0.050000000000000044,15.699999999999996,55,0.717391304347826,0.9428571428571428,0.8148148148148148,1.1719031704898517
2961,cicids2017_wed_c1,0.050000000000000044,-8.300000000000002,40,0.37037037037037035,0.9090909090909091,0.5263157894736842,1.1744103448451007
2962,cicids2017_tue_c0,0.050000000000000044,28.400000000000013,57,0.813953488372093,1.0,0.8974358974358974,1.2100031345804159
2963,cicids2017_wed_c1,0.050000000000000044,-0.5,39,0.4583333333333333,1.0,0.6285714285714286,1.2997115963845016
2964,cicids2017_fri_c0,0.050000000000000044,7.6999999999999975,58,0.7317073170731707,0.8571428571428571,0.7894736842105263,1.2394826783347568
2965,cicids2017_wed_c0,0.050000000000000044,17.0,55,0.6938775510204082,0.9714285714285714,0.8095238095238094,1.217030843647123
2966,cicids2017_wed_c0,0.050000000000000044,7.199999999999999,58,0.6111111111111112,0.9428571428571428,0.7415730337078652,1.2548997286852355
2967,cicids2017_fri_c0,0.050000000000000044,12.899999999999995,57,0.90625,0.8285714285714286,0.8656716417910447,1.2900801212128763
2968,cicids2017_fri_c0,0.050000000000000044,11.100000000000001,57,0.7380952380952381,0.8857142857142857,0.8051948051948051,1.2570340703821272
2969,cicids2017_wed_c0,0.050000000000000044,17.800000000000004,52,0.7083333333333334,0.9714285714285714,0.8192771084337349,1.2538825137138578
2970,cicids2017_wed_c0,0.050000000000000044,-15.1,51,0.6666666666666666,0.6857142857142857,0.676056338028169,1.2471865274370777
2971,cicids2017_wed_c0,0.050000000000000044,9.6,58,0.6071428571428571,0.9714285714285714,0.7472527472527473,1.3466919913777515
2972,cicids2017_fri_c0,0.050000000000000044,28.199999999999996,57,0.8717948717948718,0.9714285714285714,0.9189189189189189,1.2259878844345269
2973,cicids2017_wed_c0,0.050000000000000044,11.5,55,0.6296296296296297,0.9714285714285714,0.7640449438202247,1.2150181618863807
2974,cicids2017_wed_c1,0.050000000000000044,9.299999999999994,38,0.7333333333333333,1.0,0.846153846153846,1.2259802170508791
2975,cicids2017_fri_c0,0.050000000000000044,24.499999999999996,55,0.868421052631579,0.9428571428571428,0.904109589041096,1.2558609252262323
2976,cicids2017_tue_c0,0.050000000000000044,16.700000000000003,56,0.7804878048780488,0.9142857142857143,0.8421052631578947,1.3074755062598604
2977,cicids2017_tue_c0,0.050000000000000044,-5.600000000000004,56,0.78125,0.7142857142857143,0.7462686567164178,1.2082050086125453
2978,cicids2017_wed_c1,0.050000000000000044,1.5999999999999965,38,0.5,1.0,0.6666666666666666,1.3082547259313
2979,cicids2017_tue_c0,0.050000000000000044,15.600000000000001,56,0.7619047619047619,0.9142857142857143,0.8311688311688312,1.2874002580995216
2980,cicids2017_tue_c0,0.050000000000000044,18.90000000000001,54,0.7674418604651163,0.9428571428571428,0.8461538461538461,1.2504928369513801
2981,cicids2017_wed_c0,0.050000000000000044,20.300000000000004,53,0.7,1.0,0.8235294117647058,1.2834937688251222
2982,cicids2017_fri_c0,0.050000000000000044,14.5,58,0.7948717948717948,0.8857142857142857,0.8378378378378378,1.2576166495211023
2983,cicids2017_wed_c1,0.050000000000000044,-3.2,36,0.45454545454545453,0.9090909090909091,0.6060606060606061,1.2429553479244932
2984,cicids2017_wed_c1,0.050000000000000044,9.299999999999994,38,0.7333333333333333,1.0,0.846153846153846,1.2435379435733735
2985,cicids2017_wed_c0,0.050000000000000044,16.200000000000003,56,0.6481481481481481,1.0,0.7865168539325843,1.2693402390044675
2986,cicids2017_wed_c0,0.050000000000000044,14.7,54,0.6666666666666666,0.9714285714285714,0.7906976744186046,1.2651413931903088
2987,cicids2017_wed_c0,0.050000000000000044,13.5,53,0.6538461538461539,0.9714285714285714,0.7816091954022988,1.2154641726923738
2988,cicids2017_wed_c1,0.050000000000000044,7.199999999999992,41,0.7692307692307693,0.9090909090909091,0.8333333333333333,1.1839181195510848
2989,cicids2017_wed_c1,0.050000000000000044,-4.2,37,0.43478260869565216,0.9090909090909091,0.5882352941176471,1.2142171941509314
2990,cicids2017_tue_c0,0.050000000000000044,14.799999999999997,57,0.7021276595744681,0.9428571428571428,0.8048780487804879,1.2309069061851923
2991,cicids2017_tue_c0,0.050000000000000044,21.60000000000001,57,0.7555555555555555,0.9714285714285714,0.85,1.1977256025450422
2992,cicids2017_wed_c0,0.050000000000000044,22.60000000000001,54,0.7291666666666666,1.0,0.8433734939759037,1.200795270306511
2993,cicids2017_fri_c0,0.050000000000000044,27.100000000000005,57,0.85,0.9714285714285714,0.9066666666666667,1.27441646743172
2994,cicids2017_wed_c1,0.050000000000000044,-2.2000000000000006,44,0.4230769230769231,1.0,0.5945945945945945,1.213246188308277
2995,cicids2017_wed_c1,0.050000000000000044,-6.500000000000002,45,0.36666666666666664,1.0,0.5365853658536585,1.2119453853740103
2996,cicids2017_wed_c0,0.050000000000000044,16.400000000000006,58,0.6481481481481481,1.0,0.7865168539325843,1.2489607659034336
2997,cicids2017_tue_c0,0.050000000000000044,30.000000000000007,51,0.8536585365853658,1.0,0.9210526315789475,1.253136453246709
2998,cicids2017_tue_c0,0.050000000000000044,22.6,56,0.7727272727272727,0.9714285714285714,0.8607594936708862,1.2234429274379133
2999,cicids2017_tue_c0,0.050000000000000044,25.20000000000001,58,0.7608695652173914,1.0,0.8641975308641976,1.1951168037858684
3000,cicids2017_wed_c0,0.050000000000000044,12.500000000000004,56,0.673469387755102,0.9428571428571428,0.7857142857142857,1.239162217410067
