episode,campaign_id,epsilon,total_reward,n_steps,precision,recall,f1,avg_loss
1,cicids2017_fri_c0,0.999525,-37.699999999999996,59,0.6071428571428571,0.4857142857142857,0.5396825396825397,
2,cicids2017_wed_c1,0.99905,-26.099999999999973,59,0.20833333333333334,0.45454545454545453,0.28571428571428575,1.1579499206998147
3,cicids2017_wed_c0,0.998575,-33.09999999999999,59,0.6428571428571429,0.5142857142857142,0.5714285714285714,0.8307112560504138
4,cicids2017_tue_c0,0.9981,-30.69999999999998,59,0.6333333333333333,0.5428571428571428,0.5846153846153846,0.8680894938786259
5,cicids2017_tue_c0,0.997625,-51.3,59,0.46875,0.42857142857142855,0.4477611940298507,1.031199324515171
6,cicids2017_wed_c1,0.99715,-26.99999999999999,59,0.20689655172413793,0.5454545454545454,0.3,1.099934039747759
7,cicids2017_fri_c0,0.996675,-46.89999999999999,59,0.5357142857142857,0.42857142857142855,0.47619047619047616,1.0563967899852507
8,cicids2017_wed_c0,0.9962,-27.19999999999999,59,0.6451612903225806,0.5714285714285714,0.606060606060606,1.0376763318914666
9,cicids2017_fri_c0,0.995725,-52.79999999999999,59,0.52,0.37142857142857144,0.43333333333333335,1.1255091120383667
10,cicids2017_fri_c0,0.99525,-24.6,59,0.5945945945945946,0.6285714285714286,0.611111111111111,1.1544525331517694
11,cicids2017_wed_c0,0.994775,-59.999999999999986,59,0.5263157894736842,0.2857142857142857,0.37037037037037035,1.1849348182410833
12,cicids2017_wed_c1,0.9943,-26.799999999999994,59,0.21212121212121213,0.6363636363636364,0.3181818181818182,1.1389429943158937
13,cicids2017_wed_c0,0.993825,-31.599999999999998,59,0.5714285714285714,0.5714285714285714,0.5714285714285714,1.1356755700013044
14,cicids2017_wed_c1,0.99335,-38.59999999999997,59,0.1111111111111111,0.2727272727272727,0.15789473684210525,1.1264785724967092
15,cicids2017_wed_c0,0.992875,-24.79999999999999,59,0.6363636363636364,0.6,0.6176470588235293,1.1124369427447869
16,cicids2017_wed_c1,0.9924,-37.69999999999998,59,0.09090909090909091,0.18181818181818182,0.12121212121212123,1.126012840533395
17,cicids2017_wed_c0,0.991925,-27.19999999999998,59,0.6451612903225806,0.5714285714285714,0.606060606060606,1.1662533303733496
18,cicids2017_fri_c0,0.99145,-41.19999999999999,59,0.5925925925925926,0.45714285714285713,0.5161290322580645,1.1166303120572685
19,cicids2017_wed_c1,0.990975,-21.300000000000008,59,0.25,0.6363636363636364,0.358974358974359,1.0416737042756847
20,cicids2017_tue_c0,0.9905,-19.099999999999998,59,0.6875,0.6285714285714286,0.6567164179104478,1.0452007789876505
21,cicids2017_wed_c0,0.990025,-44.69999999999999,59,0.5769230769230769,0.42857142857142855,0.4918032786885245,1.0085627830155495
22,cicids2017_tue_c0,0.98955,-24.799999999999994,59,0.6363636363636364,0.6,0.6176470588235293,1.0397345112162937
23,cicids2017_fri_c0,0.989075,-30.89999999999999,59,0.6923076923076923,0.5142857142857142,0.5901639344262295,1.0529724893435037
24,cicids2017_wed_c1,0.9886,-22.399999999999995,59,0.2413793103448276,0.6363636363636364,0.35,1.0954896227321627
25,cicids2017_wed_c1,0.988125,-20.39999999999999,59,0.2608695652173913,0.5454545454545454,0.3529411764705882,1.0459493038789949
26,cicids2017_wed_c0,0.98765,-29.599999999999987,59,0.6551724137931034,0.5428571428571428,0.5937499999999999,0.9784538719011094
27,cicids2017_tue_c0,0.987175,-36.59999999999999,59,0.6296296296296297,0.4857142857142857,0.5483870967741936,1.026014046090893
28,cicids2017_wed_c1,0.9867,-39.29999999999999,59,0.1388888888888889,0.45454545454545453,0.21276595744680854,1.0012965589456935
29,cicids2017_wed_c0,0.986225,-27.19999999999999,59,0.6451612903225806,0.5714285714285714,0.606060606060606,1.0770928664214137
30,cicids2017_tue_c0,0.98575,-32.89999999999999,59,0.59375,0.5428571428571428,0.5671641791044776,1.0640630803903561
31,cicids2017_tue_c0,0.985275,-31.599999999999998,59,0.5714285714285714,0.5714285714285714,0.5714285714285714,1.0376102704736068
32,cicids2017_fri_c0,0.9848,-44.3,59,0.5,0.4857142857142857,0.49275362318840576,1.091096324646784
33,cicids2017_fri_c0,0.984325,-48.19999999999999,59,0.56,0.4,0.4666666666666667,1.04728150813624
34,cicids2017_wed_c0,0.98385,-33.09999999999998,59,0.6428571428571429,0.5142857142857142,0.5714285714285714,1.1145108542108686
35,cicids2017_wed_c1,0.983375,-23.499999999999986,59,0.23333333333333334,0.6363636363636364,0.34146341463414637,1.0687926698580787
36,cicids2017_fri_c0,0.9829,-38.79999999999999,59,0.5862068965517241,0.4857142857142857,0.53125,0.9753930518520113
37,cicids2017_wed_c1,0.982425,-33.799999999999976,59,0.16129032258064516,0.45454545454545453,0.23809523809523805,0.9720759682619188
38,cicids2017_wed_c1,0.98195,-31.99999999999998,59,0.14285714285714285,0.2727272727272727,0.18749999999999997,0.9374940866501167
39,cicids2017_tue_c0,0.981475,-45.599999999999994,59,0.5161290322580645,0.45714285714285713,0.4848484848484849,0.9942056012825963
40,cicids2017_wed_c0,0.981,-41.89999999999999,59,0.5,0.5142857142857142,0.5070422535211268,1.049154077857376
41,cicids2017_fri_c0,0.980525,-33.300000000000004,59,0.7083333333333334,0.4857142857142857,0.576271186440678,0.9969495751937043
42,cicids2017_wed_c1,0.98005,-36.19999999999998,59,0.13793103448275862,0.36363636363636365,0.2,0.988868605849466
43,cicids2017_wed_c0,0.979575,-14.300000000000002,59,0.6666666666666666,0.6857142857142857,0.676056338028169,0.9741918795244285
44,cicids2017_tue_c0,0.9791,-31.799999999999994,59,0.6129032258064516,0.5428571428571428,0.5757575757575757,0.994602303726323
45,cicids2017_fri_c0,0.978625,-26.299999999999997,59,0.7307692307692307,0.5428571428571428,0.6229508196721311,0.9908200779626303
46,cicids2017_wed_c1,0.97815,-38.79999999999998,59,0.08695652173913043,0.18181818181818182,0.1176470588235294,1.0727539152056123
47,cicids2017_tue_c0,0.977675,-27.19999999999999,59,0.6451612903225806,0.5714285714285714,0.606060606060606,1.0173505574763315
48,cicids2017_wed_c1,0.9772,-21.29999999999999,59,0.25,0.6363636363636364,0.358974358974359,1.0440698423899344
49,cicids2017_wed_c0,0.976725,-42.09999999999999,59,0.53125,0.4857142857142857,0.5074626865671641,1.0146998063342987
50,cicids2017_wed_c1,0.97625,-30.299999999999976,59,0.1875,0.5454545454545454,0.27906976744186046,1.0369382700281127
51,cicids2017_wed_c1,0.9757750000000001,-25.899999999999988,59,0.21428571428571427,0.5454545454545454,0.30769230769230765,1.0457350325709884
52,cicids2017_fri_c0,0.9753000000000001,-26.999999999999993,59,0.6,0.6,0.6,1.0230587756162477
53,cicids2017_tue_c0,0.974825,-63.09999999999999,59,0.4230769230769231,0.3142857142857143,0.360655737704918,0.9495502881513734
54,cicids2017_tue_c0,0.97435,-54.999999999999986,59,0.48148148148148145,0.37142857142857144,0.41935483870967744,0.9512242206887603
55,cicids2017_tue_c0,0.973875,-28.09999999999999,59,0.5833333333333334,0.6,0.591549295774648,0.9159040299879714
56,cicids2017_fri_c0,0.9734,-35.5,59,0.6538461538461539,0.4857142857142857,0.5573770491803278,1.001822434388256
57,cicids2017_wed_c0,0.972925,-23.499999999999986,59,0.6111111111111112,0.6285714285714286,0.619718309859155,1.0143491488456564
58,cicids2017_fri_c0,0.97245,-18.900000000000002,59,0.6388888888888888,0.6571428571428571,0.647887323943662,1.014960831675543
59,cicids2017_wed_c0,0.971975,-34.19999999999999,59,0.6206896551724138,0.5142857142857142,0.5625,1.034670030208102
60,cicids2017_wed_c0,0.9715,-43.19999999999999,59,0.5151515151515151,0.4857142857142857,0.5,1.1346381172206743
61,cicids2017_wed_c1,0.971025,-33.99999999999998,59,0.14814814814814814,0.36363636363636365,0.21052631578947367,1.0572757266647963
62,cicids2017_wed_c0,0.97055,-41.19999999999998,59,0.5925925925925926,0.45714285714285713,0.5161290322580645,1.0498888145091774
63,cicids2017_tue_c0,0.970075,-70.30000000000001,59,0.4,0.22857142857142856,0.2909090909090909,1.045604100591563
64,cicids2017_wed_c1,0.9696,-39.699999999999974,59,0.10714285714285714,0.2727272727272727,0.15384615384615383,1.0249395274828168
65,cicids2017_tue_c0,0.969125,-24.999999999999993,59,0.6896551724137931,0.5714285714285714,0.625,1.052373488334972
66,cicids2017_tue_c0,0.96865,-44.499999999999986,59,0.5333333333333333,0.45714285714285713,0.4923076923076923,1.0080307688410615
67,cicids2017_wed_c1,0.968175,-33.99999999999998,59,0.14814814814814814,0.36363636363636365,0.21052631578947367,1.063559073773048
68,cicids2017_tue_c0,0.9677,-16.700000000000003,59,0.6764705882352942,0.6571428571428571,0.6666666666666666,1.0545365175024506
69,cicids2017_fri_c0,0.967225,-15.600000000000001,59,0.696969696969697,0.6571428571428571,0.676470588235294,1.0270596280725945
70,cicids2017_tue_c0,0.96675,-27.199999999999985,59,0.6451612903225806,0.5714285714285714,0.606060606060606,0.9860074793245897
71,cicids2017_wed_c1,0.966275,-15.600000000000007,59,0.2962962962962963,0.7272727272727273,0.42105263157894735,1.009841070541878
72,cicids2017_fri_c0,0.9658,-23.9,59,0.7142857142857143,0.5714285714285714,0.634920634920635,0.9878792574970485
73,cicids2017_tue_c0,0.965325,-31.999999999999986,59,0.6666666666666666,0.5142857142857142,0.5806451612903226,1.052745517817892
74,cicids2017_fri_c0,0.96485,-17.999999999999993,59,0.7096774193548387,0.6285714285714286,0.6666666666666666,1.096871668367739
75,cicids2017_wed_c0,0.964375,-35.29999999999999,59,0.6,0.5142857142857142,0.5538461538461538,1.0618780558886092
76,cicids2017_tue_c0,0.9639,-42.499999999999986,59,0.625,0.42857142857142855,0.5084745762711864,1.1310823443810483
77,cicids2017_tue_c0,0.963425,-44.49999999999999,59,0.5333333333333333,0.45714285714285713,0.4923076923076923,1.0809857087936288
78,cicids2017_fri_c0,0.96295,-22.599999999999998,59,0.6774193548387096,0.6,0.6363636363636364,1.020216464852233
79,cicids2017_wed_c0,0.962475,-46.69999999999999,59,0.5,0.45714285714285713,0.4776119402985075,1.1486514524481726
80,cicids2017_wed_c0,0.962,-36.19999999999999,59,0.5428571428571428,0.5428571428571428,0.5428571428571428,1.1314621782205931
81,cicids2017_wed_c1,0.961525,-26.99999999999999,59,0.20689655172413793,0.5454545454545454,0.3,1.1047455483386504
82,cicids2017_tue_c0,0.96105,-66.6,59,0.4,0.2857142857142857,0.3333333333333333,1.0582903455375001
83,cicids2017_fri_c0,0.960575,-31.799999999999997,59,0.6129032258064516,0.5428571428571428,0.5757575757575757,1.1335400229018957
84,cicids2017_wed_c1,0.9601,-29.59999999999998,59,0.17391304347826086,0.36363636363636365,0.2352941176470588,1.1042587676573001
85,cicids2017_wed_c0,0.959625,-47.999999999999986,59,0.5172413793103449,0.42857142857142855,0.46875000000000006,1.0487060008226485
86,cicids2017_wed_c0,0.95915,-51.499999999999986,59,0.5,0.4,0.4444444444444445,1.0697143998537335
87,cicids2017_fri_c0,0.958675,-20.199999999999996,59,0.6666666666666666,0.6285714285714286,0.6470588235294118,1.179465203481217
88,cicids2017_tue_c0,0.9582,-13.200000000000005,59,0.6857142857142857,0.6857142857142857,0.6857142857142857,1.1230693957046678
89,cicids2017_wed_c1,0.957725,-40.399999999999984,59,0.13513513513513514,0.45454545454545453,0.20833333333333334,1.1593841393186042
90,cicids2017_wed_c1,0.95725,-13.600000000000007,59,0.3333333333333333,0.6363636363636364,0.43749999999999994,1.1422526250303482
91,cicids2017_tue_c0,0.956775,-35.49999999999999,59,0.6538461538461539,0.4857142857142857,0.5573770491803278,1.1730046264961995
92,cicids2017_wed_c1,0.9563,-37.299999999999976,59,0.13333333333333333,0.36363636363636365,0.1951219512195122,1.0696245667118156
93,cicids2017_wed_c1,0.955825,-32.899999999999984,59,0.15384615384615385,0.36363636363636365,0.21621621621621623,1.2056665326017773
94,cicids2017_tue_c0,0.95535,-35.3,59,0.6,0.5142857142857142,0.5538461538461538,1.1057771904971159
95,cicids2017_wed_c1,0.954875,-33.99999999999998,59,0.14814814814814814,0.36363636363636365,0.21052631578947367,1.2016286639609273
96,cicids2017_tue_c0,0.9544,-31.599999999999994,59,0.5714285714285714,0.5714285714285714,0.5714285714285714,1.1523129723057188
97,cicids2017_fri_c0,0.953925,-9.700000000000005,59,0.6944444444444444,0.7142857142857143,0.7042253521126761,1.0675207505954145
98,cicids2017_wed_c0,0.95345,-26.099999999999994,59,0.6666666666666666,0.5714285714285714,0.6153846153846153,1.0328025386032995
99,cicids2017_wed_c0,0.952975,-23.699999999999996,59,0.65625,0.6,0.626865671641791,1.0949157055259775
100,cicids2017_fri_c0,0.9525,-44.69999999999999,59,0.5769230769230769,0.42857142857142855,0.4918032786885245,1.1549626896219032
101,cicids2017_wed_c1,0.952025,-24.4,59,0.22857142857142856,0.7272727272727273,0.34782608695652173,1.150797081564055
102,cicids2017_fri_c0,0.95155,-40.09999999999999,59,0.6153846153846154,0.45714285714285713,0.5245901639344263,1.207023427366947
103,cicids2017_wed_c1,0.951075,-32.69999999999998,59,0.16666666666666666,0.45454545454545453,0.2439024390243902,1.1491731500524753
104,cicids2017_fri_c0,0.9506,-31.999999999999993,59,0.6666666666666666,0.5142857142857142,0.5806451612903226,1.101554023054819
105,cicids2017_wed_c1,0.950125,-36.399999999999984,59,0.12,0.2727272727272727,0.16666666666666666,1.096562425589112
106,cicids2017_wed_c1,0.94965,-18.699999999999996,59,0.2647058823529412,0.8181818181818182,0.39999999999999997,1.0565964585064236
107,cicids2017_wed_c1,0.949175,-16.5,59,0.28125,0.8181818181818182,0.41860465116279066,1.0556281241534147
108,cicids2017_wed_c0,0.9487,-29.39999999999999,59,0.6060606060606061,0.5714285714285714,0.588235294117647,1.0828969391664338
109,cicids2017_tue_c0,0.948225,-17.799999999999997,59,0.6571428571428571,0.6571428571428571,0.6571428571428571,1.1345253732765448
110,cicids2017_wed_c0,0.94775,-36.39999999999999,59,0.5806451612903226,0.5142857142857142,0.5454545454545455,1.1402997581696066
111,cicids2017_tue_c0,0.947275,-29.599999999999994,59,0.6551724137931034,0.5428571428571428,0.5937499999999999,1.1407000326452699
112,cicids2017_wed_c1,0.9468,-30.49999999999998,59,0.17857142857142858,0.45454545454545453,0.25641025641025644,1.0852955940183615
113,cicids2017_wed_c0,0.946325,-50.399999999999984,59,0.5185185185185185,0.4,0.45161290322580644,1.1180799805566206
114,cicids2017_tue_c0,0.94585,-31.79999999999999,59,0.6129032258064516,0.5428571428571428,0.5757575757575757,1.071801864935198
115,cicids2017_wed_c0,0.945375,-70.30000000000001,59,0.4,0.22857142857142856,0.2909090909090909,1.0570708741838835
116,cicids2017_wed_c0,0.9449,-34.19999999999999,59,0.6206896551724138,0.5142857142857142,0.5625,1.058994716771137
117,cicids2017_fri_c0,0.944425,-31.79999999999999,59,0.6129032258064516,0.5428571428571428,0.5757575757575757,1.0704368100476545
118,cicids2017_fri_c0,0.94395,-31.6,59,0.5714285714285714,0.5714285714285714,0.5714285714285714,1.0212911044545339
119,cicids2017_fri_c0,0.9434750000000001,-28.299999999999997,59,0.625,0.5714285714285714,0.5970149253731343,1.0638292215965417
120,cicids2017_fri_c0,0.9430000000000001,-40.99999999999999,59,0.5483870967741935,0.4857142857142857,0.5151515151515151,1.085835796802664
121,cicids2017_tue_c0,0.9425250000000001,-34.19999999999999,59,0.6206896551724138,0.5142857142857142,0.5625,1.1618804733137027
122,cicids2017_wed_c0,0.94205,-25.0,59,0.6896551724137931,0.5714285714285714,0.625,1.0762273367193667
123,cicids2017_wed_c0,0.941575,-33.299999999999976,59,0.7083333333333334,0.4857142857142857,0.576271186440678,1.0927802901914785
124,cicids2017_tue_c0,0.9411,-29.4,59,0.6060606060606061,0.5714285714285714,0.588235294117647,1.0558941339546146
125,cicids2017_wed_c1,0.940625,-13.200000000000008,59,0.3103448275862069,0.8181818181818182,0.45000000000000007,1.0255273029914178
126,cicids2017_wed_c0,0.94015,-14.500000000000002,59,0.71875,0.6571428571428571,0.6865671641791045,1.0349389557364346
127,cicids2017_fri_c0,0.939675,-36.4,59,0.5806451612903226,0.5142857142857142,0.5454545454545455,1.0256831420996217
128,cicids2017_wed_c1,0.9392,-24.59999999999999,59,0.22580645161290322,0.6363636363636364,0.3333333333333333,1.01818203263083
129,cicids2017_wed_c0,0.938725,-49.29999999999999,59,0.5384615384615384,0.4,0.45901639344262296,1.0527671296894687
130,cicids2017_wed_c0,0.93825,-44.49999999999999,59,0.5333333333333333,0.45714285714285713,0.4923076923076923,1.0334112769963393
131,cicids2017_wed_c0,0.937775,-33.99999999999999,59,0.5757575757575758,0.5428571428571428,0.5588235294117646,1.0654883961568833
132,cicids2017_wed_c0,0.9373,-45.79999999999999,59,0.5555555555555556,0.42857142857142855,0.48387096774193544,1.060599080186094
133,cicids2017_fri_c0,0.936825,-46.699999999999996,59,0.5,0.45714285714285713,0.4776119402985075,1.1092292439812754
134,cicids2017_wed_c0,0.93635,-21.299999999999994,59,0.6470588235294118,0.6285714285714286,0.6376811594202899,1.0931738517549598
135,cicids2017_wed_c1,0.935875,-29.19999999999999,59,0.1935483870967742,0.5454545454545454,0.2857142857142857,1.078412648722391
136,cicids2017_tue_c0,0.9354,-44.699999999999996,59,0.5769230769230769,0.42857142857142855,0.4918032786885245,1.0751551595006057
137,cicids2017_wed_c0,0.934925,-44.69999999999998,59,0.5769230769230769,0.42857142857142855,0.4918032786885245,1.0746474147896228
138,cicids2017_fri_c0,0.93445,-49.1,59,0.5,0.42857142857142855,0.4615384615384615,1.1234855320545487
139,cicids2017_tue_c0,0.933975,-31.599999999999994,59,0.5714285714285714,0.5714285714285714,0.5714285714285714,1.1511488101982943
140,cicids2017_tue_c0,0.9335,-38.79999999999999,59,0.5862068965517241,0.4857142857142857,0.53125,1.1529732266936301
141,cicids2017_wed_c1,0.933025,-17.60000000000001,59,0.2727272727272727,0.8181818181818182,0.4090909090909091,1.0905286844791833
142,cicids2017_fri_c0,0.93255,-48.19999999999999,59,0.56,0.4,0.4666666666666667,1.0872811593709661
143,cicids2017_tue_c0,0.932075,-27.199999999999992,59,0.6451612903225806,0.5714285714285714,0.606060606060606,1.1119884590690516
144,cicids2017_tue_c0,0.9316,-47.79999999999999,59,0.48484848484848486,0.45714285714285713,0.4705882352941177,1.1060401562879936
145,cicids2017_wed_c1,0.931125,-44.999999999999986,59,0.10810810810810811,0.36363636363636365,0.16666666666666669,1.1469853622452546
146,cicids2017_wed_c1,0.93065,-13.000000000000007,59,0.30303030303030304,0.9090909090909091,0.45454545454545453,1.1227056384122784
147,cicids2017_fri_c0,0.930175,-28.29999999999999,59,0.625,0.5714285714285714,0.5970149253731343,1.104317306177004
148,cicids2017_fri_c0,0.9297,-42.29999999999999,59,0.5714285714285714,0.45714285714285713,0.5079365079365079,1.099427342627945
149,cicids2017_wed_c1,0.929225,-27.199999999999992,59,0.2,0.45454545454545453,0.2777777777777778,1.085050118348247
150,cicids2017_fri_c0,0.92875,-36.199999999999996,59,0.5428571428571428,0.5428571428571428,0.5428571428571428,1.1237234421760331
151,cicids2017_wed_c1,0.928275,-17.800000000000004,59,0.27586206896551724,0.7272727272727273,0.4,1.1717907031931194
152,cicids2017_tue_c0,0.9278,-52.79999999999998,59,0.52,0.37142857142857144,0.43333333333333335,1.201015735502407
153,cicids2017_wed_c1,0.927325,-29.399999999999984,59,0.18518518518518517,0.45454545454545453,0.2631578947368421,1.172686477725917
154,cicids2017_tue_c0,0.92685,-46.899999999999984,59,0.5357142857142857,0.42857142857142855,0.47619047619047616,1.1386962425466103
155,cicids2017_tue_c0,0.926375,-25.89999999999999,59,0.6176470588235294,0.6,0.608695652173913,1.1392127209335512
156,cicids2017_wed_c0,0.9259,-37.69999999999999,59,0.6071428571428571,0.4857142857142857,0.5396825396825397,1.1334970665550834
157,cicids2017_fri_c0,0.9254249999999999,-28.499999999999986,59,0.6785714285714286,0.5428571428571428,0.603174603174603,1.177104291830425
158,cicids2017_wed_c0,0.92495,-37.69999999999998,59,0.6071428571428571,0.4857142857142857,0.5396825396825397,1.1596192698600447
159,cicids2017_wed_c0,0.924475,-23.699999999999996,59,0.65625,0.6,0.626865671641791,1.1394852992744688
160,cicids2017_wed_c1,0.924,-22.599999999999966,59,0.24,0.5454545454545454,0.3333333333333333,1.1453090429100363
161,cicids2017_wed_c1,0.923525,-16.700000000000003,59,0.2857142857142857,0.7272727272727273,0.4102564102564102,1.1412217483862852
162,cicids2017_wed_c0,0.92305,-29.199999999999996,59,0.5675675675675675,0.6,0.5833333333333333,1.2268406750371061
163,cicids2017_tue_c0,0.922575,-48.399999999999984,59,0.6190476190476191,0.37142857142857144,0.4642857142857143,1.2227380657424005
164,cicids2017_tue_c0,0.9221,-21.1,59,0.6052631578947368,0.6571428571428571,0.6301369863013698,1.1605595957002075
165,cicids2017_tue_c0,0.921625,-11.900000000000004,59,0.6578947368421053,0.7142857142857143,0.684931506849315,1.1136090577056303
166,cicids2017_wed_c1,0.92115,-30.499999999999993,59,0.17857142857142858,0.45454545454545453,0.25641025641025644,1.1136430994209572
167,cicids2017_tue_c0,0.920675,-27.399999999999984,59,0.7037037037037037,0.5428571428571428,0.6129032258064516,1.0955252003940046
168,cicids2017_fri_c0,0.9202,-28.499999999999993,59,0.6785714285714286,0.5428571428571428,0.603174603174603,1.1320082611788125
169,cicids2017_tue_c0,0.919725,-26.099999999999987,59,0.6666666666666666,0.5714285714285714,0.6153846153846153,1.1793978549112658
170,cicids2017_fri_c0,0.91925,-31.999999999999993,59,0.6666666666666666,0.5142857142857142,0.5806451612903226,1.1578557890916443
171,cicids2017_fri_c0,0.918775,-17.799999999999997,59,0.6571428571428571,0.6571428571428571,0.6571428571428571,1.1407755962690695
172,cicids2017_fri_c0,0.9183,-21.299999999999997,59,0.6470588235294118,0.6285714285714286,0.6376811594202899,1.1267314338693692
173,cicids2017_wed_c1,0.917825,-25.899999999999984,59,0.21428571428571427,0.5454545454545454,0.30769230769230765,1.1145342732556405
174,cicids2017_wed_c0,0.91735,-36.39999999999999,59,0.5806451612903226,0.5142857142857142,0.5454545454545455,1.1760773700007146
175,cicids2017_wed_c0,0.916875,-31.79999999999999,59,0.6129032258064516,0.5428571428571428,0.5757575757575757,1.125829276512655
176,cicids2017_tue_c0,0.9164,-37.69999999999999,59,0.6071428571428571,0.4857142857142857,0.5396825396825397,1.1560606064475185
177,cicids2017_wed_c0,0.915925,-24.6,59,0.5945945945945946,0.6285714285714286,0.611111111111111,1.1434739874800839
178,cicids2017_fri_c0,0.91545,-35.29999999999999,59,0.6,0.5142857142857142,0.5538461538461538,1.1112643031115066
179,cicids2017_wed_c1,0.914975,-19.8,59,0.2571428571428571,0.8181818181818182,0.39130434782608686,1.1342813183651776
180,cicids2017_wed_c0,0.9145,-51.29999999999999,59,0.46875,0.42857142857142855,0.4477611940298507,1.1679230187988663
181,cicids2017_wed_c1,0.914025,-23.499999999999993,59,0.23333333333333334,0.6363636363636364,0.34146341463414637,1.0944534908239365
182,cicids2017_fri_c0,0.91355,-50.59999999999999,59,0.5652173913043478,0.37142857142857144,0.4482758620689655,1.0823694023292691
183,cicids2017_tue_c0,0.913075,-27.19999999999999,59,0.6451612903225806,0.5714285714285714,0.606060606060606,1.1002600952742285
184,cicids2017_wed_c0,0.9126,-36.4,59,0.5806451612903226,0.5142857142857142,0.5454545454545455,1.0675537411722145
185,cicids2017_tue_c0,0.912125,-20.199999999999985,59,0.6666666666666666,0.6285714285714286,0.6470588235294118,1.1540992499094285
186,cicids2017_tue_c0,0.91165,-16.5,59,0.631578947368421,0.6857142857142857,0.6575342465753424,1.1255510390135628
187,cicids2017_fri_c0,0.911175,-39.89999999999999,59,0.5666666666666667,0.4857142857142857,0.523076923076923,1.1143303148505528
188,cicids2017_tue_c0,0.9107000000000001,-31.799999999999994,59,0.6129032258064516,0.5428571428571428,0.5757575757575757,1.0895045717468566
189,cicids2017_fri_c0,0.9102250000000001,-31.999999999999986,59,0.6666666666666666,0.5142857142857142,0.5806451612903226,1.0721027922295148
190,cicids2017_tue_c0,0.9097500000000001,-26.099999999999987,59,0.6666666666666666,0.5714285714285714,0.6153846153846153,1.0567636869271952
191,cicids2017_wed_c0,0.909275,-19.999999999999993,59,0.6216216216216216,0.6571428571428571,0.6388888888888888,1.0791897725269106
192,cicids2017_wed_c0,0.9088,-42.29999999999998,59,0.5714285714285714,0.45714285714285713,0.5079365079365079,1.0853336387822907
193,cicids2017_wed_c0,0.908325,-48.89999999999999,59,0.47058823529411764,0.45714285714285713,0.46376811594202894,1.107987025656459
194,cicids2017_tue_c0,0.90785,-33.09999999999999,59,0.6428571428571429,0.5142857142857142,0.5714285714285714,1.0878565655601797
195,cicids2017_wed_c1,0.907375,-31.399999999999995,59,0.18181818181818182,0.5454545454545454,0.2727272727272727,1.091834368428753
196,cicids2017_fri_c0,0.9069,-31.79999999999999,59,0.6129032258064516,0.5428571428571428,0.5757575757575757,1.1297933568113228
197,cicids2017_tue_c0,0.906425,-43.39999999999999,59,0.5517241379310345,0.45714285714285713,0.5,1.107748773262482
198,cicids2017_fri_c0,0.90595,-25.9,59,0.6176470588235294,0.6,0.608695652173913,1.118537105315559
199,cicids2017_tue_c0,0.905475,-30.699999999999996,59,0.6333333333333333,0.5428571428571428,0.5846153846153846,1.1605397613606074
200,cicids2017_wed_c1,0.905,-26.999999999999975,59,0.20689655172413793,0.5454545454545454,0.3,1.1490541873438567
201,cicids2017_tue_c0,0.904525,-45.599999999999994,59,0.5161290322580645,0.45714285714285713,0.4848484848484849,1.1002601230904572
202,cicids2017_wed_c1,0.90405,-26.999999999999986,59,0.20689655172413793,0.5454545454545454,0.3,1.1538795393204055
203,cicids2017_tue_c0,0.903575,-45.79999999999999,59,0.5555555555555556,0.42857142857142855,0.48387096774193544,1.1445125623389847
204,cicids2017_wed_c0,0.9031,-44.3,59,0.5,0.4857142857142857,0.49275362318840576,1.1804955273054138
205,cicids2017_tue_c0,0.902625,-14.300000000000002,59,0.6666666666666666,0.6857142857142857,0.676056338028169,1.1935153412299948
206,cicids2017_tue_c0,0.90215,-29.39999999999999,59,0.6060606060606061,0.5714285714285714,0.588235294117647,1.1391652891869266
207,cicids2017_wed_c1,0.901675,-29.199999999999985,59,0.1935483870967742,0.5454545454545454,0.2857142857142857,1.178437602051957
208,cicids2017_wed_c1,0.9012,-24.99999999999997,59,0.21739130434782608,0.45454545454545453,0.29411764705882354,1.1208924040329888
209,cicids2017_tue_c0,0.900725,-28.299999999999986,59,0.625,0.5714285714285714,0.5970149253731343,1.1494811664595228
210,cicids2017_wed_c1,0.90025,-33.79999999999998,59,0.16129032258064516,0.45454545454545453,0.23809523809523805,1.209954551109363
211,cicids2017_tue_c0,0.899775,-31.999999999999986,59,0.6666666666666666,0.5142857142857142,0.5806451612903226,1.1466750818055884
212,cicids2017_wed_c0,0.8993,-23.49999999999999,59,0.6111111111111112,0.6285714285714286,0.619718309859155,1.1549749720883702
213,cicids2017_wed_c1,0.898825,-20.19999999999998,59,0.25925925925925924,0.6363636363636364,0.368421052631579,1.0964852251083177
214,cicids2017_tue_c0,0.89835,-23.5,59,0.6111111111111112,0.6285714285714286,0.619718309859155,1.1129106778462534
215,cicids2017_wed_c0,0.897875,-33.999999999999986,59,0.5757575757575758,0.5428571428571428,0.5588235294117646,1.08328871351382
216,cicids2017_tue_c0,0.8974,-37.49999999999999,59,0.5625,0.5142857142857142,0.5373134328358209,1.1201152080799146
217,cicids2017_fri_c0,0.896925,-40.99999999999999,59,0.5483870967741935,0.4857142857142857,0.5151515151515151,1.1705914764544363
218,cicids2017_fri_c0,0.89645,-30.299999999999997,59,0.5526315789473685,0.6,0.5753424657534247,1.1478015740987733
219,cicids2017_tue_c0,0.895975,-33.09999999999998,59,0.6428571428571429,0.5142857142857142,0.5714285714285714,1.0831456222690188
220,cicids2017_wed_c1,0.8955,-31.399999999999974,59,0.18181818181818182,0.5454545454545454,0.2727272727272727,1.1122360891615086
221,cicids2017_fri_c0,0.895025,-41.0,59,0.5483870967741935,0.4857142857142857,0.5151515151515151,1.1015435214752427
222,cicids2017_tue_c0,0.89455,-27.399999999999984,59,0.7037037037037037,0.5428571428571428,0.6129032258064516,1.1546700189381198
223,cicids2017_wed_c0,0.894075,-39.89999999999999,59,0.5666666666666667,0.4857142857142857,0.523076923076923,1.1590405788057174
224,cicids2017_fri_c0,0.8936,-24.59999999999999,59,0.5945945945945946,0.6285714285714286,0.611111111111111,1.1858006178500278
225,cicids2017_wed_c0,0.893125,-52.59999999999999,59,0.4827586206896552,0.4,0.43750000000000006,1.1425782278682308
226,cicids2017_tue_c0,0.8926499999999999,-11.900000000000004,59,0.6578947368421053,0.7142857142857143,0.684931506849315,1.0678842181101187
227,cicids2017_wed_c1,0.8921749999999999,-30.099999999999984,59,0.19444444444444445,0.6363636363636364,0.29787234042553196,1.0770817293157624
228,cicids2017_wed_c0,0.8917,-20.39999999999999,59,0.7241379310344828,0.6,0.65625,1.0698728180571115
229,cicids2017_wed_c0,0.891225,-28.29999999999999,59,0.625,0.5714285714285714,0.5970149253731343,1.1596951519758574
230,cicids2017_fri_c0,0.89075,-28.09999999999999,59,0.5833333333333334,0.6,0.591549295774648,1.0973139837228603
231,cicids2017_tue_c0,0.890275,-47.99999999999999,59,0.5172413793103449,0.42857142857142855,0.46875000000000006,1.1218576403997835
232,cicids2017_wed_c1,0.8898,-42.79999999999998,59,0.11428571428571428,0.36363636363636365,0.17391304347826086,1.1406747864665345
233,cicids2017_fri_c0,0.889325,-23.499999999999996,59,0.6111111111111112,0.6285714285714286,0.619718309859155,1.117484462540332
234,cicids2017_wed_c1,0.88885,-23.499999999999993,59,0.23333333333333334,0.6363636363636364,0.34146341463414637,1.1294409128347886
235,cicids2017_tue_c0,0.888375,-21.499999999999993,59,0.7,0.6,0.6461538461538462,1.1165026568026153
236,cicids2017_wed_c0,0.8879,-13.000000000000004,59,0.6410256410256411,0.7142857142857143,0.6756756756756757,1.1100703623751353
237,cicids2017_wed_c0,0.887425,-17.799999999999997,59,0.6571428571428571,0.6571428571428571,0.6571428571428571,1.1046984149189307
238,cicids2017_tue_c0,0.88695,-47.79999999999999,59,0.48484848484848486,0.45714285714285713,0.4705882352941177,1.1584384766887947
239,cicids2017_tue_c0,0.886475,-27.19999999999998,59,0.6451612903225806,0.5714285714285714,0.606060606060606,1.1110484777857694
240,cicids2017_wed_c0,0.886,-32.699999999999996,59,0.5555555555555556,0.5714285714285714,0.5633802816901409,1.1381924245785051
241,cicids2017_fri_c0,0.885525,-29.39999999999999,59,0.6060606060606061,0.5714285714285714,0.588235294117647,1.1714130667720934
242,cicids2017_wed_c0,0.88505,-36.199999999999996,59,0.5428571428571428,0.5428571428571428,0.5428571428571428,1.0957085331205487
243,cicids2017_fri_c0,0.884575,-40.99999999999999,59,0.5483870967741935,0.4857142857142857,0.5151515151515151,1.0902410540226266
244,cicids2017_wed_c0,0.8841,-24.599999999999987,59,0.5945945945945946,0.6285714285714286,0.611111111111111,1.1561269113314472
245,cicids2017_wed_c0,0.883625,-23.499999999999993,59,0.6111111111111112,0.6285714285714286,0.619718309859155,1.1498731691552537
246,cicids2017_fri_c0,0.88315,-29.599999999999994,59,0.6551724137931034,0.5428571428571428,0.5937499999999999,1.158543418778688
247,cicids2017_wed_c1,0.882675,-17.8,59,0.27586206896551724,0.7272727272727273,0.4,1.1202859076213059
248,cicids2017_tue_c0,0.8822,-19.099999999999994,59,0.6875,0.6285714285714286,0.6567164179104478,1.171821936058262
249,cicids2017_wed_c1,0.881725,-34.69999999999998,59,0.16666666666666666,0.5454545454545454,0.2553191489361702,1.0835178906751652
250,cicids2017_fri_c0,0.88125,-16.7,59,0.6764705882352942,0.6571428571428571,0.6666666666666666,1.107066244520348
251,cicids2017_fri_c0,0.880775,-46.9,59,0.5357142857142857,0.42857142857142855,0.47619047619047616,1.085504253724658
252,cicids2017_tue_c0,0.8803,-20.399999999999995,59,0.7241379310344828,0.6,0.65625,1.123305661679395
253,cicids2017_fri_c0,0.879825,-23.9,59,0.7142857142857143,0.5714285714285714,0.634920634920635,1.1208925281824282
254,cicids2017_tue_c0,0.87935,-22.799999999999983,59,0.7407407407407407,0.5714285714285714,0.6451612903225806,1.1372520653224125
255,cicids2017_wed_c0,0.878875,-28.099999999999994,59,0.5833333333333334,0.6,0.591549295774648,1.1352449118070382
256,cicids2017_fri_c0,0.8784,-25.900000000000006,59,0.6176470588235294,0.6,0.608695652173913,1.0838000853762466
257,cicids2017_wed_c0,0.877925,-51.29999999999999,59,0.46875,0.42857142857142855,0.4477611940298507,1.0927011765075303
258,cicids2017_fri_c0,0.8774500000000001,-35.099999999999994,59,0.5588235294117647,0.5428571428571428,0.5507246376811593,1.115510955191897
259,cicids2017_fri_c0,0.8769750000000001,-35.3,59,0.6,0.5142857142857142,0.5538461538461538,1.1007022127582224
260,cicids2017_wed_c0,0.8765000000000001,-32.899999999999984,59,0.59375,0.5428571428571428,0.5671641791044776,1.1394173185545122
261,cicids2017_wed_c1,0.876025,-33.79999999999998,59,0.16129032258064516,0.45454545454545453,0.23809523809523805,1.1641510682554967
262,cicids2017_fri_c0,0.87555,-27.199999999999992,59,0.6451612903225806,0.5714285714285714,0.606060606060606,1.0938902579634382
263,cicids2017_tue_c0,0.875075,-34.0,59,0.5757575757575758,0.5428571428571428,0.5588235294117646,1.1798759391431457
264,cicids2017_wed_c1,0.8746,-29.399999999999977,59,0.18518518518518517,0.45454545454545453,0.2631578947368421,1.1454385535688367
265,cicids2017_wed_c1,0.874125,-31.799999999999976,59,0.16,0.36363636363636365,0.2222222222222222,1.1672961023441546
266,cicids2017_wed_c0,0.87365,-31.79999999999999,59,0.6129032258064516,0.5428571428571428,0.5757575757575757,1.1057356912815557
267,cicids2017_tue_c0,0.873175,-22.200000000000003,59,0.5897435897435898,0.6571428571428571,0.6216216216216216,1.120283652138564
268,cicids2017_tue_c0,0.8727,-34.9,59,0.5263157894736842,0.5714285714285714,0.547945205479452,1.0910083307102756
269,cicids2017_wed_c0,0.872225,-15.400000000000004,59,0.6486486486486487,0.6857142857142857,0.6666666666666667,1.1162793146973673
270,cicids2017_wed_c0,0.87175,-41.19999999999999,59,0.5925925925925926,0.45714285714285713,0.5161290322580645,1.1529686031899824
271,cicids2017_tue_c0,0.871275,-23.5,59,0.6111111111111112,0.6285714285714286,0.619718309859155,1.120275896688202
272,cicids2017_fri_c0,0.8708,-51.49999999999999,59,0.5,0.4,0.4444444444444445,1.1473727812102645
273,cicids2017_fri_c0,0.870325,-38.79999999999999,59,0.5862068965517241,0.4857142857142857,0.53125,1.1824656306918844
274,cicids2017_wed_c1,0.86985,-33.799999999999976,59,0.16129032258064516,0.45454545454545453,0.23809523809523805,1.1725066978399266
275,cicids2017_tue_c0,0.869375,-51.3,59,0.46875,0.42857142857142855,0.4477611940298507,1.208359943967675
276,cicids2017_tue_c0,0.8689,-30.499999999999993,59,0.5882352941176471,0.5714285714285714,0.5797101449275363,1.1785334817333666
277,cicids2017_tue_c0,0.868425,-20.19999999999999,59,0.6666666666666666,0.6285714285714286,0.6470588235294118,1.1569008925452826
278,cicids2017_wed_c1,0.86795,-23.3,59,0.23529411764705882,0.7272727272727273,0.3555555555555555,1.1604481396606479
279,cicids2017_fri_c0,0.867475,-24.6,59,0.5945945945945946,0.6285714285714286,0.611111111111111,1.2140839187658568
280,cicids2017_fri_c0,0.867,-22.399999999999995,59,0.6285714285714286,0.6285714285714286,0.6285714285714286,1.1343778976380376
281,cicids2017_tue_c0,0.866525,-19.099999999999994,59,0.6875,0.6285714285714286,0.6567164179104478,1.1039712235451424
282,cicids2017_tue_c0,0.86605,-20.199999999999996,59,0.6666666666666666,0.6285714285714286,0.6470588235294118,1.1627816498935113
283,cicids2017_wed_c0,0.865575,-40.79999999999999,59,0.5142857142857142,0.5142857142857142,0.5142857142857142,1.102994458078984
284,cicids2017_tue_c0,0.8651,-37.699999999999996,59,0.6071428571428571,0.4857142857142857,0.5396825396825397,1.1705229001662067
285,cicids2017_tue_c0,0.864625,-35.29999999999999,59,0.6,0.5142857142857142,0.5538461538461538,1.1578401202222286
286,cicids2017_wed_c1,0.86415,-40.39999999999998,59,0.13513513513513514,0.45454545454545453,0.20833333333333334,1.1581516192951888
287,cicids2017_fri_c0,0.863675,-50.19999999999999,59,0.4838709677419355,0.42857142857142855,0.4545454545454545,1.202502936727836
288,cicids2017_wed_c0,0.8632,-42.09999999999999,59,0.53125,0.4857142857142857,0.5074626865671641,1.1701658431953317
289,cicids2017_wed_c0,0.862725,-19.999999999999986,59,0.6216216216216216,0.6571428571428571,0.6388888888888888,1.2180068192540556
290,cicids2017_tue_c0,0.86225,-23.5,59,0.6111111111111112,0.6285714285714286,0.619718309859155,1.1691231760475513
291,cicids2017_wed_c1,0.861775,-25.899999999999995,59,0.21428571428571427,0.5454545454545454,0.30769230769230765,1.1210321601618467
292,cicids2017_tue_c0,0.8613,-16.9,59,0.7333333333333333,0.6285714285714286,0.6769230769230768,1.1438951149621852
293,cicids2017_wed_c1,0.860825,-20.4,59,0.2608695652173913,0.5454545454545454,0.3529411764705882,1.1748360360003771
294,cicids2017_tue_c0,0.86035,-33.99999999999999,59,0.5757575757575758,0.5428571428571428,0.5588235294117646,1.2306364636963105
295,cicids2017_wed_c0,0.859875,-37.29999999999999,59,0.5277777777777778,0.5428571428571428,0.5352112676056338,1.1673212709101668
296,cicids2017_wed_c0,0.8594,-29.399999999999995,59,0.6060606060606061,0.5714285714285714,0.588235294117647,1.184569480586832
297,cicids2017_wed_c1,0.858925,-26.099999999999973,59,0.20833333333333334,0.45454545454545453,0.28571428571428575,1.1457533760750573
298,cicids2017_tue_c0,0.85845,-24.79999999999999,59,0.6363636363636364,0.6,0.6176470588235293,1.101108716755874
299,cicids2017_tue_c0,0.857975,-32.699999999999996,59,0.5555555555555556,0.5714285714285714,0.5633802816901409,1.0995401354978687
300,cicids2017_fri_c0,0.8575,-40.09999999999999,59,0.6153846153846154,0.45714285714285713,0.5245901639344263,1.0971448593283677
301,cicids2017_tue_c0,0.857025,-40.999999999999986,59,0.5483870967741935,0.4857142857142857,0.5151515151515151,1.1051835854891743
302,cicids2017_wed_c1,0.85655,-25.499999999999993,59,0.2222222222222222,0.7272727272727273,0.3404255319148936,1.1250614331297921
303,cicids2017_fri_c0,0.856075,-26.999999999999993,59,0.6,0.6,0.6,1.1192474896333269
304,cicids2017_wed_c1,0.8556,-37.09999999999999,59,0.14705882352941177,0.45454545454545453,0.22222222222222224,1.1660170145245026
305,cicids2017_wed_c0,0.855125,-37.499999999999986,59,0.5625,0.5142857142857142,0.5373134328358209,1.1447656677601403
306,cicids2017_fri_c0,0.85465,-23.700000000000003,59,0.65625,0.6,0.626865671641791,1.1174711492577245
307,cicids2017_tue_c0,0.854175,-23.69999999999999,59,0.65625,0.6,0.626865671641791,1.1393786505994634
308,cicids2017_wed_c0,0.8537,-28.29999999999999,59,0.625,0.5714285714285714,0.5970149253731343,1.155387509464021
309,cicids2017_tue_c0,0.853225,-18.9,59,0.6388888888888888,0.6571428571428571,0.647887323943662,1.1124149621055095
310,cicids2017_fri_c0,0.85275,-35.29999999999999,59,0.6,0.5142857142857142,0.5538461538461538,1.1367157448862384
311,cicids2017_wed_c0,0.852275,-29.599999999999987,59,0.6551724137931034,0.5428571428571428,0.5937499999999999,1.0708043029064622
312,cicids2017_wed_c0,0.8518,-47.8,59,0.48484848484848486,0.45714285714285713,0.4705882352941177,1.1019039956084695
313,cicids2017_fri_c0,0.851325,-21.299999999999997,59,0.6470588235294118,0.6285714285714286,0.6376811594202899,1.1276063143202233
314,cicids2017_tue_c0,0.85085,-36.79999999999998,59,0.6956521739130435,0.45714285714285713,0.5517241379310345,1.1513556462093264
315,cicids2017_fri_c0,0.850375,-30.499999999999993,59,0.5882352941176471,0.5714285714285714,0.5797101449275363,1.1842840170113664
316,cicids2017_wed_c0,0.8499,-12.100000000000005,59,0.7058823529411765,0.6857142857142857,0.6956521739130436,1.1034122110444589
317,cicids2017_wed_c0,0.849425,-16.5,59,0.631578947368421,0.6857142857142857,0.6575342465753424,1.13381793203211
318,cicids2017_wed_c0,0.84895,-22.4,59,0.6285714285714286,0.6285714285714286,0.6285714285714286,1.15118008820062
319,cicids2017_wed_c1,0.848475,-34.899999999999984,59,0.15625,0.45454545454545453,0.2325581395348837,1.1241810877759495
320,cicids2017_wed_c1,0.848,-31.599999999999984,59,0.1724137931034483,0.45454545454545453,0.25000000000000006,1.2045692899825238
321,cicids2017_tue_c0,0.847525,-28.49999999999999,59,0.6785714285714286,0.5428571428571428,0.603174603174603,1.1331779020076431
322,cicids2017_fri_c0,0.84705,-27.0,59,0.6,0.6,0.6,1.1272326168867695
323,cicids2017_wed_c0,0.846575,-27.199999999999996,59,0.6451612903225806,0.5714285714285714,0.606060606060606,1.1509694409419546
324,cicids2017_wed_c1,0.8461,-32.29999999999999,59,0.18421052631578946,0.6363636363636364,0.2857142857142857,1.1479264393719564
325,cicids2017_wed_c1,0.8456250000000001,-33.79999999999998,59,0.16129032258064516,0.45454545454545453,0.23809523809523805,1.1355649160364727
326,cicids2017_fri_c0,0.8451500000000001,-33.99999999999999,59,0.5757575757575758,0.5428571428571428,0.5588235294117646,1.1743945121073316
327,cicids2017_fri_c0,0.8446750000000001,-12.100000000000005,59,0.7058823529411765,0.6857142857142857,0.6956521739130436,1.1019263941291182
328,cicids2017_fri_c0,0.8442000000000001,-36.199999999999996,59,0.5428571428571428,0.5428571428571428,0.5428571428571428,1.1698696854547548
329,cicids2017_fri_c0,0.8437250000000001,-34.199999999999996,59,0.6206896551724138,0.5142857142857142,0.5625,1.1090645416633973
330,cicids2017_wed_c0,0.84325,-51.69999999999998,59,0.5416666666666666,0.37142857142857144,0.44067796610169496,1.1409261514921372
331,cicids2017_wed_c0,0.842775,-22.599999999999987,59,0.6774193548387096,0.6,0.6363636363636364,1.1449659271924295
332,cicids2017_tue_c0,0.8423,-37.69999999999999,59,0.6071428571428571,0.4857142857142857,0.5396825396825397,1.1491331030218304
333,cicids2017_tue_c0,0.841825,-16.700000000000003,59,0.6764705882352942,0.6571428571428571,0.6666666666666666,1.156863586726506
334,cicids2017_wed_c1,0.84135,-37.09999999999998,59,0.14705882352941177,0.45454545454545453,0.22222222222222224,1.1424336329006917
335,cicids2017_tue_c0,0.840875,-31.999999999999993,59,0.6666666666666666,0.5142857142857142,0.5806451612903226,1.1220098397000213
336,cicids2017_wed_c1,0.8404,-30.69999999999997,59,0.16666666666666666,0.36363636363636365,0.2285714285714286,1.1330587001921912
337,cicids2017_wed_c1,0.839925,-23.49999999999998,59,0.23333333333333334,0.6363636363636364,0.34146341463414637,1.157130176780189
338,cicids2017_tue_c0,0.83945,-11.900000000000004,59,0.6578947368421053,0.7142857142857143,0.684931506849315,1.2124567102639827
339,cicids2017_fri_c0,0.838975,-14.5,59,0.71875,0.6571428571428571,0.6865671641791045,1.1649118734459027
340,cicids2017_wed_c1,0.8385,-25.899999999999995,59,0.21428571428571427,0.5454545454545454,0.30769230769230765,1.169696488253094
341,cicids2017_wed_c0,0.838025,-22.4,59,0.6285714285714286,0.6285714285714286,0.6285714285714286,1.1617933194897865
342,cicids2017_tue_c0,0.83755,-30.69999999999999,59,0.6333333333333333,0.5428571428571428,0.5846153846153846,1.212629464905958
343,cicids2017_wed_c0,0.837075,-28.29999999999999,59,0.625,0.5714285714285714,0.5970149253731343,1.1884509939346604
344,cicids2017_wed_c0,0.8366,-36.199999999999996,59,0.5428571428571428,0.5428571428571428,0.5428571428571428,1.1829522649237567
345,cicids2017_wed_c1,0.836125,-19.799999999999997,59,0.2571428571428571,0.8181818181818182,0.39130434782608686,1.2181377484349534
346,cicids2017_tue_c0,0.83565,-23.899999999999995,59,0.7142857142857143,0.5714285714285714,0.634920634920635,1.2144401640265983
347,cicids2017_wed_c1,0.835175,-23.3,59,0.23529411764705882,0.7272727272727273,0.3555555555555555,1.1979394319297871
348,cicids2017_wed_c1,0.8347,-39.29999999999998,59,0.1388888888888889,0.45454545454545453,0.21276595744680854,1.1161569659652222
349,cicids2017_fri_c0,0.834225,-19.1,59,0.6875,0.6285714285714286,0.6567164179104478,1.1672003242337592
350,cicids2017_fri_c0,0.83375,-35.49999999999999,59,0.6538461538461539,0.4857142857142857,0.5573770491803278,1.143523589179413
351,cicids2017_wed_c0,0.833275,-17.4,59,0.5813953488372093,0.7142857142857143,0.6410256410256411,1.1644004066756615
352,cicids2017_fri_c0,0.8328,-18.7,59,0.6,0.6857142857142857,0.64,1.2063471908767003
353,cicids2017_tue_c0,0.832325,-38.79999999999999,59,0.5862068965517241,0.4857142857142857,0.53125,1.178489314126161
354,cicids2017_tue_c0,0.83185,-17.6,59,0.6153846153846154,0.6857142857142857,0.6486486486486486,1.1863772089400368
355,cicids2017_wed_c1,0.831375,-34.899999999999984,59,0.15625,0.45454545454545453,0.2325581395348837,1.2255721968479072
356,cicids2017_wed_c1,0.8309,-32.49999999999998,59,0.17647058823529413,0.5454545454545454,0.26666666666666666,1.2079193828541763
357,cicids2017_fri_c0,0.830425,-17.800000000000004,59,0.6571428571428571,0.6571428571428571,0.6571428571428571,1.1980239787495561
358,cicids2017_wed_c1,0.82995,-32.49999999999998,59,0.17647058823529413,0.5454545454545454,0.26666666666666666,1.0586790405799935
359,cicids2017_fri_c0,0.829475,-21.300000000000004,59,0.6470588235294118,0.6285714285714286,0.6376811594202899,1.1154447116826767
360,cicids2017_wed_c0,0.829,-26.09999999999998,59,0.6666666666666666,0.5714285714285714,0.6153846153846153,1.0564239820401498
361,cicids2017_wed_c1,0.828525,-20.39999999999999,59,0.2608695652173913,0.5454545454545454,0.3529411764705882,1.0836285211488683
362,cicids2017_wed_c1,0.82805,-31.59999999999998,59,0.1724137931034483,0.45454545454545453,0.25000000000000006,1.115197199691232
363,cicids2017_fri_c0,0.827575,-35.3,59,0.6,0.5142857142857142,0.5538461538461538,1.068715790214451
364,cicids2017_wed_c1,0.8271,-26.999999999999986,59,0.20689655172413793,0.5454545454545454,0.3,1.105805814440724
365,cicids2017_fri_c0,0.8266249999999999,-19.1,59,0.6875,0.6285714285714286,0.6567164179104478,1.1487544794303426
366,cicids2017_wed_c0,0.82615,-33.8,59,0.5405405405405406,0.5714285714285714,0.5555555555555556,1.1396586966016422
367,cicids2017_tue_c0,0.825675,-44.49999999999999,59,0.5333333333333333,0.45714285714285713,0.4923076923076923,1.161346701150353
368,cicids2017_tue_c0,0.8252,-30.69999999999999,59,0.6333333333333333,0.5428571428571428,0.5846153846153846,1.1029641536946533
369,cicids2017_fri_c0,0.824725,-46.699999999999996,59,0.5,0.45714285714285713,0.4776119402985075,1.185642563542707
370,cicids2017_wed_c1,0.82425,-27.399999999999984,59,0.19047619047619047,0.36363636363636365,0.25,1.1776849812501637
371,cicids2017_tue_c0,0.823775,-21.300000000000004,59,0.6470588235294118,0.6285714285714286,0.6376811594202899,1.1543502342800098
372,cicids2017_wed_c0,0.8233,-43.199999999999996,59,0.5151515151515151,0.4857142857142857,0.5,1.2066092593183857
373,cicids2017_tue_c0,0.822825,-26.09999999999999,59,0.6666666666666666,0.5714285714285714,0.6153846153846153,1.1954783470434192
374,cicids2017_tue_c0,0.82235,-16.5,59,0.631578947368421,0.6857142857142857,0.6575342465753424,1.2120978485837954
375,cicids2017_wed_c1,0.821875,-30.099999999999984,59,0.19444444444444445,0.6363636363636364,0.29787234042553196,1.1255603912212253
376,cicids2017_fri_c0,0.8214,-31.79999999999999,59,0.6129032258064516,0.5428571428571428,0.5757575757575757,1.13402036569966
377,cicids2017_wed_c0,0.820925,-37.499999999999986,59,0.5625,0.5142857142857142,0.5373134328358209,1.079989467823118
378,cicids2017_wed_c0,0.82045,-24.799999999999997,59,0.6363636363636364,0.6,0.6176470588235293,1.1574577487823752
379,cicids2017_tue_c0,0.819975,-24.8,59,0.6363636363636364,0.6,0.6176470588235293,1.1722880914251117
380,cicids2017_tue_c0,0.8195,-33.09999999999999,59,0.6428571428571429,0.5142857142857142,0.5714285714285714,1.1506288940998464
381,cicids2017_fri_c0,0.819025,-31.79999999999999,59,0.6129032258064516,0.5428571428571428,0.5757575757575757,1.1095843123031408
382,cicids2017_wed_c1,0.81855,-18.9,59,0.26666666666666666,0.7272727272727273,0.3902439024390244,1.165791641797387
383,cicids2017_wed_c1,0.818075,-15.60000000000001,59,0.2962962962962963,0.7272727272727273,0.42105263157894735,1.126581960183034
384,cicids2017_fri_c0,0.8176,-28.300000000000004,59,0.625,0.5714285714285714,0.5970149253731343,1.0911743420796138
385,cicids2017_fri_c0,0.817125,-31.799999999999997,59,0.6129032258064516,0.5428571428571428,0.5757575757575757,1.13814126069863
386,cicids2017_fri_c0,0.81665,-22.799999999999997,59,0.7407407407407407,0.5714285714285714,0.6451612903225806,1.0986305163782495
387,cicids2017_fri_c0,0.816175,-27.0,59,0.6,0.6,0.6,1.1391410261914725
388,cicids2017_wed_c1,0.8157,-31.399999999999977,59,0.18181818181818182,0.5454545454545454,0.2727272727272727,1.149704724135966
389,cicids2017_wed_c1,0.815225,-15.400000000000002,59,0.2903225806451613,0.8181818181818182,0.4285714285714286,1.1974037520307563
390,cicids2017_fri_c0,0.81475,-28.099999999999994,59,0.5833333333333334,0.6,0.591549295774648,1.1854364566602364
391,cicids2017_wed_c0,0.814275,-56.099999999999994,59,0.4642857142857143,0.37142857142857144,0.41269841269841273,1.2219525276173897
392,cicids2017_fri_c0,0.8138,-24.799999999999997,59,0.6363636363636364,0.6,0.6176470588235293,1.151568328496536
393,cicids2017_tue_c0,0.813325,-12.300000000000004,59,0.7666666666666667,0.6571428571428571,0.7076923076923077,1.1329499981678426
394,cicids2017_wed_c0,0.81285,-14.300000000000002,59,0.6666666666666666,0.6857142857142857,0.676056338028169,1.1798457611992619
395,cicids2017_wed_c0,0.8123750000000001,-36.19999999999999,59,0.5428571428571428,0.5428571428571428,0.5428571428571428,1.113747055312117
396,cicids2017_wed_c1,0.8119000000000001,-34.89999999999998,59,0.15625,0.45454545454545453,0.2325581395348837,1.1270797305323623
397,cicids2017_fri_c0,0.8114250000000001,-37.699999999999996,59,0.6071428571428571,0.4857142857142857,0.5396825396825397,1.1225159902908068
398,cicids2017_fri_c0,0.8109500000000001,-25.199999999999992,59,0.76,0.5428571428571428,0.6333333333333332,1.1025663792631124
399,cicids2017_tue_c0,0.8104750000000001,-39.89999999999999,59,0.5666666666666667,0.4857142857142857,0.523076923076923,1.1927157423834194
400,cicids2017_tue_c0,0.81,-39.899999999999984,59,0.5666666666666667,0.4857142857142857,0.523076923076923,1.1051440047810024
401,cicids2017_wed_c1,0.809525,-29.399999999999977,59,0.18518518518518517,0.45454545454545453,0.2631578947368421,1.1751566451532167
402,cicids2017_wed_c1,0.80905,-25.899999999999984,59,0.21428571428571427,0.5454545454545454,0.30769230769230765,1.1903430021789188
403,cicids2017_tue_c0,0.808575,-19.099999999999994,59,0.6875,0.6285714285714286,0.6567164179104478,1.1974158548348464
404,cicids2017_wed_c1,0.8081,-26.799999999999983,59,0.21212121212121213,0.6363636363636364,0.3181818181818182,1.1866003162879855
405,cicids2017_tue_c0,0.807625,-28.099999999999994,59,0.5833333333333334,0.6,0.591549295774648,1.1547504923060024
406,cicids2017_wed_c0,0.80715,-40.8,59,0.5142857142857142,0.5142857142857142,0.5142857142857142,1.1336822872310512
407,cicids2017_tue_c0,0.806675,-22.4,59,0.6285714285714286,0.6285714285714286,0.6285714285714286,1.1185689665203662
408,cicids2017_fri_c0,0.8062,-29.4,59,0.6060606060606061,0.5714285714285714,0.588235294117647,1.095256122349965
409,cicids2017_wed_c1,0.805725,-23.1,59,0.23684210526315788,0.8181818181818182,0.3673469387755102,1.1584351168478786
410,cicids2017_fri_c0,0.80525,-10.800000000000002,59,0.6756756756756757,0.7142857142857143,0.6944444444444444,1.159684029825056
411,cicids2017_fri_c0,0.804775,-37.49999999999999,59,0.5625,0.5142857142857142,0.5373134328358209,1.1791661316663056
412,cicids2017_fri_c0,0.8043,-24.8,59,0.6363636363636364,0.6,0.6176470588235293,1.1527593784890313
413,cicids2017_tue_c0,0.803825,-26.999999999999993,59,0.6,0.6,0.6,1.122928069695764
414,cicids2017_fri_c0,0.80335,-24.6,59,0.5945945945945946,0.6285714285714286,0.611111111111111,1.0930489196805844
415,cicids2017_fri_c0,0.802875,-42.29999999999999,59,0.5714285714285714,0.45714285714285713,0.5079365079365079,1.1282158171087877
416,cicids2017_wed_c0,0.8024,-15.400000000000004,59,0.6486486486486487,0.6857142857142857,0.6666666666666667,1.1472768846452885
417,cicids2017_wed_c1,0.801925,-23.299999999999997,59,0.23529411764705882,0.7272727272727273,0.3555555555555555,1.1517588008084638
418,cicids2017_fri_c0,0.80145,-25.199999999999996,59,0.76,0.5428571428571428,0.6333333333333332,1.1281498141389419
419,cicids2017_tue_c0,0.800975,-27.19999999999999,59,0.6451612903225806,0.5714285714285714,0.606060606060606,1.1529881140082674
420,cicids2017_wed_c0,0.8005,-36.399999999999984,59,0.5806451612903226,0.5142857142857142,0.5454545454545455,1.139625391415057
421,cicids2017_wed_c1,0.800025,-26.999999999999982,59,0.20689655172413793,0.5454545454545454,0.3,1.1051642138455977
422,cicids2017_wed_c0,0.79955,-36.39999999999999,59,0.5806451612903226,0.5142857142857142,0.5454545454545455,1.0707177675582
423,cicids2017_wed_c1,0.799075,-36.699999999999996,59,0.16666666666666666,0.6363636363636364,0.2641509433962264,1.0731973869285272
424,cicids2017_wed_c0,0.7986,-15.200000000000005,59,0.6097560975609756,0.7142857142857143,0.6578947368421052,1.0239956620748518
425,cicids2017_tue_c0,0.798125,-26.099999999999994,59,0.6666666666666666,0.5714285714285714,0.6153846153846153,1.0436296766104471
426,cicids2017_fri_c0,0.79765,-27.2,59,0.6451612903225806,0.5714285714285714,0.606060606060606,1.102354905609186
427,cicids2017_wed_c1,0.797175,-33.399999999999984,59,0.1794871794871795,0.6363636363636364,0.28,1.125992457116845
428,cicids2017_wed_c1,0.7967,-30.299999999999983,59,0.1875,0.5454545454545454,0.27906976744186046,1.0793152456492494
429,cicids2017_fri_c0,0.796225,-32.00000000000001,59,0.6666666666666666,0.5142857142857142,0.5806451612903226,1.1500041757116246
430,cicids2017_wed_c0,0.79575,-14.300000000000002,59,0.6666666666666666,0.6857142857142857,0.676056338028169,1.1600021109064325
431,cicids2017_fri_c0,0.795275,-46.699999999999996,59,0.5,0.45714285714285713,0.4776119402985075,1.1385080995819916
432,cicids2017_wed_c0,0.7948,-30.5,59,0.5882352941176471,0.5714285714285714,0.5797101449275363,1.1444043209400196
433,cicids2017_wed_c1,0.794325,-32.89999999999998,59,0.15384615384615385,0.36363636363636365,0.21621621621621623,1.133299711835524
434,cicids2017_fri_c0,0.79385,-27.200000000000003,59,0.6451612903225806,0.5714285714285714,0.606060606060606,1.1382439985145543
435,cicids2017_tue_c0,0.7933749999999999,-23.5,59,0.6111111111111112,0.6285714285714286,0.619718309859155,1.165476345423566
436,cicids2017_fri_c0,0.7929,-30.299999999999997,59,0.5526315789473685,0.6,0.5753424657534247,1.1600051775324427
437,cicids2017_wed_c0,0.792425,-30.499999999999993,59,0.5882352941176471,0.5714285714285714,0.5797101449275363,1.1382496376778157
438,cicids2017_wed_c1,0.79195,-17.800000000000004,59,0.27586206896551724,0.7272727272727273,0.4,1.13918289141698
439,cicids2017_fri_c0,0.791475,-36.199999999999996,59,0.5428571428571428,0.5428571428571428,0.5428571428571428,1.1093605039880685
440,cicids2017_tue_c0,0.791,-29.199999999999996,59,0.5675675675675675,0.6,0.5833333333333333,1.1862306665580684
441,cicids2017_wed_c1,0.790525,-32.49999999999998,59,0.17647058823529413,0.5454545454545454,0.26666666666666666,1.1525454037467102
442,cicids2017_tue_c0,0.79005,-16.700000000000003,59,0.6764705882352942,0.6571428571428571,0.6666666666666666,1.1846899132397777
443,cicids2017_fri_c0,0.789575,-40.099999999999994,59,0.6153846153846154,0.45714285714285713,0.5245901639344263,1.1971612707397397
444,cicids2017_tue_c0,0.7891,-26.999999999999993,59,0.6,0.6,0.6,1.189761800973408
445,cicids2017_wed_c0,0.788625,-37.499999999999986,59,0.5625,0.5142857142857142,0.5373134328358209,1.1979852914188418
446,cicids2017_wed_c0,0.78815,-22.39999999999999,59,0.6285714285714286,0.6285714285714286,0.6285714285714286,1.1886604106711793
447,cicids2017_tue_c0,0.787675,-28.099999999999994,59,0.5833333333333334,0.6,0.591549295774648,1.196558827953337
448,cicids2017_wed_c1,0.7872,-33.999999999999986,59,0.14814814814814814,0.36363636363636365,0.21052631578947367,1.1564760471961506
449,cicids2017_wed_c0,0.786725,-37.3,59,0.5277777777777778,0.5428571428571428,0.5352112676056338,1.1985118891329622
450,cicids2017_tue_c0,0.78625,-34.199999999999996,59,0.6206896551724138,0.5142857142857142,0.5625,1.1705074209311401
451,cicids2017_wed_c1,0.785775,-19.29999999999999,59,0.2727272727272727,0.5454545454545454,0.3636363636363636,1.143251898811519
452,cicids2017_wed_c1,0.7853,-23.299999999999997,59,0.23529411764705882,0.7272727272727273,0.3555555555555555,1.1660673487735842
453,cicids2017_tue_c0,0.784825,-32.9,59,0.59375,0.5428571428571428,0.5671641791044776,1.1774857374865368
454,cicids2017_fri_c0,0.78435,-18.0,59,0.7096774193548387,0.6285714285714286,0.6666666666666666,1.2422034286164771
455,cicids2017_wed_c0,0.783875,-44.49999999999999,59,0.5333333333333333,0.45714285714285713,0.4923076923076923,1.2401137168434884
456,cicids2017_wed_c0,0.7834,-23.300000000000004,59,0.575,0.6571428571428571,0.6133333333333333,1.175765672058976
457,cicids2017_fri_c0,0.782925,-5.300000000000003,59,0.78125,0.7142857142857143,0.7462686567164178,1.1407673668612939
458,cicids2017_wed_c0,0.78245,-33.999999999999986,59,0.5757575757575758,0.5428571428571428,0.5588235294117646,1.149047900822426
459,cicids2017_wed_c1,0.781975,-18.699999999999996,59,0.2647058823529412,0.8181818181818182,0.39999999999999997,1.1484744840723604
460,cicids2017_fri_c0,0.7815,-7.300000000000001,59,0.6842105263157895,0.7428571428571429,0.7123287671232877,1.1967174031102976
461,cicids2017_wed_c0,0.781025,-4.700000000000003,59,0.6363636363636364,0.8,0.7088607594936709,1.1326177825489765
462,cicids2017_fri_c0,0.78055,-8.600000000000001,59,0.7142857142857143,0.7142857142857143,0.7142857142857143,1.1579609455474176
463,cicids2017_wed_c0,0.780075,-5.100000000000002,59,0.7222222222222222,0.7428571428571429,0.732394366197183,1.204841331551877
464,cicids2017_tue_c0,0.7796,-22.799999999999986,59,0.7407407407407407,0.5714285714285714,0.6451612903225806,1.2359569649876618
465,cicids2017_fri_c0,0.7791250000000001,-30.699999999999996,59,0.6333333333333333,0.5428571428571428,0.5846153846153846,1.1547158502674075
466,cicids2017_wed_c1,0.7786500000000001,-18.700000000000006,59,0.2647058823529412,0.8181818181818182,0.39999999999999997,1.1478954122747764
467,cicids2017_fri_c0,0.7781750000000001,-28.299999999999997,59,0.625,0.5714285714285714,0.5970149253731343,1.177983725439287
468,cicids2017_wed_c0,0.7777000000000001,-19.999999999999986,59,0.6216216216216216,0.6571428571428571,0.6388888888888888,1.1476833377623161
469,cicids2017_fri_c0,0.777225,-46.9,59,0.5357142857142857,0.42857142857142855,0.47619047619047616,1.1717502885212077
470,cicids2017_wed_c1,0.77675,-28.99999999999999,59,0.2,0.6363636363636364,0.30434782608695654,1.1177188915764895
471,cicids2017_wed_c0,0.776275,-2.5000000000000013,59,0.6666666666666666,0.8,0.7272727272727272,1.1481763451371398
472,cicids2017_wed_c1,0.7758,-24.799999999999986,59,0.2222222222222222,0.5454545454545454,0.3157894736842105,1.0848521097329233
473,cicids2017_tue_c0,0.775325,-15.599999999999996,59,0.696969696969697,0.6571428571428571,0.676470588235294,1.18315358674245
474,cicids2017_tue_c0,0.77485,-23.499999999999993,59,0.6111111111111112,0.6285714285714286,0.619718309859155,1.1502786323201453
475,cicids2017_wed_c0,0.774375,-22.39999999999999,59,0.6285714285714286,0.6285714285714286,0.6285714285714286,1.2210362979988172
476,cicids2017_wed_c1,0.7739,-22.199999999999996,59,0.24242424242424243,0.7272727272727273,0.36363636363636365,1.1296842857162819
477,cicids2017_wed_c1,0.773425,-32.29999999999999,59,0.18421052631578946,0.6363636363636364,0.2857142857142857,1.0853191879542448
478,cicids2017_fri_c0,0.77295,-27.19999999999998,59,0.6451612903225806,0.5714285714285714,0.606060606060606,1.1212630353458317
479,cicids2017_wed_c0,0.772475,-7.100000000000003,59,0.6428571428571429,0.7714285714285715,0.7012987012987013,1.0828283064793645
480,cicids2017_fri_c0,0.772,-2.7000000000000015,59,0.7105263157894737,0.7714285714285715,0.7397260273972601,1.0733449660697287
481,cicids2017_tue_c0,0.771525,-14.500000000000004,59,0.71875,0.6571428571428571,0.6865671641791045,1.088704573226369
482,cicids2017_wed_c1,0.77105,-17.6,59,0.2727272727272727,0.8181818181818182,0.4090909090909091,1.1435665755173863
483,cicids2017_tue_c0,0.770575,-5.100000000000001,59,0.7222222222222222,0.7428571428571429,0.732394366197183,1.1201283519294782
484,cicids2017_wed_c1,0.7701,-24.6,59,0.22580645161290322,0.6363636363636364,0.3333333333333333,1.1233491734775847
485,cicids2017_tue_c0,0.769625,-17.799999999999997,59,0.6571428571428571,0.6571428571428571,0.6571428571428571,1.061207299831518
486,cicids2017_fri_c0,0.76915,-30.700000000000003,59,0.6333333333333333,0.5428571428571428,0.5846153846153846,1.1467420626020421
487,cicids2017_tue_c0,0.768675,-11.900000000000004,59,0.6578947368421053,0.7142857142857143,0.684931506849315,1.112961689993636
488,cicids2017_wed_c0,0.7682,-21.499999999999986,59,0.7,0.6,0.6461538461538462,1.1084125027832037
489,cicids2017_wed_c1,0.767725,-18.5,59,0.2631578947368421,0.9090909090909091,0.4081632653061224,1.0965816084071571
490,cicids2017_wed_c0,0.76725,-16.5,59,0.631578947368421,0.6857142857142857,0.6575342465753424,1.0271136839218478
491,cicids2017_wed_c1,0.766775,-32.499999999999986,59,0.17647058823529413,0.5454545454545454,0.26666666666666666,1.0476032385333018
492,cicids2017_wed_c1,0.7663,-35.09999999999999,59,0.14285714285714285,0.36363636363636365,0.2051282051282051,1.034193073768003
493,cicids2017_wed_c1,0.765825,-31.399999999999984,59,0.18181818181818182,0.5454545454545454,0.2727272727272727,1.0454057701334902
494,cicids2017_wed_c0,0.76535,-22.599999999999994,59,0.6774193548387096,0.6,0.6363636363636364,1.106567762194798
495,cicids2017_tue_c0,0.764875,-18.199999999999996,59,0.7777777777777778,0.6,0.6774193548387097,1.0564900157648043
496,cicids2017_tue_c0,0.7644,-16.7,59,0.6764705882352942,0.6571428571428571,0.6666666666666666,1.0445928293240734
497,cicids2017_fri_c0,0.763925,-15.199999999999998,59,0.6097560975609756,0.7142857142857143,0.6578947368421052,1.1286593424257718
498,cicids2017_tue_c0,0.76345,-49.29999999999999,59,0.5384615384615384,0.4,0.45901639344262296,1.1038376926325453
499,cicids2017_wed_c1,0.762975,-26.599999999999994,59,0.21621621621621623,0.7272727272727273,0.33333333333333337,1.152234670960429
500,cicids2017_tue_c0,0.7625,-35.099999999999994,59,0.5588235294117647,0.5428571428571428,0.5507246376811593,1.0834614996529417
501,cicids2017_fri_c0,0.762025,-41.4,59,0.6521739130434783,0.42857142857142855,0.5172413793103448,1.0645351763759012
502,cicids2017_wed_c0,0.76155,-25.69999999999999,59,0.5789473684210527,0.6285714285714286,0.6027397260273972,1.062972430028541
503,cicids2017_wed_c1,0.761075,-35.29999999999998,59,0.125,0.2727272727272727,0.17142857142857143,1.0810639280105376
504,cicids2017_wed_c1,0.7605999999999999,-22.199999999999985,59,0.24242424242424243,0.7272727272727273,0.36363636363636365,1.1443251233691651
505,cicids2017_tue_c0,0.760125,-11.000000000000002,59,0.7272727272727273,0.6857142857142857,0.7058823529411764,1.154967833241999
506,cicids2017_tue_c0,0.75965,-10.800000000000002,59,0.6756756756756757,0.7142857142857143,0.6944444444444444,1.1383601899606113
507,cicids2017_wed_c0,0.759175,-32.69999999999999,59,0.5555555555555556,0.5714285714285714,0.5633802816901409,1.1006528201231707
508,cicids2017_fri_c0,0.7587,-15.400000000000002,59,0.6486486486486487,0.6857142857142857,0.6666666666666667,1.10023737127155
509,cicids2017_tue_c0,0.758225,-26.999999999999993,59,0.6,0.6,0.6,1.085452269826615
510,cicids2017_fri_c0,0.75775,-45.6,59,0.5161290322580645,0.45714285714285713,0.4848484848484849,1.1594035161246974
511,cicids2017_wed_c1,0.757275,-22.199999999999996,59,0.24242424242424243,0.7272727272727273,0.36363636363636365,1.1410250489413298
512,cicids2017_wed_c0,0.7568,-35.099999999999994,59,0.5588235294117647,0.5428571428571428,0.5507246376811593,1.200447692468996
513,cicids2017_wed_c1,0.756325,-31.19999999999999,59,0.1891891891891892,0.6363636363636364,0.2916666666666667,1.173129835791437
514,cicids2017_wed_c1,0.75585,-19.800000000000004,59,0.2571428571428571,0.8181818181818182,0.39130434782608686,1.1404806639322957
515,cicids2017_wed_c1,0.755375,-30.299999999999976,59,0.1875,0.5454545454545454,0.27906976744186046,1.1086003123978119
516,cicids2017_fri_c0,0.7549,-42.29999999999999,59,0.5714285714285714,0.45714285714285713,0.5079365079365079,1.1751981230097999
517,cicids2017_wed_c1,0.754425,-23.29999999999999,59,0.23529411764705882,0.7272727272727273,0.3555555555555555,1.1280857917078817
518,cicids2017_fri_c0,0.75395,-9.500000000000002,59,0.65,0.7428571428571429,0.6933333333333334,1.1275931677845785
519,cicids2017_tue_c0,0.753475,-40.09999999999999,59,0.6153846153846154,0.45714285714285713,0.5245901639344263,1.1209911133176234
520,cicids2017_wed_c0,0.753,-35.09999999999999,59,0.5588235294117647,0.5428571428571428,0.5507246376811593,1.0990674344267957
521,cicids2017_tue_c0,0.752525,-44.5,59,0.5333333333333333,0.45714285714285713,0.4923076923076923,1.1874741559180355
522,cicids2017_fri_c0,0.75205,-15.400000000000006,59,0.6486486486486487,0.6857142857142857,0.6666666666666667,1.132521574021476
523,cicids2017_fri_c0,0.751575,-16.699999999999996,59,0.6764705882352942,0.6571428571428571,0.6666666666666666,1.206358106150983
524,cicids2017_wed_c1,0.7511,-31.599999999999973,59,0.1724137931034483,0.45454545454545453,0.25000000000000006,1.1873766879442822
525,cicids2017_tue_c0,0.750625,-16.90000000000001,59,0.7333333333333333,0.6285714285714286,0.6769230769230768,1.2217431610323233
526,cicids2017_tue_c0,0.75015,-18.19999999999999,59,0.7777777777777778,0.6,0.6774193548387097,1.1881977278256695
527,cicids2017_wed_c1,0.749675,-26.799999999999997,59,0.21212121212121213,0.6363636363636364,0.3181818181818182,1.1821405933540956
528,cicids2017_fri_c0,0.7492,-16.700000000000003,59,0.6764705882352942,0.6571428571428571,0.6666666666666666,1.1438763437612773
529,cicids2017_wed_c1,0.748725,-33.8,59,0.16129032258064516,0.45454545454545453,0.23809523809523805,1.1177907449983937
530,cicids2017_wed_c1,0.7482500000000001,-24.599999999999994,59,0.22580645161290322,0.6363636363636364,0.3333333333333333,1.0835445259555998
531,cicids2017_wed_c0,0.7477750000000001,-24.79999999999999,59,0.6363636363636364,0.6,0.6176470588235293,1.1082126293459662
532,cicids2017_fri_c0,0.7473000000000001,-27.199999999999996,59,0.6451612903225806,0.5714285714285714,0.606060606060606,1.0578870332499146
533,cicids2017_fri_c0,0.7468250000000001,-14.3,59,0.6666666666666666,0.6857142857142857,0.676056338028169,1.006934716310767
534,cicids2017_tue_c0,0.7463500000000001,-21.5,59,0.7,0.6,0.6461538461538462,1.114906990056707
535,cicids2017_wed_c0,0.7458750000000001,-31.599999999999994,59,0.5714285714285714,0.5714285714285714,0.5714285714285714,1.1329715764547832
536,cicids2017_fri_c0,0.7454000000000001,-20.2,59,0.6666666666666666,0.6285714285714286,0.6470588235294118,1.116010942452518
537,cicids2017_tue_c0,0.7449250000000001,-24.79999999999999,59,0.6363636363636364,0.6,0.6176470588235293,1.1567843544778733
538,cicids2017_fri_c0,0.7444500000000001,-0.3000000000000008,59,0.7,0.8,0.7466666666666666,1.1197930093619133
539,cicids2017_wed_c0,0.743975,-42.09999999999999,59,0.53125,0.4857142857142857,0.5074626865671641,1.1215714483009542
540,cicids2017_fri_c0,0.7435,-23.699999999999996,59,0.65625,0.6,0.626865671641791,1.147204916584776
541,cicids2017_wed_c0,0.743025,-3.8000000000000007,59,0.6923076923076923,0.7714285714285715,0.7297297297297296,1.1501063216381107
542,cicids2017_fri_c0,0.74255,-30.700000000000003,59,0.6333333333333333,0.5428571428571428,0.5846153846153846,1.1176334355221798
543,cicids2017_fri_c0,0.742075,-15.4,59,0.6486486486486487,0.6857142857142857,0.6666666666666667,1.1206503527116722
544,cicids2017_fri_c0,0.7416,-28.299999999999986,59,0.625,0.5714285714285714,0.5970149253731343,1.134503981307014
545,cicids2017_wed_c1,0.741125,-19.999999999999996,59,0.25806451612903225,0.7272727272727273,0.38095238095238093,1.1560092445527297
546,cicids2017_fri_c0,0.74065,-21.1,59,0.6052631578947368,0.6571428571428571,0.6301369863013698,1.15780895172077
547,cicids2017_tue_c0,0.740175,-30.69999999999999,59,0.6333333333333333,0.5428571428571428,0.5846153846153846,1.1559253734412185
548,cicids2017_wed_c0,0.7397,-22.39999999999999,59,0.6285714285714286,0.6285714285714286,0.6285714285714286,1.1395062495454629
549,cicids2017_wed_c0,0.739225,-34.19999999999999,59,0.6206896551724138,0.5142857142857142,0.5625,1.155743824916341
550,cicids2017_wed_c0,0.73875,-16.500000000000007,59,0.631578947368421,0.6857142857142857,0.6575342465753424,1.1373900529461107
551,cicids2017_wed_c1,0.738275,-30.29999999999999,59,0.1875,0.5454545454545454,0.27906976744186046,1.1285181358888035
552,cicids2017_tue_c0,0.7378,-22.2,59,0.5897435897435898,0.6571428571428571,0.6216216216216216,1.097552824046593
553,cicids2017_wed_c1,0.737325,-33.79999999999998,59,0.16129032258064516,0.45454545454545453,0.23809523809523805,1.0852206412748069
554,cicids2017_tue_c0,0.73685,-42.29999999999999,59,0.5714285714285714,0.45714285714285713,0.5079365079365079,1.0885843808147395
555,cicids2017_wed_c1,0.736375,-24.999999999999993,59,0.21739130434782608,0.45454545454545453,0.29411764705882354,1.2025868089350433
556,cicids2017_wed_c0,0.7359,-44.499999999999986,59,0.5333333333333333,0.45714285714285713,0.4923076923076923,1.1636281480192305
557,cicids2017_wed_c0,0.735425,-28.999999999999996,59,0.5365853658536586,0.6285714285714286,0.5789473684210527,1.1614681108660196
558,cicids2017_wed_c1,0.73495,-29.39999999999997,59,0.18518518518518517,0.45454545454545453,0.2631578947368421,1.1963448675009678
559,cicids2017_wed_c1,0.734475,-24.79999999999998,59,0.2222222222222222,0.5454545454545454,0.3157894736842105,1.1655135299710992
560,cicids2017_wed_c1,0.734,-36.39999999999998,59,0.12,0.2727272727272727,0.16666666666666666,1.1757164259517199
561,cicids2017_wed_c0,0.733525,-23.7,59,0.65625,0.6,0.626865671641791,1.1379424360597281
562,cicids2017_fri_c0,0.73305,-14.3,59,0.6666666666666666,0.6857142857142857,0.676056338028169,1.1366992325623302
563,cicids2017_tue_c0,0.732575,-12.100000000000003,59,0.7058823529411765,0.6857142857142857,0.6956521739130436,1.135497437666338
564,cicids2017_fri_c0,0.7321,-23.499999999999993,59,0.6111111111111112,0.6285714285714286,0.619718309859155,1.1494532442189902
565,cicids2017_wed_c1,0.731625,-21.099999999999994,59,0.25,0.7272727272727273,0.37209302325581395,1.1368703547296377
566,cicids2017_fri_c0,0.73115,-17.800000000000004,59,0.6571428571428571,0.6571428571428571,0.6571428571428571,1.132205069545623
567,cicids2017_fri_c0,0.730675,-19.1,59,0.6875,0.6285714285714286,0.6567164179104478,1.1065855052805762
568,cicids2017_fri_c0,0.7302,-37.49999999999999,59,0.5625,0.5142857142857142,0.5373134328358209,1.1498452975409859
569,cicids2017_wed_c0,0.729725,-14.1,59,0.625,0.7142857142857143,0.6666666666666666,1.178318383278874
570,cicids2017_wed_c0,0.72925,-29.199999999999996,59,0.5675675675675675,0.6,0.5833333333333333,1.1530849286671605
571,cicids2017_wed_c1,0.7287750000000001,-19.99999999999999,59,0.25806451612903225,0.7272727272727273,0.38095238095238093,1.196711632769644
572,cicids2017_tue_c0,0.7283000000000001,-27.19999999999999,59,0.6451612903225806,0.5714285714285714,0.606060606060606,1.1993121902620723
573,cicids2017_tue_c0,0.727825,-29.199999999999996,59,0.5675675675675675,0.6,0.5833333333333333,1.2079097706945008
574,cicids2017_fri_c0,0.72735,-15.600000000000001,59,0.696969696969697,0.6571428571428571,0.676470588235294,1.1724872666467354
575,cicids2017_fri_c0,0.726875,-15.600000000000003,59,0.696969696969697,0.6571428571428571,0.676470588235294,1.0737604501844815
576,cicids2017_tue_c0,0.7264,-28.499999999999993,59,0.6785714285714286,0.5428571428571428,0.603174603174603,1.1235852649905143
577,cicids2017_wed_c1,0.725925,-32.69999999999998,59,0.16666666666666666,0.45454545454545453,0.2439024390243902,1.0904723316408012
578,cicids2017_wed_c0,0.72545,-10.800000000000002,59,0.6756756756756757,0.7142857142857143,0.6944444444444444,1.1554066613767993
579,cicids2017_wed_c1,0.724975,-21.09999999999999,59,0.25,0.7272727272727273,0.37209302325581395,1.1366334143355281
580,cicids2017_fri_c0,0.7245,-10.8,59,0.6756756756756757,0.7142857142857143,0.6944444444444444,1.1963383472002591
581,cicids2017_fri_c0,0.724025,3.0000000000000004,59,0.7567567567567568,0.8,0.7777777777777778,1.1322141609754603
582,cicids2017_wed_c1,0.72355,-35.59999999999999,59,0.17073170731707318,0.6363636363636364,0.2692307692307692,1.1194174975702538
583,cicids2017_fri_c0,0.723075,-18.200000000000003,59,0.7777777777777778,0.6,0.6774193548387097,1.1036001141662415
584,cicids2017_fri_c0,0.7226,-2.7,59,0.7105263157894737,0.7714285714285715,0.7397260273972601,1.117000744644991
585,cicids2017_tue_c0,0.722125,-34.399999999999984,59,0.68,0.4857142857142857,0.5666666666666667,1.0900021242792346
586,cicids2017_wed_c1,0.72165,-15.400000000000007,59,0.2903225806451613,0.8181818181818182,0.4285714285714286,1.094681068066354
587,cicids2017_wed_c0,0.721175,-11.700000000000003,59,0.6190476190476191,0.7428571428571429,0.6753246753246753,1.1540532765232143
588,cicids2017_fri_c0,0.7207,-15.399999999999999,59,0.6486486486486487,0.6857142857142857,0.6666666666666667,1.141995224379941
589,cicids2017_wed_c1,0.720225,-23.299999999999997,59,0.23529411764705882,0.7272727272727273,0.3555555555555555,1.0990588911196044
590,cicids2017_wed_c1,0.71975,-39.699999999999974,59,0.10714285714285714,0.2727272727272727,0.15384615384615383,1.0939281393168847
591,cicids2017_wed_c1,0.7192750000000001,-15.200000000000001,59,0.2857142857142857,0.9090909090909091,0.43478260869565216,1.1537041754904191
592,cicids2017_wed_c1,0.7188000000000001,-23.69999999999998,59,0.23076923076923078,0.5454545454545454,0.3243243243243243,1.1282728055443532
593,cicids2017_fri_c0,0.7183250000000001,-28.299999999999994,59,0.625,0.5714285714285714,0.5970149253731343,1.1010966987214144
594,cicids2017_wed_c1,0.7178500000000001,-31.399999999999988,59,0.18181818181818182,0.5454545454545454,0.2727272727272727,1.1524637203662698
595,cicids2017_tue_c0,0.7173750000000001,-24.799999999999997,59,0.6363636363636364,0.6,0.6176470588235293,1.2148671817889114
596,cicids2017_wed_c1,0.7169000000000001,-26.799999999999983,59,0.21212121212121213,0.6363636363636364,0.3181818181818182,1.1844879280016898
597,cicids2017_wed_c0,0.7164250000000001,-22.6,59,0.6774193548387096,0.6,0.6363636363636364,1.1963736577546937
598,cicids2017_wed_c1,0.7159500000000001,-26.79999999999999,59,0.21212121212121213,0.6363636363636364,0.3181818181818182,1.156395761064346
599,cicids2017_wed_c0,0.7154750000000001,-9.700000000000003,59,0.6944444444444444,0.7142857142857143,0.7042253521126761,1.107742221917089
600,cicids2017_wed_c0,0.7150000000000001,-6.000000000000003,59,0.6585365853658537,0.7714285714285715,0.7105263157894737,1.1107049983127764
601,cicids2017_wed_c0,0.7145250000000001,-37.49999999999999,59,0.5625,0.5142857142857142,0.5373134328358209,1.1435128427863932
602,cicids2017_wed_c1,0.7140500000000001,-16.500000000000007,59,0.28125,0.8181818181818182,0.41860465116279066,1.1049240736861066
603,cicids2017_wed_c0,0.7135750000000001,-14.300000000000004,59,0.6666666666666666,0.6857142857142857,0.676056338028169,1.127140476094757
604,cicids2017_fri_c0,0.7131000000000001,-27.19999999999999,59,0.6451612903225806,0.5714285714285714,0.606060606060606,1.0785780004192178
605,cicids2017_wed_c1,0.7126250000000001,-32.499999999999986,59,0.17647058823529413,0.5454545454545454,0.26666666666666666,1.1140344397274342
606,cicids2017_wed_c0,0.7121500000000001,-15.400000000000002,59,0.6486486486486487,0.6857142857142857,0.6666666666666667,1.1256966106918562
607,cicids2017_tue_c0,0.7116750000000001,-37.899999999999984,59,0.6666666666666666,0.45714285714285713,0.5423728813559322,1.2021849516519478
608,cicids2017_wed_c0,0.7112,-33.8,59,0.5405405405405406,0.5714285714285714,0.5555555555555556,1.1957357067840635
609,cicids2017_wed_c1,0.710725,-39.69999999999998,59,0.10714285714285714,0.2727272727272727,0.15384615384615383,1.1038928988725851
610,cicids2017_wed_c1,0.71025,-28.299999999999976,59,0.19230769230769232,0.45454545454545453,0.27027027027027023,1.1222710669345293
611,cicids2017_wed_c1,0.709775,-23.69999999999999,59,0.23076923076923078,0.5454545454545454,0.3243243243243243,1.1097400012004632
612,cicids2017_tue_c0,0.7093,-14.500000000000004,59,0.71875,0.6571428571428571,0.6865671641791045,1.1521744330803108
613,cicids2017_wed_c1,0.708825,-25.899999999999988,59,0.21428571428571427,0.5454545454545454,0.30769230769230765,1.1643712361279666
614,cicids2017_tue_c0,0.70835,-31.79999999999999,59,0.6129032258064516,0.5428571428571428,0.5757575757575757,1.1151217617214946
615,cicids2017_wed_c0,0.707875,-33.99999999999999,59,0.5757575757575758,0.5428571428571428,0.5588235294117646,1.1649382812793563
616,cicids2017_wed_c0,0.7074,-27.19999999999999,59,0.6451612903225806,0.5714285714285714,0.606060606060606,1.2154849076910277
617,cicids2017_fri_c0,0.706925,-16.5,59,0.631578947368421,0.6857142857142857,0.6575342465753424,1.1860378244292418
618,cicids2017_tue_c0,0.70645,-45.79999999999999,59,0.5555555555555556,0.42857142857142855,0.48387096774193544,1.1830562442091603
619,cicids2017_fri_c0,0.705975,-8.600000000000003,59,0.7142857142857143,0.7142857142857143,0.7142857142857143,1.1580097713030066
620,cicids2017_fri_c0,0.7055,-28.099999999999998,59,0.5833333333333334,0.6,0.591549295774648,1.252601120144164
621,cicids2017_tue_c0,0.705025,-41.19999999999999,59,0.5925925925925926,0.45714285714285713,0.5161290322580645,1.2040066022317195
622,cicids2017_tue_c0,0.70455,-15.600000000000001,59,0.696969696969697,0.6571428571428571,0.676470588235294,1.1675516063335944
623,cicids2017_fri_c0,0.704075,-11.200000000000003,59,0.7931034482758621,0.6571428571428571,0.71875,1.1392423986505822
624,cicids2017_tue_c0,0.7036,-35.099999999999994,59,0.5588235294117647,0.5428571428571428,0.5507246376811593,1.175718401234762
625,cicids2017_wed_c0,0.703125,-18.89999999999999,59,0.6388888888888888,0.6571428571428571,0.647887323943662,1.209488289854596
626,cicids2017_fri_c0,0.70265,-38.599999999999994,59,0.5454545454545454,0.5142857142857142,0.5294117647058822,1.2250133317047927
627,cicids2017_tue_c0,0.702175,-21.499999999999996,59,0.7,0.6,0.6461538461538462,1.206042189930995
628,cicids2017_tue_c0,0.7017,8.899999999999999,59,0.75,0.8571428571428571,0.7999999999999999,1.1552675574134192
629,cicids2017_wed_c0,0.701225,-18.7,59,0.6,0.6857142857142857,0.64,1.1915382754802968
630,cicids2017_tue_c0,0.70075,-29.99999999999999,59,0.8095238095238095,0.4857142857142857,0.6071428571428571,1.1830807806926125
631,cicids2017_wed_c0,0.700275,-28.099999999999994,59,0.5833333333333334,0.6,0.591549295774648,1.1763469519510372
632,cicids2017_tue_c0,0.6998,-1.7999999999999996,59,0.7878787878787878,0.7428571428571429,0.7647058823529412,1.1821917495816523
633,cicids2017_tue_c0,0.699325,-22.59999999999999,59,0.6774193548387096,0.6,0.6363636363636364,1.1830833723768799
634,cicids2017_tue_c0,0.69885,-5.099999999999999,59,0.7222222222222222,0.7428571428571429,0.732394366197183,1.20488368115016
635,cicids2017_fri_c0,0.698375,-21.5,59,0.7,0.6,0.6461538461538462,1.220740287507521
636,cicids2017_wed_c0,0.6979,-28.299999999999997,59,0.625,0.5714285714285714,0.5970149253731343,1.1448417059772165
637,cicids2017_fri_c0,0.697425,-31.999999999999993,59,0.6666666666666666,0.5142857142857142,0.5806451612903226,1.134463923942704
638,cicids2017_tue_c0,0.69695,1.9000000000000008,59,0.7368421052631579,0.8,0.7671232876712328,1.142327512302557
639,cicids2017_wed_c1,0.696475,-23.699999999999985,59,0.23076923076923078,0.5454545454545454,0.3243243243243243,1.1717100552597324
640,cicids2017_wed_c1,0.696,-30.09999999999999,59,0.19444444444444445,0.6363636363636364,0.29787234042553196,1.1380755053929823
641,cicids2017_wed_c0,0.695525,-14.1,59,0.625,0.7142857142857143,0.6666666666666666,1.125338776125586
642,cicids2017_wed_c1,0.69505,-26.09999999999998,59,0.20833333333333334,0.45454545454545453,0.28571428571428575,1.1328266063159573
643,cicids2017_wed_c1,0.6945749999999999,-23.499999999999993,59,0.23333333333333334,0.6363636363636364,0.34146341463414637,1.1271571173906754
644,cicids2017_tue_c0,0.6940999999999999,-21.5,59,0.7,0.6,0.6461538461538462,1.1647257995929987
645,cicids2017_wed_c1,0.6936249999999999,-30.49999999999998,59,0.17857142857142858,0.45454545454545453,0.25641025641025644,1.0992785230917013
646,cicids2017_tue_c0,0.6931499999999999,-21.099999999999994,59,0.6052631578947368,0.6571428571428571,0.6301369863013698,1.086779835489178
647,cicids2017_tue_c0,0.6926749999999999,-17.999999999999993,59,0.7096774193548387,0.6285714285714286,0.6666666666666666,1.1301406166248913
648,cicids2017_wed_c0,0.6921999999999999,-22.199999999999992,59,0.5897435897435898,0.6571428571428571,0.6216216216216216,1.1469025715093377
649,cicids2017_wed_c1,0.6917249999999999,-23.69999999999999,59,0.23076923076923078,0.5454545454545454,0.3243243243243243,1.1331029185918575
650,cicids2017_wed_c1,0.69125,-26.99999999999998,59,0.20689655172413793,0.5454545454545454,0.3,1.108041602692924
651,cicids2017_tue_c0,0.690775,-26.099999999999987,59,0.6666666666666666,0.5714285714285714,0.6153846153846153,1.0979021620712754
652,cicids2017_wed_c0,0.6903,-3.5999999999999996,59,0.6511627906976745,0.8,0.7179487179487181,1.1058834125345638
653,cicids2017_fri_c0,0.689825,-9.7,59,0.6944444444444444,0.7142857142857143,0.7042253521126761,1.1397015348794968
654,cicids2017_wed_c1,0.68935,-22.199999999999996,59,0.24242424242424243,0.7272727272727273,0.36363636363636365,1.1410636536464969
655,cicids2017_wed_c0,0.688875,-38.599999999999994,59,0.5454545454545454,0.5142857142857142,0.5294117647058822,1.132395700906322
656,cicids2017_wed_c0,0.6884,-14.300000000000004,59,0.6666666666666666,0.6857142857142857,0.676056338028169,1.1039263772297063
657,cicids2017_wed_c1,0.687925,-35.99999999999997,59,0.15151515151515152,0.45454545454545453,0.22727272727272727,1.125841691263745
658,cicids2017_wed_c0,0.68745,-40.99999999999999,59,0.5483870967741935,0.4857142857142857,0.5151515151515151,1.171757789247568
659,cicids2017_fri_c0,0.686975,-17.8,59,0.6571428571428571,0.6571428571428571,0.6571428571428571,1.151971646754958
660,cicids2017_tue_c0,0.6865,-23.699999999999996,59,0.65625,0.6,0.626865671641791,1.094873941951133
661,cicids2017_fri_c0,0.686025,-15.600000000000001,59,0.696969696969697,0.6571428571428571,0.676470588235294,1.1326714610250128
662,cicids2017_wed_c0,0.68555,-12.800000000000002,59,0.6046511627906976,0.7428571428571429,0.6666666666666666,1.0724371772183192
663,cicids2017_fri_c0,0.685075,-23.499999999999993,59,0.6111111111111112,0.6285714285714286,0.619718309859155,1.1496411574330712
664,cicids2017_fri_c0,0.6846,-5.100000000000005,59,0.7222222222222222,0.7428571428571429,0.732394366197183,1.110242779491581
665,cicids2017_wed_c0,0.684125,-22.4,59,0.6285714285714286,0.6285714285714286,0.6285714285714286,1.1509828095307861
666,cicids2017_wed_c0,0.68365,-39.69999999999999,59,0.5294117647058824,0.5142857142857142,0.5217391304347826,1.1370242422654904
667,cicids2017_wed_c0,0.683175,-51.29999999999999,59,0.46875,0.42857142857142855,0.4477611940298507,1.0373199032014067
668,cicids2017_wed_c1,0.6827,-23.999999999999996,59,0.23255813953488372,0.9090909090909091,0.3703703703703703,1.102456390174438
669,cicids2017_wed_c1,0.682225,-31.19999999999999,59,0.1891891891891892,0.6363636363636364,0.2916666666666667,1.1105210776610344
670,cicids2017_fri_c0,0.6817500000000001,-15.2,59,0.6097560975609756,0.7142857142857143,0.6578947368421052,1.157791379259492
671,cicids2017_wed_c1,0.6812750000000001,-28.999999999999986,59,0.2,0.6363636363636364,0.30434782608695654,1.1486071716866522
672,cicids2017_wed_c0,0.6808000000000001,-13.000000000000002,59,0.6410256410256411,0.7142857142857143,0.6756756756756757,1.1217506466147007
673,cicids2017_wed_c0,0.6803250000000001,-33.8,59,0.5405405405405406,0.5714285714285714,0.5555555555555556,1.0726924178694601
674,cicids2017_fri_c0,0.6798500000000001,-31.79999999999999,59,0.6129032258064516,0.5428571428571428,0.5757575757575757,1.1095408637611615
675,cicids2017_wed_c0,0.6793750000000001,-20.2,59,0.6666666666666666,0.6285714285714286,0.6470588235294118,1.071328867908296
676,cicids2017_wed_c0,0.6789000000000001,-22.199999999999996,59,0.5897435897435898,0.6571428571428571,0.6216216216216216,1.1221507829390056
677,cicids2017_wed_c0,0.6784250000000001,-21.29999999999999,59,0.6470588235294118,0.6285714285714286,0.6376811594202899,1.2196905810843266
678,cicids2017_fri_c0,0.67795,-24.799999999999997,59,0.6363636363636364,0.6,0.6176470588235293,1.1687658050504626
679,cicids2017_wed_c0,0.677475,-18.7,59,0.6,0.6857142857142857,0.64,1.1647421204468424
680,cicids2017_wed_c1,0.677,-24.799999999999983,59,0.2222222222222222,0.5454545454545454,0.3157894736842105,1.1108383943996907
681,cicids2017_wed_c0,0.676525,-26.999999999999993,59,0.6,0.6,0.6,1.1810249260525663
682,cicids2017_fri_c0,0.67605,-13.199999999999996,59,0.6857142857142857,0.6857142857142857,0.6857142857142857,1.1514599291764522
683,cicids2017_wed_c1,0.675575,-28.09999999999998,59,0.2,0.5454545454545454,0.29268292682926833,1.0872284577815963
684,cicids2017_wed_c1,0.6751,-24.799999999999983,59,0.2222222222222222,0.5454545454545454,0.3157894736842105,1.061564007013767
685,cicids2017_fri_c0,0.674625,-8.600000000000003,59,0.7142857142857143,0.7142857142857143,0.7142857142857143,1.1536046992569404
686,cicids2017_wed_c1,0.67415,-23.299999999999997,59,0.23529411764705882,0.7272727272727273,0.3555555555555555,1.1299876333121344
687,cicids2017_tue_c0,0.673675,0.7999999999999966,59,0.717948717948718,0.8,0.7567567567567569,1.1030200950963174
688,cicids2017_wed_c0,0.6732,-18.9,59,0.6388888888888888,0.6571428571428571,0.647887323943662,1.1601824674087027
689,cicids2017_tue_c0,0.672725,-17.799999999999997,59,0.6571428571428571,0.6571428571428571,0.6571428571428571,1.1397527522706288
690,cicids2017_wed_c1,0.67225,-23.499999999999993,59,0.23333333333333334,0.6363636363636364,0.34146341463414637,1.0956095722285257
691,cicids2017_wed_c1,0.671775,-16.5,59,0.28125,0.8181818181818182,0.41860465116279066,1.121611051550118
692,cicids2017_wed_c1,0.6713,-14.500000000000009,59,0.3076923076923077,0.7272727272727273,0.43243243243243246,1.0581865572314448
693,cicids2017_wed_c1,0.670825,-0.7000000000000014,59,0.4230769230769231,1.0,0.5945945945945945,1.0761105652067577
694,cicids2017_wed_c1,0.67035,-18.700000000000003,59,0.2647058823529412,0.8181818181818182,0.39999999999999997,1.102932596670338
695,cicids2017_fri_c0,0.669875,-11.7,59,0.6190476190476191,0.7428571428571429,0.6753246753246753,1.1216889945223099
696,cicids2017_tue_c0,0.6694,-18.9,59,0.6388888888888888,0.6571428571428571,0.647887323943662,1.149075382962266
697,cicids2017_wed_c0,0.668925,-22.199999999999996,59,0.5897435897435898,0.6571428571428571,0.6216216216216216,1.0829988725654973
698,cicids2017_wed_c0,0.66845,-16.299999999999997,59,0.5952380952380952,0.7142857142857143,0.6493506493506493,1.1271928841069736
699,cicids2017_fri_c0,0.667975,-16.300000000000004,59,0.5952380952380952,0.7142857142857143,0.6493506493506493,1.1248889796505557
700,cicids2017_fri_c0,0.6675,-12.100000000000001,59,0.7058823529411765,0.6857142857142857,0.6956521739130436,1.1332029394604006
701,cicids2017_wed_c0,0.667025,-31.599999999999994,59,0.5714285714285714,0.5714285714285714,0.5714285714285714,1.1441264695341162
702,cicids2017_wed_c0,0.66655,-15.600000000000003,59,0.696969696969697,0.6571428571428571,0.676470588235294,1.1814937781520958
703,cicids2017_fri_c0,0.666075,-8.6,59,0.7142857142857143,0.7142857142857143,0.7142857142857143,1.1349471014806836
704,cicids2017_fri_c0,0.6656,-7.5000000000000036,59,0.7352941176470589,0.7142857142857143,0.7246376811594202,1.0514242252432862
705,cicids2017_fri_c0,0.665125,-22.2,59,0.5897435897435898,0.6571428571428571,0.6216216216216216,1.1122913458848105
706,cicids2017_wed_c0,0.66465,-26.999999999999993,59,0.6,0.6,0.6,1.079952544216911
707,cicids2017_fri_c0,0.664175,-15.400000000000002,59,0.6486486486486487,0.6857142857142857,0.6666666666666667,1.1238743868702517
708,cicids2017_wed_c0,0.6637,-22.399999999999988,59,0.6285714285714286,0.6285714285714286,0.6285714285714286,1.0962436304954086
709,cicids2017_tue_c0,0.663225,-9.500000000000002,59,0.65,0.7428571428571429,0.6933333333333334,1.0664875928120996
710,cicids2017_tue_c0,0.66275,-3.8000000000000007,59,0.6923076923076923,0.7714285714285715,0.7297297297297296,1.1168261499823655
711,cicids2017_wed_c0,0.6622750000000001,-12.800000000000002,59,0.6046511627906976,0.7428571428571429,0.6666666666666666,1.096907315847526
712,cicids2017_wed_c0,0.6618,-25.7,59,0.5789473684210527,0.6285714285714286,0.6027397260273972,1.1123051397809314
713,cicids2017_wed_c0,0.661325,-21.099999999999994,59,0.6052631578947368,0.6571428571428571,0.6301369863013698,1.1214530878002382
714,cicids2017_wed_c1,0.66085,-25.899999999999984,59,0.21428571428571427,0.5454545454545454,0.30769230769230765,1.1370994722470849
715,cicids2017_wed_c1,0.660375,-21.299999999999983,59,0.25,0.6363636363636364,0.358974358974359,1.1615884079755934
716,cicids2017_wed_c1,0.6599,-16.500000000000004,59,0.28125,0.8181818181818182,0.41860465116279066,1.0958276331480201
717,cicids2017_wed_c0,0.659425,-10.800000000000004,59,0.6756756756756757,0.7142857142857143,0.6944444444444444,1.1271165818622761
718,cicids2017_tue_c0,0.65895,-11.000000000000002,59,0.7272727272727273,0.6857142857142857,0.7058823529411764,1.148136686257568
719,cicids2017_fri_c0,0.658475,-38.599999999999994,59,0.5454545454545454,0.5142857142857142,0.5294117647058822,1.1277954681714926
720,cicids2017_wed_c0,0.658,-21.499999999999993,59,0.7,0.6,0.6461538461538462,1.106490424586435
721,cicids2017_fri_c0,0.657525,-9.3,59,0.6136363636363636,0.7714285714285715,0.6835443037974683,1.133078235206314
722,cicids2017_wed_c1,0.65705,-37.29999999999998,59,0.13333333333333333,0.36363636363636365,0.1951219512195122,1.1084459321192837
723,cicids2017_wed_c1,0.656575,-23.29999999999999,59,0.23529411764705882,0.7272727272727273,0.3555555555555555,1.1322092094959597
724,cicids2017_fri_c0,0.6561,-28.499999999999996,59,0.6785714285714286,0.5428571428571428,0.603174603174603,1.0862262426082734
725,cicids2017_wed_c1,0.655625,-21.49999999999998,59,0.25,0.5454545454545454,0.34285714285714286,1.170039443324576
726,cicids2017_fri_c0,0.65515,-25.89999999999999,59,0.6176470588235294,0.6,0.608695652173913,1.1614408605724469
727,cicids2017_wed_c0,0.654675,-20.000000000000004,59,0.6216216216216216,0.6571428571428571,0.6388888888888888,1.1705376309809334
728,cicids2017_fri_c0,0.6542,-18.0,59,0.7096774193548387,0.6285714285714286,0.6666666666666666,1.1352195244772618
729,cicids2017_tue_c0,0.653725,-22.599999999999994,59,0.6774193548387096,0.6,0.6363636363636364,1.1215857123270625
730,cicids2017_wed_c0,0.65325,-29.199999999999996,59,0.5675675675675675,0.6,0.5833333333333333,1.1367634891506238
731,cicids2017_wed_c0,0.6527750000000001,-10.600000000000001,59,0.6341463414634146,0.7428571428571429,0.6842105263157895,1.1780496059515042
732,cicids2017_tue_c0,0.6523000000000001,-18.89999999999999,59,0.6388888888888888,0.6571428571428571,0.647887323943662,1.1526291216280238
733,cicids2017_wed_c1,0.6518250000000001,-20.19999999999999,59,0.25925925925925924,0.6363636363636364,0.368421052631579,1.1923626810730148
734,cicids2017_wed_c1,0.6513500000000001,-23.699999999999992,59,0.23076923076923078,0.5454545454545454,0.3243243243243243,1.1492524488789213
735,cicids2017_fri_c0,0.6508750000000001,-14.500000000000004,59,0.71875,0.6571428571428571,0.6865671641791045,1.157322814488541
736,cicids2017_wed_c0,0.6504000000000001,-20.199999999999985,59,0.6666666666666666,0.6285714285714286,0.6470588235294118,1.1434640714749233
737,cicids2017_wed_c0,0.6499250000000001,1.0000000000000004,59,0.6744186046511628,0.8285714285714286,0.7435897435897435,1.1436609590439213
738,cicids2017_tue_c0,0.6494500000000001,-15.400000000000004,59,0.6486486486486487,0.6857142857142857,0.6666666666666667,1.0523899034568482
739,cicids2017_wed_c0,0.6489750000000001,-11.7,59,0.6190476190476191,0.7428571428571429,0.6753246753246753,1.1271997632284105
740,cicids2017_wed_c1,0.6485000000000001,-20.899999999999995,59,0.25,0.8181818181818182,0.38297872340425526,1.0807125128726773
741,cicids2017_wed_c1,0.6480250000000001,-10.800000000000004,59,0.3225806451612903,0.9090909090909091,0.4761904761904761,1.1233278439397432
742,cicids2017_wed_c1,0.6475500000000001,-14.500000000000007,59,0.3076923076923077,0.7272727272727273,0.43243243243243246,1.1453151981225627
743,cicids2017_wed_c0,0.6470750000000001,-17.6,59,0.6153846153846154,0.6857142857142857,0.6486486486486486,1.104531214834626
744,cicids2017_tue_c0,0.6466000000000001,-32.7,59,0.5555555555555556,0.5714285714285714,0.5633802816901409,1.1769871867265123
745,cicids2017_wed_c1,0.6461250000000001,-14.100000000000005,59,0.29411764705882354,0.9090909090909091,0.4444444444444445,1.1777131383627557
746,cicids2017_tue_c0,0.6456500000000001,-28.499999999999986,59,0.6785714285714286,0.5428571428571428,0.603174603174603,1.1768779099107611
747,cicids2017_wed_c0,0.645175,-25.899999999999984,59,0.6176470588235294,0.6,0.608695652173913,1.1647775483469582
748,cicids2017_tue_c0,0.6447,-16.699999999999996,59,0.6764705882352942,0.6571428571428571,0.6666666666666666,1.1888248372969563
749,cicids2017_tue_c0,0.644225,-20.4,59,0.7241379310344828,0.6,0.65625,1.1887953931132165
750,cicids2017_fri_c0,0.64375,-2.9,59,0.7647058823529411,0.7428571428571429,0.7536231884057971,1.2642590872070192
751,cicids2017_wed_c1,0.643275,-39.49999999999998,59,0.125,0.36363636363636365,0.18604651162790697,1.2363715440210559
752,cicids2017_fri_c0,0.6428,-6.199999999999999,59,0.7027027027027027,0.7428571428571429,0.7222222222222223,1.1627979371391373
753,cicids2017_fri_c0,0.642325,-22.799999999999997,59,0.7407407407407407,0.5714285714285714,0.6451612903225806,1.1569776855738574
754,cicids2017_wed_c1,0.64185,-45.399999999999984,59,0.06896551724137931,0.18181818181818182,0.1,1.1700659483031692
755,cicids2017_wed_c0,0.641375,-8.200000000000003,59,0.627906976744186,0.7714285714285715,0.6923076923076923,1.1390396460385814
756,cicids2017_tue_c0,0.6409,-10.100000000000003,59,0.8214285714285714,0.6571428571428571,0.73015873015873,1.1425889393482729
757,cicids2017_wed_c0,0.640425,-7.100000000000001,59,0.6428571428571429,0.7714285714285715,0.7012987012987013,1.1373862168256694
758,cicids2017_tue_c0,0.63995,5.399999999999999,59,0.7435897435897436,0.8285714285714286,0.7837837837837838,1.1293060768776686
759,cicids2017_fri_c0,0.639475,-2.9,59,0.7647058823529411,0.7428571428571429,0.7536231884057971,1.1601766906077864
760,cicids2017_wed_c0,0.639,3.1999999999999993,59,0.7073170731707317,0.8285714285714286,0.7631578947368421,1.1356813538548634
761,cicids2017_fri_c0,0.638525,-15.600000000000001,59,0.696969696969697,0.6571428571428571,0.676470588235294,1.2042854413426654
762,cicids2017_wed_c0,0.63805,-11.700000000000003,59,0.6190476190476191,0.7428571428571429,0.6753246753246753,1.1936172101416116
763,cicids2017_wed_c1,0.637575,-18.9,59,0.26666666666666666,0.7272727272727273,0.3902439024390244,1.192997919790468
764,cicids2017_wed_c1,0.6371,-23.499999999999993,59,0.23333333333333334,0.6363636363636364,0.34146341463414637,1.172652754867279
765,cicids2017_tue_c0,0.636625,-9.700000000000001,59,0.6944444444444444,0.7142857142857143,0.7042253521126761,1.1526391429686287
766,cicids2017_wed_c1,0.63615,-21.099999999999994,59,0.25,0.7272727272727273,0.37209302325581395,1.1309001407632915
767,cicids2017_wed_c0,0.635675,-13.000000000000004,59,0.6410256410256411,0.7142857142857143,0.6756756756756757,1.091736340533987
768,cicids2017_tue_c0,0.6352,-9.900000000000006,59,0.75,0.6857142857142857,0.7164179104477612,1.111553839899654
769,cicids2017_fri_c0,0.634725,-5.100000000000001,59,0.7222222222222222,0.7428571428571429,0.732394366197183,1.1489809293750557
770,cicids2017_tue_c0,0.63425,-2.700000000000001,59,0.7105263157894737,0.7714285714285715,0.7397260273972601,1.0882446727578632
771,cicids2017_wed_c0,0.633775,-18.699999999999996,59,0.6,0.6857142857142857,0.64,1.1131496512938197
772,cicids2017_wed_c1,0.6333,-5.499999999999998,59,0.4090909090909091,0.8181818181818182,0.5454545454545455,1.161757907880246
773,cicids2017_fri_c0,0.632825,-21.499999999999996,59,0.7,0.6,0.6461538461538462,1.156156016803738
774,cicids2017_wed_c0,0.63235,-1.200000000000001,59,0.6444444444444445,0.8285714285714286,0.7250000000000001,1.1669222839673261
775,cicids2017_wed_c1,0.631875,-13.600000000000012,59,0.3333333333333333,0.6363636363636364,0.43749999999999994,1.1013679190895864
776,cicids2017_wed_c1,0.6314,-20.0,59,0.25806451612903225,0.7272727272727273,0.38095238095238093,1.1278746148361032
777,cicids2017_tue_c0,0.630925,-0.3000000000000007,59,0.7,0.8,0.7466666666666666,1.1580946594100432
778,cicids2017_fri_c0,0.63045,-20.200000000000003,59,0.6666666666666666,0.6285714285714286,0.6470588235294118,1.1462695669811394
779,cicids2017_tue_c0,0.629975,-16.700000000000003,59,0.6764705882352942,0.6571428571428571,0.6666666666666666,1.153144962213383
780,cicids2017_wed_c1,0.6295,-22.39999999999999,59,0.2413793103448276,0.6363636363636364,0.35,1.154419348479943
781,cicids2017_wed_c1,0.629025,-16.500000000000007,59,0.28125,0.8181818181818182,0.41860465116279066,1.1214811057723606
782,cicids2017_wed_c0,0.6285499999999999,-13.000000000000002,59,0.6410256410256411,0.7142857142857143,0.6756756756756757,1.1435677281258758
783,cicids2017_fri_c0,0.6280749999999999,-24.999999999999996,59,0.6896551724137931,0.5714285714285714,0.625,1.1533487828447724
784,cicids2017_fri_c0,0.6275999999999999,-23.7,59,0.65625,0.6,0.626865671641791,1.156221470199217
785,cicids2017_tue_c0,0.6271249999999999,-27.199999999999996,59,0.6451612903225806,0.5714285714285714,0.606060606060606,1.107573947718546
786,cicids2017_wed_c0,0.6266499999999999,-22.39999999999999,59,0.6285714285714286,0.6285714285714286,0.6285714285714286,1.1258154939049625
787,cicids2017_fri_c0,0.6261749999999999,-20.200000000000003,59,0.6666666666666666,0.6285714285714286,0.6470588235294118,1.1205507652844433
788,cicids2017_wed_c0,0.6256999999999999,-25.899999999999995,59,0.6176470588235294,0.6,0.608695652173913,1.1854998928962293
789,cicids2017_wed_c0,0.6252249999999999,-20.900000000000002,59,0.5714285714285714,0.6857142857142857,0.6233766233766234,1.1831289978728068
790,cicids2017_fri_c0,0.62475,-14.300000000000004,59,0.6666666666666666,0.6857142857142857,0.676056338028169,1.2096392915339458
791,cicids2017_fri_c0,0.624275,-16.700000000000003,59,0.6764705882352942,0.6571428571428571,0.6666666666666666,1.1847070930089874
792,cicids2017_tue_c0,0.6238,-6.0,59,0.6585365853658537,0.7714285714285715,0.7105263157894737,1.1333359566107413
793,cicids2017_wed_c0,0.623325,-24.79999999999999,59,0.6363636363636364,0.6,0.6176470588235293,1.126915933925526
794,cicids2017_wed_c1,0.62285,-15.600000000000007,59,0.2962962962962963,0.7272727272727273,0.42105263157894735,1.1185743422486323
795,cicids2017_tue_c0,0.622375,5.399999999999997,59,0.7435897435897436,0.8285714285714286,0.7837837837837838,1.1460018574649375
796,cicids2017_tue_c0,0.6219,-15.600000000000005,59,0.696969696969697,0.6571428571428571,0.676470588235294,1.1174229781568872
797,cicids2017_wed_c1,0.621425,-11.000000000000007,59,0.3333333333333333,0.8181818181818182,0.4736842105263157,1.1577469907235387
798,cicids2017_tue_c0,0.62095,-19.099999999999994,59,0.6875,0.6285714285714286,0.6567164179104478,1.1474568148190198
799,cicids2017_tue_c0,0.620475,-19.099999999999998,59,0.6875,0.6285714285714286,0.6567164179104478,1.1944850699002594
800,cicids2017_tue_c0,0.62,-15.800000000000002,59,0.7586206896551724,0.6285714285714286,0.6875,1.0896462650070338
801,cicids2017_fri_c0,0.619525,-21.7,59,0.7692307692307693,0.5714285714285714,0.6557377049180327,1.1572465606580218
802,cicids2017_tue_c0,0.61905,-9.700000000000003,59,0.6944444444444444,0.7142857142857143,0.7042253521126761,1.198348110060979
803,cicids2017_wed_c0,0.618575,-9.500000000000002,59,0.65,0.7428571428571429,0.6933333333333334,1.1823858542173669
804,cicids2017_wed_c1,0.6181,-22.19999999999999,59,0.24242424242424243,0.7272727272727273,0.36363636363636365,1.2249590924135931
805,cicids2017_wed_c0,0.617625,-26.799999999999994,59,0.5641025641025641,0.6285714285714286,0.5945945945945945,1.1878335322942755
806,cicids2017_wed_c1,0.61715,-23.299999999999986,59,0.23529411764705882,0.7272727272727273,0.3555555555555555,1.1325414887808352
807,cicids2017_wed_c0,0.616675,-19.999999999999993,59,0.6216216216216216,0.6571428571428571,0.6388888888888888,1.1258064526401637
808,cicids2017_fri_c0,0.6162,-13.399999999999999,59,0.7419354838709677,0.6571428571428571,0.6969696969696969,1.0993992370015588
809,cicids2017_tue_c0,0.615725,-23.89999999999999,59,0.7142857142857143,0.5714285714285714,0.634920634920635,1.1064281306270893
810,cicids2017_wed_c1,0.6152500000000001,-35.99999999999998,59,0.15151515151515152,0.45454545454545453,0.22727272727272727,1.1254518042370072
811,cicids2017_fri_c0,0.6147750000000001,-5.1,59,0.7222222222222222,0.7428571428571429,0.732394366197183,1.1444899250069624
812,cicids2017_wed_c1,0.6143000000000001,-23.300000000000004,59,0.23529411764705882,0.7272727272727273,0.3555555555555555,1.0999451995985827
813,cicids2017_wed_c0,0.6138250000000001,-21.299999999999997,59,0.6470588235294118,0.6285714285714286,0.6376811594202899,1.1019710388708868
814,cicids2017_tue_c0,0.6133500000000001,-5.300000000000001,59,0.78125,0.7142857142857143,0.7462686567164178,1.1530422740703208
815,cicids2017_wed_c1,0.6128750000000001,-15.200000000000001,59,0.2857142857142857,0.9090909090909091,0.43478260869565216,1.1499151312898581
816,cicids2017_wed_c1,0.6124,-14.500000000000005,59,0.3076923076923077,0.7272727272727273,0.43243243243243246,1.1323589049583274
817,cicids2017_fri_c0,0.611925,-22.39999999999999,59,0.6285714285714286,0.6285714285714286,0.6285714285714286,1.1499700501865073
818,cicids2017_fri_c0,0.61145,-26.09999999999999,59,0.6666666666666666,0.5714285714285714,0.6153846153846153,1.2061290723425462
819,cicids2017_wed_c0,0.610975,-10.800000000000002,59,0.6756756756756757,0.7142857142857143,0.6944444444444444,1.1165848106044551
820,cicids2017_wed_c1,0.6105,-15.600000000000007,59,0.2962962962962963,0.7272727272727273,0.42105263157894735,1.1830751925422074
821,cicids2017_fri_c0,0.610025,-34.2,59,0.6206896551724138,0.5142857142857142,0.5625,1.1312971545358674
822,cicids2017_wed_c0,0.60955,-8.400000000000004,59,0.6666666666666666,0.7428571428571429,0.7027027027027027,1.1400075630939108
823,cicids2017_fri_c0,0.609075,-5.1,59,0.7222222222222222,0.7428571428571429,0.732394366197183,1.134852294058333
824,cicids2017_wed_c0,0.6086,-10.800000000000002,59,0.6756756756756757,0.7142857142857143,0.6944444444444444,1.1601273904650777
825,cicids2017_wed_c0,0.608125,-3.800000000000001,59,0.6923076923076923,0.7714285714285715,0.7297297297297296,1.1537298791205484
826,cicids2017_fri_c0,0.60765,-28.499999999999996,59,0.6785714285714286,0.5428571428571428,0.603174603174603,1.104692650457248
827,cicids2017_wed_c0,0.607175,-2.5000000000000004,59,0.6666666666666666,0.8,0.7272727272727272,1.150301458287385
828,cicids2017_wed_c1,0.6067,-27.899999999999995,59,0.20588235294117646,0.6363636363636364,0.3111111111111111,1.1240462499896309
829,cicids2017_wed_c1,0.606225,-23.299999999999997,59,0.23529411764705882,0.7272727272727273,0.3555555555555555,1.1779790419692782
830,cicids2017_fri_c0,0.60575,-28.100000000000005,59,0.5833333333333334,0.6,0.591549295774648,1.1249820990347215
831,cicids2017_fri_c0,0.605275,-15.8,59,0.7586206896551724,0.6285714285714286,0.6875,1.1665998630788323
832,cicids2017_fri_c0,0.6048,-14.500000000000002,59,0.71875,0.6571428571428571,0.6865671641791045,1.083818742618592
833,cicids2017_tue_c0,0.604325,-20.0,59,0.6216216216216216,0.6571428571428571,0.6388888888888888,1.1438053095136163
834,cicids2017_fri_c0,0.60385,7.599999999999998,59,0.7837837837837838,0.8285714285714286,0.8055555555555555,1.1732777644075814
835,cicids2017_wed_c1,0.603375,-28.099999999999994,59,0.2,0.5454545454545454,0.29268292682926833,1.1822123674795368
836,cicids2017_wed_c1,0.6029,-26.999999999999982,59,0.20689655172413793,0.5454545454545454,0.3,1.1093732823145412
837,cicids2017_wed_c1,0.602425,-24.39999999999999,59,0.22857142857142856,0.7272727272727273,0.34782608695652173,1.06935436836849
838,cicids2017_fri_c0,0.60195,-25.9,59,0.6176470588235294,0.6,0.608695652173913,1.0636887868347242
839,cicids2017_fri_c0,0.601475,2.9999999999999947,59,0.7567567567567568,0.8,0.7777777777777778,1.085122359380266
840,cicids2017_wed_c1,0.601,-12.100000000000003,59,0.32142857142857145,0.8181818181818182,0.46153846153846156,1.0872435960005185
841,cicids2017_tue_c0,0.600525,-9.700000000000003,59,0.6944444444444444,0.7142857142857143,0.7042253521126761,1.1082719582638085
842,cicids2017_wed_c0,0.60005,-14.300000000000002,59,0.6666666666666666,0.6857142857142857,0.676056338028169,1.1282803097259622
843,cicids2017_wed_c1,0.599575,-15.400000000000006,59,0.2903225806451613,0.8181818181818182,0.4285714285714286,1.0891229487694318
844,cicids2017_fri_c0,0.5991,-4.7,59,0.6363636363636364,0.8,0.7088607594936709,1.0346043656050978
845,cicids2017_fri_c0,0.598625,-21.5,59,0.7,0.6,0.6461538461538462,1.0575230321905549
846,cicids2017_fri_c0,0.59815,-22.4,59,0.6285714285714286,0.6285714285714286,0.6285714285714286,1.1350371285510419
847,cicids2017_fri_c0,0.597675,-27.599999999999998,59,0.782608695652174,0.5142857142857142,0.6206896551724138,1.1117507176296888
848,cicids2017_fri_c0,0.5972,9.999999999999998,59,0.7692307692307693,0.8571428571428571,0.8108108108108107,1.1131381899942625
849,cicids2017_wed_c1,0.596725,-5.3000000000000025,59,0.38461538461538464,0.9090909090909091,0.5405405405405405,1.078837183687176
850,cicids2017_wed_c0,0.59625,-30.099999999999998,59,0.5238095238095238,0.6285714285714286,0.5714285714285715,1.1121786565996554
851,cicids2017_wed_c1,0.595775,-15.200000000000003,59,0.2857142857142857,0.9090909090909091,0.43478260869565216,1.1212864545624979
852,cicids2017_wed_c1,0.5953,-23.5,59,0.23333333333333334,0.6363636363636364,0.34146341463414637,1.0835323506533774
853,cicids2017_wed_c1,0.594825,-15.400000000000002,59,0.2903225806451613,0.8181818181818182,0.4285714285714286,1.1039517804878813
854,cicids2017_fri_c0,0.59435,-5.1,59,0.7222222222222222,0.7428571428571429,0.732394366197183,1.105904857827101
855,cicids2017_tue_c0,0.593875,-29.799999999999994,59,0.72,0.5142857142857142,0.6,1.0830668917651898
856,cicids2017_wed_c1,0.5934,-23.899999999999984,59,0.22727272727272727,0.45454545454545453,0.30303030303030304,1.0765216109370221
857,cicids2017_fri_c0,0.592925,-11.000000000000004,59,0.7272727272727273,0.6857142857142857,0.7058823529411764,1.1813499877696252
858,cicids2017_fri_c0,0.59245,-20.4,59,0.7241379310344828,0.6,0.65625,1.1515071393644285
859,cicids2017_wed_c0,0.591975,-14.100000000000001,59,0.625,0.7142857142857143,0.6666666666666666,1.1568396270166068
860,cicids2017_wed_c1,0.5915,-24.599999999999994,59,0.22580645161290322,0.6363636363636364,0.3333333333333333,1.2102397607978699
861,cicids2017_wed_c1,0.591025,-24.8,59,0.2222222222222222,0.5454545454545454,0.3157894736842105,1.1907281291369824
862,cicids2017_wed_c1,0.59055,-23.299999999999997,59,0.23529411764705882,0.7272727272727273,0.3555555555555555,1.2627854751690537
863,cicids2017_fri_c0,0.590075,-18.0,59,0.7096774193548387,0.6285714285714286,0.6666666666666666,1.125314665413392
864,cicids2017_wed_c1,0.5896,-24.599999999999994,59,0.22580645161290322,0.6363636363636364,0.3333333333333333,1.1434543992892834
865,cicids2017_wed_c1,0.589125,-23.099999999999984,59,0.23684210526315788,0.8181818181818182,0.3673469387755102,1.135833429436229
866,cicids2017_wed_c0,0.58865,-3.600000000000002,59,0.6511627906976745,0.8,0.7179487179487181,1.1626175831693382
867,cicids2017_wed_c1,0.588175,-21.499999999999993,59,0.25,0.5454545454545454,0.34285714285714286,1.1122369561915024
868,cicids2017_wed_c1,0.5877,-21.099999999999994,59,0.25,0.7272727272727273,0.37209302325581395,1.1777393312516407
869,cicids2017_tue_c0,0.587225,-6.400000000000001,59,0.7575757575757576,0.7142857142857143,0.7352941176470589,1.1731736103923676
870,cicids2017_fri_c0,0.58675,-37.699999999999996,59,0.6071428571428571,0.4857142857142857,0.5396825396825397,1.1685519220030498
871,cicids2017_tue_c0,0.5862750000000001,-24.799999999999997,59,0.6363636363636364,0.6,0.6176470588235293,1.2153216041262844
872,cicids2017_fri_c0,0.5858000000000001,-8.6,59,0.7142857142857143,0.7142857142857143,0.7142857142857143,1.1541342201565066
873,cicids2017_fri_c0,0.5853250000000001,-10.8,59,0.6756756756756757,0.7142857142857143,0.6944444444444444,1.17823512630949
874,cicids2017_fri_c0,0.5848500000000001,-21.5,59,0.7,0.6,0.6461538461538462,1.1644839229526935
875,cicids2017_wed_c0,0.5843750000000001,-4.699999999999999,59,0.6363636363636364,0.8,0.7088607594936709,1.1067842566823882
876,cicids2017_wed_c0,0.5839000000000001,-28.099999999999994,59,0.5833333333333334,0.6,0.591549295774648,1.1246483998309034
877,cicids2017_wed_c0,0.5834250000000001,-28.999999999999996,59,0.5365853658536586,0.6285714285714286,0.5789473684210527,1.1246670336730302
878,cicids2017_wed_c0,0.5829500000000001,-12.800000000000002,59,0.6046511627906976,0.7428571428571429,0.6666666666666666,1.1207949289157317
879,cicids2017_wed_c0,0.5824750000000001,-17.6,59,0.6153846153846154,0.6857142857142857,0.6486486486486486,1.1599799092291379
880,cicids2017_wed_c0,0.5820000000000001,-15.400000000000004,59,0.6486486486486487,0.6857142857142857,0.6666666666666667,1.0998142749505684
881,cicids2017_fri_c0,0.5815250000000001,-36.6,59,0.6296296296296297,0.4857142857142857,0.5483870967741936,1.1087685487519283
882,cicids2017_wed_c1,0.5810500000000001,-14.3,59,0.3,0.8181818181818182,0.43902439024390244,1.1088687635919046
883,cicids2017_tue_c0,0.5805750000000001,-23.499999999999996,59,0.6111111111111112,0.6285714285714286,0.619718309859155,1.1123333848244188
884,cicids2017_fri_c0,0.5801000000000001,-4.9,59,0.675,0.7714285714285715,0.72,1.165927051993187
885,cicids2017_wed_c1,0.5796250000000001,-16.700000000000003,59,0.2857142857142857,0.7272727272727273,0.4102564102564102,1.1343893234894795
886,cicids2017_wed_c0,0.57915,-8.200000000000001,59,0.627906976744186,0.7714285714285715,0.6923076923076923,1.2030124937449183
887,cicids2017_fri_c0,0.578675,-0.7000000000000055,59,0.8125,0.7428571428571429,0.7761194029850748,1.1256304405809767
888,cicids2017_fri_c0,0.5782,-7.1,59,0.6428571428571429,0.7714285714285715,0.7012987012987013,1.0970752333248135
889,cicids2017_fri_c0,0.577725,-15.399999999999999,59,0.6486486486486487,0.6857142857142857,0.6666666666666667,1.1277169964397473
890,cicids2017_tue_c0,0.57725,-20.0,59,0.6216216216216216,0.6571428571428571,0.6388888888888888,1.1347505930705852
891,cicids2017_fri_c0,0.576775,-16.500000000000004,59,0.631578947368421,0.6857142857142857,0.6575342465753424,1.153415202817028
892,cicids2017_wed_c0,0.5763,-18.7,59,0.6,0.6857142857142857,0.64,1.2146052181632832
893,cicids2017_wed_c0,0.575825,-21.29999999999999,59,0.6470588235294118,0.6285714285714286,0.6376811594202899,1.1599531052635952
894,cicids2017_wed_c1,0.57535,-11.900000000000004,59,0.3125,0.9090909090909091,0.4651162790697674,1.1163552891982342
895,cicids2017_wed_c0,0.574875,-16.299999999999997,59,0.5952380952380952,0.7142857142857143,0.6493506493506493,1.1337449447985868
896,cicids2017_wed_c0,0.5744,-7.100000000000003,59,0.6428571428571429,0.7714285714285715,0.7012987012987013,1.1809431462632507
897,cicids2017_wed_c0,0.573925,-15.399999999999997,59,0.6486486486486487,0.6857142857142857,0.6666666666666667,1.13607814857358
898,cicids2017_fri_c0,0.57345,-8.4,59,0.6666666666666666,0.7428571428571429,0.7027027027027027,1.1368934390462355
899,cicids2017_fri_c0,0.572975,-18.0,59,0.7096774193548387,0.6285714285714286,0.6666666666666666,1.13153135436362
900,cicids2017_wed_c0,0.5725,-31.79999999999999,59,0.6129032258064516,0.5428571428571428,0.5757575757575757,1.1270738976650505
901,cicids2017_fri_c0,0.572025,-15.600000000000001,59,0.696969696969697,0.6571428571428571,0.676470588235294,1.1155992552865364
902,cicids2017_fri_c0,0.57155,0.5999999999999979,59,0.7714285714285715,0.7714285714285715,0.7714285714285715,1.1094781528595616
903,cicids2017_fri_c0,0.571075,-18.9,59,0.6388888888888888,0.6571428571428571,0.647887323943662,1.1670628183794332
904,cicids2017_wed_c1,0.5706,-31.599999999999987,59,0.1724137931034483,0.45454545454545453,0.25000000000000006,1.127375732824146
905,cicids2017_tue_c0,0.570125,-3.8000000000000007,59,0.6923076923076923,0.7714285714285715,0.7297297297297296,1.0963027123282039
906,cicids2017_wed_c0,0.56965,-28.099999999999994,59,0.5833333333333334,0.6,0.591549295774648,1.1264443784868976
907,cicids2017_tue_c0,0.569175,-8.600000000000001,59,0.7142857142857143,0.7142857142857143,0.7142857142857143,1.1111465288796365
908,cicids2017_fri_c0,0.5687,-13.400000000000004,59,0.7419354838709677,0.6571428571428571,0.6969696969696969,1.0904872385498887
909,cicids2017_tue_c0,0.568225,-16.700000000000003,59,0.6764705882352942,0.6571428571428571,0.6666666666666666,1.111735147296818
910,cicids2017_fri_c0,0.56775,-20.0,59,0.6216216216216216,0.6571428571428571,0.6388888888888888,1.1679577300334227
911,cicids2017_wed_c1,0.567275,-29.399999999999977,59,0.18518518518518517,0.45454545454545453,0.2631578947368421,1.1236307649173543
912,cicids2017_fri_c0,0.5668,-23.700000000000003,59,0.65625,0.6,0.626865671641791,1.1040354760803976
913,cicids2017_tue_c0,0.566325,-15.600000000000001,59,0.696969696969697,0.6571428571428571,0.676470588235294,1.139095158692325
914,cicids2017_wed_c1,0.56585,-16.700000000000003,59,0.2857142857142857,0.7272727272727273,0.4102564102564102,1.1217103367623285
915,cicids2017_wed_c0,0.565375,-21.1,59,0.6052631578947368,0.6571428571428571,0.6301369863013698,1.0928509970540246
916,cicids2017_tue_c0,0.5649,-1.000000000000001,59,0.6122448979591837,0.8571428571428571,0.7142857142857143,1.0882972458566227
917,cicids2017_wed_c0,0.564425,-15.400000000000004,59,0.6486486486486487,0.6857142857142857,0.6666666666666667,1.1378656906050055
918,cicids2017_wed_c1,0.56395,-34.39999999999997,59,0.10526315789473684,0.18181818181818182,0.13333333333333333,1.098825214666233
919,cicids2017_tue_c0,0.563475,-9.900000000000004,59,0.75,0.6857142857142857,0.7164179104477612,1.106288162646351
920,cicids2017_wed_c0,0.563,-26.999999999999993,59,0.6,0.6,0.6,1.131741970085628
921,cicids2017_wed_c1,0.5625249999999999,-26.999999999999993,59,0.20689655172413793,0.5454545454545454,0.3,1.1834747120548428
922,cicids2017_wed_c0,0.5620499999999999,-9.300000000000002,59,0.6136363636363636,0.7714285714285715,0.6835443037974683,1.177696835330553
923,cicids2017_tue_c0,0.5615749999999999,-21.499999999999993,59,0.7,0.6,0.6461538461538462,1.175151750852367
924,cicids2017_fri_c0,0.5610999999999999,-8.799999999999999,59,0.7741935483870968,0.6857142857142857,0.7272727272727272,1.182099983153177
925,cicids2017_fri_c0,0.5606249999999999,-5.500000000000002,59,0.8571428571428571,0.6857142857142857,0.7619047619047619,1.2064152701897464
926,cicids2017_wed_c1,0.5601499999999999,-22.59999999999998,59,0.24,0.5454545454545454,0.3333333333333333,1.2102633920206702
927,cicids2017_wed_c0,0.5596749999999999,-18.699999999999996,59,0.6,0.6857142857142857,0.64,1.20967739206219
928,cicids2017_tue_c0,0.5591999999999999,-29.4,59,0.6060606060606061,0.5714285714285714,0.588235294117647,1.1063412536951438
929,cicids2017_tue_c0,0.5587249999999999,-22.4,59,0.6285714285714286,0.6285714285714286,0.6285714285714286,1.181309463290989
930,cicids2017_wed_c0,0.55825,-16.5,59,0.631578947368421,0.6857142857142857,0.6575342465753424,1.1638125530654169
931,cicids2017_wed_c0,0.557775,-6.0,59,0.6585365853658537,0.7714285714285715,0.7105263157894737,1.1484076163872057
932,cicids2017_wed_c0,0.5573,-18.7,59,0.6,0.6857142857142857,0.64,1.1301976912036087
933,cicids2017_tue_c0,0.556825,-24.599999999999994,59,0.5945945945945946,0.6285714285714286,0.611111111111111,1.124330387263293
934,cicids2017_wed_c0,0.55635,6.4999999999999964,59,0.7631578947368421,0.8285714285714286,0.7945205479452055,1.156338556306671
935,cicids2017_tue_c0,0.555875,-19.099999999999994,59,0.6875,0.6285714285714286,0.6567164179104478,1.144134332908353
936,cicids2017_wed_c1,0.5554,-16.700000000000006,59,0.2857142857142857,0.7272727272727273,0.4102564102564102,1.13869171523581
937,cicids2017_fri_c0,0.554925,2.999999999999997,59,0.7567567567567568,0.8,0.7777777777777778,1.158739734676942
938,cicids2017_fri_c0,0.5544500000000001,-3.8000000000000025,59,0.6923076923076923,0.7714285714285715,0.7297297297297296,1.1372622135121822
939,cicids2017_tue_c0,0.5539750000000001,-29.599999999999987,59,0.6551724137931034,0.5428571428571428,0.5937499999999999,1.1335837487158025
940,cicids2017_wed_c0,0.5535000000000001,0.9999999999999994,59,0.6744186046511628,0.8285714285714286,0.7435897435897435,1.156661501766885
941,cicids2017_wed_c0,0.5530250000000001,-20.0,59,0.6216216216216216,0.6571428571428571,0.6388888888888888,1.071313872325567
942,cicids2017_tue_c0,0.5525500000000001,0.599999999999997,59,0.7714285714285715,0.7714285714285715,0.7714285714285715,1.1762595142412229
943,cicids2017_wed_c1,0.5520750000000001,-13.200000000000001,59,0.3103448275862069,0.8181818181818182,0.45000000000000007,1.131826870659712
944,cicids2017_tue_c0,0.5516000000000001,11.300000000000002,59,0.7380952380952381,0.8857142857142857,0.8051948051948051,1.1405201390910626
945,cicids2017_fri_c0,0.5511250000000001,2.099999999999999,59,0.6904761904761905,0.8285714285714286,0.7532467532467533,1.2072906521421993
946,cicids2017_fri_c0,0.5506500000000001,-25.9,59,0.6176470588235294,0.6,0.608695652173913,1.1813069999864578
947,cicids2017_wed_c1,0.5501750000000001,-7.700000000000004,59,0.375,0.8181818181818182,0.5142857142857142,1.2180727402894944
948,cicids2017_fri_c0,0.5497000000000001,-25.9,59,0.6176470588235294,0.6,0.608695652173913,1.18895577139581
949,cicids2017_wed_c1,0.5492250000000001,-28.799999999999983,59,0.20512820512820512,0.7272727272727273,0.32,1.1914189880412782
950,cicids2017_tue_c0,0.5487500000000001,-43.599999999999994,59,0.6,0.42857142857142855,0.5,1.1672314003760504
951,cicids2017_fri_c0,0.5482750000000001,-21.499999999999993,59,0.7,0.6,0.6461538461538462,1.2363012750540276
952,cicids2017_tue_c0,0.5478000000000001,-34.199999999999996,59,0.6206896551724138,0.5142857142857142,0.5625,1.1682885227930448
953,cicids2017_wed_c0,0.5473250000000001,-16.299999999999997,59,0.5952380952380952,0.7142857142857143,0.6493506493506493,1.2056499466339912
954,cicids2017_tue_c0,0.5468500000000001,0.6000000000000012,59,0.7714285714285715,0.7714285714285715,0.7714285714285715,1.206536286968757
955,cicids2017_wed_c1,0.546375,-34.69999999999998,59,0.16666666666666666,0.5454545454545454,0.2553191489361702,1.2203647224122778
956,cicids2017_wed_c0,0.5459,-0.10000000000000231,59,0.6590909090909091,0.8285714285714286,0.7341772151898734,1.2602176409628545
957,cicids2017_tue_c0,0.545425,-0.3000000000000035,59,0.7,0.8,0.7466666666666666,1.217104478893486
958,cicids2017_wed_c0,0.54495,-1.2000000000000015,59,0.6444444444444445,0.8285714285714286,0.7250000000000001,1.1638600441758944
959,cicids2017_wed_c1,0.544475,-24.599999999999994,59,0.22580645161290322,0.6363636363636364,0.3333333333333333,1.1123548435927146
960,cicids2017_tue_c0,0.544,-17.799999999999997,59,0.6571428571428571,0.6571428571428571,0.6571428571428571,1.214799521214743
961,cicids2017_fri_c0,0.543525,-11.000000000000005,59,0.7272727272727273,0.6857142857142857,0.7058823529411764,1.096195340463129
962,cicids2017_tue_c0,0.54305,-16.89999999999999,59,0.7333333333333333,0.6285714285714286,0.6769230769230768,1.1665736933752093
963,cicids2017_wed_c1,0.542575,-14.300000000000004,59,0.3,0.8181818181818182,0.43902439024390244,1.2039187030946712
964,cicids2017_fri_c0,0.5421,-15.399999999999999,59,0.6486486486486487,0.6857142857142857,0.6666666666666667,1.1488909398626321
965,cicids2017_wed_c1,0.541625,-17.799999999999997,59,0.27586206896551724,0.7272727272727273,0.4,1.2172613475796685
966,cicids2017_wed_c0,0.54115,-12.800000000000002,59,0.6046511627906976,0.7428571428571429,0.6666666666666666,1.1374194285851655
967,cicids2017_wed_c0,0.540675,-16.300000000000004,59,0.5952380952380952,0.7142857142857143,0.6493506493506493,1.1818470746948573
968,cicids2017_tue_c0,0.5402,-10.800000000000002,59,0.6756756756756757,0.7142857142857143,0.6944444444444444,1.2263541725963698
969,cicids2017_wed_c1,0.539725,-21.299999999999994,59,0.25,0.6363636363636364,0.358974358974359,1.2034005450466478
970,cicids2017_fri_c0,0.53925,-7.500000000000002,59,0.7352941176470589,0.7142857142857143,0.7246376811594202,1.2043494369400276
971,cicids2017_tue_c0,0.538775,-8.200000000000001,59,0.627906976744186,0.7714285714285715,0.6923076923076923,1.2220782260417506
972,cicids2017_tue_c0,0.5383,-15.800000000000004,59,0.7586206896551724,0.6285714285714286,0.6875,1.1459382571056091
973,cicids2017_tue_c0,0.537825,-7.500000000000002,59,0.7352941176470589,0.7142857142857143,0.7246376811594202,1.1345806001157737
974,cicids2017_tue_c0,0.53735,-11.000000000000002,59,0.7272727272727273,0.6857142857142857,0.7058823529411764,1.155965697734443
975,cicids2017_fri_c0,0.536875,-22.599999999999994,59,0.6774193548387096,0.6,0.6363636363636364,1.1446009741808119
976,cicids2017_fri_c0,0.5364,-17.799999999999997,59,0.6571428571428571,0.6571428571428571,0.6571428571428571,1.1670133464787946
977,cicids2017_fri_c0,0.535925,-8.400000000000002,59,0.6666666666666666,0.7428571428571429,0.7027027027027027,1.1507053727378065
978,cicids2017_wed_c0,0.53545,-27.9,59,0.55,0.6285714285714286,0.5866666666666667,1.2022341544531563
979,cicids2017_tue_c0,0.534975,-3.800000000000001,59,0.6923076923076923,0.7714285714285715,0.7297297297297296,1.1597599621734127
980,cicids2017_wed_c0,0.5345,-14.300000000000004,59,0.6666666666666666,0.6857142857142857,0.676056338028169,1.1684345073437068
981,cicids2017_wed_c0,0.534025,3.4,59,0.6666666666666666,0.8571428571428571,0.75,1.14925705020562
982,cicids2017_wed_c0,0.53355,-38.39999999999999,59,0.5135135135135135,0.5428571428571428,0.5277777777777778,1.1425954059717933
983,cicids2017_wed_c0,0.533075,-17.6,59,0.6153846153846154,0.6857142857142857,0.6486486486486486,1.1492532954634564
984,cicids2017_wed_c0,0.5326,-26.799999999999994,59,0.5641025641025641,0.6285714285714286,0.5945945945945945,1.1704912754671957
985,cicids2017_wed_c0,0.532125,-14.300000000000002,59,0.6666666666666666,0.6857142857142857,0.676056338028169,1.1496115651160344
986,cicids2017_wed_c0,0.53165,-20.9,59,0.5714285714285714,0.6857142857142857,0.6233766233766234,1.1049980136237907
987,cicids2017_wed_c0,0.531175,-7.300000000000001,59,0.6842105263157895,0.7428571428571429,0.7123287671232877,1.139494351861168
988,cicids2017_tue_c0,0.5307,4.299999999999999,59,0.725,0.8285714285714286,0.7733333333333333,1.090945523552651
989,cicids2017_fri_c0,0.530225,-0.7000000000000035,59,0.8125,0.7428571428571429,0.7761194029850748,1.1094310572938961
990,cicids2017_wed_c1,0.5297499999999999,-20.0,59,0.25806451612903225,0.7272727272727273,0.38095238095238093,1.1437771622870379
991,cicids2017_tue_c0,0.529275,-9.500000000000002,59,0.65,0.7428571428571429,0.6933333333333334,1.0732619944507285
992,cicids2017_wed_c0,0.5288,-25.69999999999999,59,0.5789473684210527,0.6285714285714286,0.6027397260273972,1.1469490126485775
993,cicids2017_fri_c0,0.528325,-7.1,59,0.6428571428571429,0.7714285714285715,0.7012987012987013,1.1776827204041445
994,cicids2017_tue_c0,0.52785,5.199999999999996,59,0.8,0.8,0.8000000000000002,1.1814199136674983
995,cicids2017_wed_c0,0.527375,-15.19999999999999,59,0.6097560975609756,0.7142857142857143,0.6578947368421052,1.1293404543570742
996,cicids2017_wed_c0,0.5269,5.799999999999999,59,0.6595744680851063,0.8857142857142857,0.7560975609756098,1.1486379146698094
997,cicids2017_wed_c0,0.526425,1.1999999999999997,59,0.6382978723404256,0.8571428571428571,0.7317073170731707,1.120611678116901
998,cicids2017_tue_c0,0.52595,-2.500000000000001,59,0.6666666666666666,0.8,0.7272727272727272,1.1561570739753104
999,cicids2017_wed_c1,0.525475,-11.900000000000002,59,0.3125,0.9090909090909091,0.4651162790697674,1.1927424988935165
1000,cicids2017_wed_c0,0.525,-0.29999999999999916,59,0.7,0.8,0.7466666666666666,1.1749422339203572
1001,cicids2017_wed_c1,0.5245250000000001,-20.0,59,0.25806451612903225,0.7272727272727273,0.38095238095238093,1.1544556035918905
1002,cicids2017_wed_c0,0.52405,-21.099999999999998,59,0.6052631578947368,0.6571428571428571,0.6301369863013698,1.142694533737867
1003,cicids2017_wed_c0,0.5235750000000001,-21.29999999999999,59,0.6470588235294118,0.6285714285714286,0.6376811594202899,1.138483439384364
1004,cicids2017_wed_c1,0.5231,-23.699999999999974,59,0.23076923076923078,0.5454545454545454,0.3243243243243243,1.1264258010571007
1005,cicids2017_fri_c0,0.5226250000000001,-31.79999999999999,59,0.6129032258064516,0.5428571428571428,0.5757575757575757,1.126240501046677
1006,cicids2017_wed_c1,0.52215,-17.6,59,0.2727272727272727,0.8181818181818182,0.4090909090909091,1.1299923916494496
1007,cicids2017_wed_c1,0.5216750000000001,-22.399999999999995,59,0.2413793103448276,0.6363636363636364,0.35,1.1254629907640228
1008,cicids2017_wed_c0,0.5212,3.599999999999998,59,0.6326530612244898,0.8857142857142857,0.7380952380952381,1.1824511625323564
1009,cicids2017_wed_c0,0.5207250000000001,-15.200000000000003,59,0.6097560975609756,0.7142857142857143,0.6578947368421052,1.1573238169055118
1010,cicids2017_wed_c0,0.5202500000000001,-13.000000000000002,59,0.6410256410256411,0.7142857142857143,0.6756756756756757,1.0951170317290921
1011,cicids2017_tue_c0,0.5197750000000001,-13.200000000000001,59,0.6857142857142857,0.6857142857142857,0.6857142857142857,1.1485835572376326
1012,cicids2017_wed_c1,0.5193000000000001,-13.600000000000007,59,0.3333333333333333,0.6363636363636364,0.43749999999999994,1.186923646152296
1013,cicids2017_fri_c0,0.5188250000000001,-8.600000000000003,59,0.7142857142857143,0.7142857142857143,0.7142857142857143,1.1641299588201086
1014,cicids2017_tue_c0,0.5183500000000001,-23.699999999999996,59,0.65625,0.6,0.626865671641791,1.1856205230727885
1015,cicids2017_wed_c0,0.5178750000000001,-21.099999999999994,59,0.6052631578947368,0.6571428571428571,0.6301369863013698,1.1415442902029238
1016,cicids2017_wed_c1,0.5174000000000001,-11.200000000000005,59,0.34782608695652173,0.7272727272727273,0.4705882352941176,1.1211528819505818
1017,cicids2017_tue_c0,0.5169250000000001,-3.799999999999999,59,0.6923076923076923,0.7714285714285715,0.7297297297297296,1.1732013445207632
1018,cicids2017_tue_c0,0.5164500000000001,-9.700000000000003,59,0.6944444444444444,0.7142857142857143,0.7042253521126761,1.1900495351327218
1019,cicids2017_fri_c0,0.5159750000000001,0.3999999999999996,59,0.8387096774193549,0.7428571428571429,0.787878787878788,1.1171928861703717
1020,cicids2017_fri_c0,0.5155000000000001,-13.200000000000001,59,0.6857142857142857,0.6857142857142857,0.6857142857142857,1.121859703375755
1021,cicids2017_fri_c0,0.5150250000000001,-11.900000000000002,59,0.6578947368421053,0.7142857142857143,0.684931506849315,1.1617985474653396
1022,cicids2017_fri_c0,0.5145500000000001,-9.9,59,0.75,0.6857142857142857,0.7164179104477612,1.1390113059945275
1023,cicids2017_wed_c1,0.5140750000000001,-15.400000000000004,59,0.2903225806451613,0.8181818181818182,0.4285714285714286,1.108762438948313
1024,cicids2017_wed_c1,0.5136000000000001,-22.399999999999988,59,0.2413793103448276,0.6363636363636364,0.35,1.1175183185782365
1025,cicids2017_wed_c1,0.513125,-14.3,59,0.3,0.8181818181818182,0.43902439024390244,1.150435143019434
1026,cicids2017_fri_c0,0.51265,-16.9,59,0.7333333333333333,0.6285714285714286,0.6769230769230768,1.1364242223914363
1027,cicids2017_fri_c0,0.512175,-13.000000000000002,59,0.6410256410256411,0.7142857142857143,0.6756756756756757,1.1534322190917379
1028,cicids2017_tue_c0,0.5117,2.799999999999995,59,0.8181818181818182,0.7714285714285715,0.7941176470588236,1.1360544919583195
1029,cicids2017_wed_c0,0.511225,-23.299999999999997,59,0.575,0.6571428571428571,0.6133333333333333,1.1592971230272835
1030,cicids2017_tue_c0,0.51075,-19.300000000000004,59,0.75,0.6,0.6666666666666665,1.1826976650814918
1031,cicids2017_tue_c0,0.510275,-13.400000000000004,59,0.7419354838709677,0.6571428571428571,0.6969696969696969,1.1698516447527054
1032,cicids2017_fri_c0,0.5098,6.4999999999999964,59,0.7631578947368421,0.8285714285714286,0.7945205479452055,1.1558287845108859
1033,cicids2017_wed_c0,0.509325,-8.000000000000002,59,0.5957446808510638,0.8,0.6829268292682927,1.1729278374550367
1034,cicids2017_tue_c0,0.50885,-4.000000000000001,59,0.7428571428571429,0.7428571428571429,0.7428571428571429,1.2109153837210491
1035,cicids2017_fri_c0,0.508375,-11.000000000000004,59,0.7272727272727273,0.6857142857142857,0.7058823529411764,1.1716623140956677
1036,cicids2017_wed_c0,0.5079,-1.1999999999999997,59,0.6444444444444445,0.8285714285714286,0.7250000000000001,1.191576801102006
1037,cicids2017_wed_c1,0.507425,-12.100000000000001,59,0.32142857142857145,0.8181818181818182,0.46153846153846156,1.2244357048606407
1038,cicids2017_fri_c0,0.50695,-2.9,59,0.7647058823529411,0.7428571428571429,0.7536231884057971,1.167612142448756
1039,cicids2017_tue_c0,0.506475,-28.3,59,0.625,0.5714285714285714,0.5970149253731343,1.1837843205909762
1040,cicids2017_wed_c1,0.506,-11.000000000000007,59,0.3333333333333333,0.8181818181818182,0.4736842105263157,1.1269860799562186
1041,cicids2017_wed_c0,0.505525,-9.500000000000004,59,0.65,0.7428571428571429,0.6933333333333334,1.134413102219044
1042,cicids2017_wed_c1,0.50505,-18.699999999999996,59,0.2647058823529412,0.8181818181818182,0.39999999999999997,1.145949239904181
1043,cicids2017_tue_c0,0.504575,-11.000000000000004,59,0.7272727272727273,0.6857142857142857,0.7058823529411764,1.177354142006555
1044,cicids2017_tue_c0,0.5041,4.299999999999997,59,0.725,0.8285714285714286,0.7733333333333333,1.1704865867297896
1045,cicids2017_wed_c0,0.503625,-16.3,59,0.5952380952380952,0.7142857142857143,0.6493506493506493,1.1443175992144605
1046,cicids2017_fri_c0,0.50315,-7.100000000000003,59,0.6428571428571429,0.7714285714285715,0.7012987012987013,1.0938761434186282
1047,cicids2017_fri_c0,0.502675,3.1999999999999997,59,0.7073170731707317,0.8285714285714286,0.7631578947368421,1.1474089196818384
1048,cicids2017_wed_c0,0.5022,-13.000000000000004,59,0.6410256410256411,0.7142857142857143,0.6756756756756757,1.127958420350315
1049,cicids2017_wed_c0,0.501725,-9.500000000000002,59,0.65,0.7428571428571429,0.6933333333333334,1.1135937066701935
1050,cicids2017_fri_c0,0.50125,-5.100000000000003,59,0.7222222222222222,0.7428571428571429,0.732394366197183,1.1130169343316831
1051,cicids2017_wed_c0,0.5007750000000001,-16.300000000000004,59,0.5952380952380952,0.7142857142857143,0.6493506493506493,1.1307957064919998
1052,cicids2017_tue_c0,0.5003,-4.900000000000004,59,0.675,0.7714285714285715,0.72,1.1350164132028904
1053,cicids2017_wed_c0,0.4998250000000001,-17.4,59,0.5813953488372093,0.7142857142857143,0.6410256410256411,1.1968712303895115
1054,cicids2017_wed_c1,0.49934999999999996,-14.300000000000004,59,0.3,0.8181818181818182,0.43902439024390244,1.1871256825947711
1055,cicids2017_fri_c0,0.49887500000000007,-16.700000000000003,59,0.6764705882352942,0.6571428571428571,0.6666666666666666,1.1914404867877757
1056,cicids2017_wed_c1,0.49839999999999995,-15.600000000000003,59,0.2962962962962963,0.7272727272727273,0.42105263157894735,1.2161258482547104
1057,cicids2017_tue_c0,0.49792500000000006,-4.900000000000002,59,0.675,0.7714285714285715,0.72,1.075911010725259
1058,cicids2017_wed_c1,0.49744999999999995,-20.2,59,0.25925925925925924,0.6363636363636364,0.368421052631579,1.1316676318856176
1059,cicids2017_tue_c0,0.49697500000000006,-14.300000000000002,59,0.6666666666666666,0.6857142857142857,0.676056338028169,1.151054436258514
1060,cicids2017_tue_c0,0.49650000000000005,-3.999999999999999,59,0.7428571428571429,0.7428571428571429,0.7428571428571429,1.1649055440695446
1061,cicids2017_wed_c1,0.49602500000000005,-24.39999999999999,59,0.22857142857142856,0.7272727272727273,0.34782608695652173,1.153615187637617
1062,cicids2017_wed_c0,0.49555000000000005,-32.699999999999996,59,0.5555555555555556,0.5714285714285714,0.5633802816901409,1.192297584260981
1063,cicids2017_fri_c0,0.49507500000000004,-46.9,59,0.5357142857142857,0.42857142857142855,0.47619047619047616,1.1320868573190221
1064,cicids2017_wed_c0,0.49460000000000004,5.799999999999997,59,0.6595744680851063,0.8857142857142857,0.7560975609756098,1.1464158931855049
1065,cicids2017_wed_c1,0.49412500000000004,-17.4,59,0.2702702702702703,0.9090909090909091,0.4166666666666667,1.199593505878463
1066,cicids2017_tue_c0,0.49365000000000003,-16.499999999999993,59,0.631578947368421,0.6857142857142857,0.6575342465753424,1.1502190295839376
1067,cicids2017_wed_c1,0.49317500000000003,-14.100000000000003,59,0.29411764705882354,0.9090909090909091,0.4444444444444445,1.1791907278400704
1068,cicids2017_wed_c0,0.4927,-2.5000000000000004,59,0.6666666666666666,0.8,0.7272727272727272,1.1214038515241815
1069,cicids2017_tue_c0,0.492225,-14.100000000000001,59,0.625,0.7142857142857143,0.6666666666666666,1.2146782699186724
1070,cicids2017_fri_c0,0.49175,11.999999999999996,59,0.8787878787878788,0.8285714285714286,0.8529411764705883,1.1826556808987525
1071,cicids2017_wed_c0,0.491275,-15.200000000000003,59,0.6097560975609756,0.7142857142857143,0.6578947368421052,1.1618939644574169
1072,cicids2017_fri_c0,0.4908,-5.299999999999999,59,0.78125,0.7142857142857143,0.7462686567164178,1.2041238506567749
1073,cicids2017_wed_c1,0.490325,-13.400000000000007,59,0.32,0.7272727272727273,0.4444444444444444,1.2115459737518082
1074,cicids2017_wed_c0,0.48985,-13.000000000000004,59,0.6410256410256411,0.7142857142857143,0.6756756756756757,1.2195986674867014
1075,cicids2017_tue_c0,0.489375,-0.29999999999999905,59,0.7,0.8,0.7466666666666666,1.2063411923395007
1076,cicids2017_fri_c0,0.4889,-18.9,59,0.6388888888888888,0.6571428571428571,0.647887323943662,1.2134795841895403
1077,cicids2017_wed_c0,0.488425,-31.599999999999994,59,0.5714285714285714,0.5714285714285714,0.5714285714285714,1.1049144163289557
1078,cicids2017_fri_c0,0.48795,-21.5,59,0.7,0.6,0.6461538461538462,1.119578110901955
1079,cicids2017_tue_c0,0.487475,-1.5999999999999996,59,0.7297297297297297,0.7714285714285715,0.75,1.1044452414007129
1080,cicids2017_wed_c1,0.487,-18.5,59,0.2631578947368421,0.9090909090909091,0.4081632653061224,1.2712212829549465
1081,cicids2017_wed_c1,0.4865250000000001,-29.199999999999974,59,0.1935483870967742,0.5454545454545454,0.2857142857142857,1.1815180689824292
1082,cicids2017_wed_c1,0.48605,-10.800000000000004,59,0.3225806451612903,0.9090909090909091,0.4761904761904761,1.1897965778181123
1083,cicids2017_wed_c1,0.4855750000000001,-32.499999999999986,59,0.17647058823529413,0.5454545454545454,0.26666666666666666,1.1808706807756495
1084,cicids2017_wed_c0,0.4851,-4.9,59,0.675,0.7714285714285715,0.72,1.1667267440558857
1085,cicids2017_fri_c0,0.4846250000000001,-16.699999999999996,59,0.6764705882352942,0.6571428571428571,0.6666666666666666,1.2137465527720248
1086,cicids2017_wed_c1,0.48414999999999997,-22.899999999999995,59,0.23809523809523808,0.9090909090909091,0.3773584905660377,1.1486404034182498
1087,cicids2017_wed_c1,0.4836750000000001,-16.900000000000006,59,0.2916666666666667,0.6363636363636364,0.4,1.2286122995010467
1088,cicids2017_wed_c1,0.48319999999999996,-19.799999999999994,59,0.2571428571428571,0.8181818181818182,0.39130434782608686,1.1454414312221726
1089,cicids2017_wed_c0,0.48272500000000007,-2.3000000000000003,59,0.6304347826086957,0.8285714285714286,0.7160493827160495,1.2041807291050108
1090,cicids2017_fri_c0,0.48224999999999996,-6.200000000000002,59,0.7027027027027027,0.7428571428571429,0.7222222222222223,1.1056466442329862
1091,cicids2017_wed_c0,0.48177500000000006,-6.0,59,0.6585365853658537,0.7714285714285715,0.7105263157894737,1.1411836064075702
1092,cicids2017_tue_c0,0.48129999999999995,-19.999999999999993,59,0.6216216216216216,0.6571428571428571,0.6388888888888888,1.1479654465673694
1093,cicids2017_wed_c1,0.48082500000000006,-24.0,59,0.23255813953488372,0.9090909090909091,0.3703703703703703,1.1159867097926601
1094,cicids2017_tue_c0,0.48034999999999994,-0.5000000000000014,59,0.75,0.7714285714285715,0.7605633802816902,1.1486431782630182
1095,cicids2017_tue_c0,0.47987500000000005,3.1999999999999975,59,0.7073170731707317,0.8285714285714286,0.7631578947368421,1.114776864994445
1096,cicids2017_fri_c0,0.47939999999999994,-13.400000000000004,59,0.7419354838709677,0.6571428571428571,0.6969696969696969,1.1317517479233519
1097,cicids2017_wed_c1,0.47892500000000005,-15.800000000000004,59,0.30434782608695654,0.6363636363636364,0.411764705882353,1.0703864629814963
1098,cicids2017_wed_c1,0.47844999999999993,-30.299999999999976,59,0.1875,0.5454545454545454,0.27906976744186046,1.1487736636771086
1099,cicids2017_fri_c0,0.47797500000000004,-0.30000000000000204,59,0.7,0.8,0.7466666666666666,1.1823810481972048
1100,cicids2017_tue_c0,0.47750000000000004,-16.9,59,0.7333333333333333,0.6285714285714286,0.6769230769230768,1.2103564379158347
1101,cicids2017_tue_c0,0.47702500000000003,-12.100000000000003,59,0.7058823529411765,0.6857142857142857,0.6956521739130436,1.189225408064589
1102,cicids2017_tue_c0,0.47655000000000003,-21.099999999999994,59,0.6052631578947368,0.6571428571428571,0.6301369863013698,1.2129807211685648
1103,cicids2017_wed_c1,0.476075,-29.199999999999985,59,0.1935483870967742,0.5454545454545454,0.2857142857142857,1.199303004022902
1104,cicids2017_fri_c0,0.4756,-0.4999999999999991,59,0.75,0.7714285714285715,0.7605633802816902,1.1656980368077228
1105,cicids2017_tue_c0,0.475125,1.8999999999999986,59,0.7368421052631579,0.8,0.7671232876712328,1.171492430608597
1106,cicids2017_fri_c0,0.47465,-18.4,59,0.8695652173913043,0.5714285714285714,0.689655172413793,1.1262147237745916
1107,cicids2017_fri_c0,0.474175,-8.600000000000001,59,0.7142857142857143,0.7142857142857143,0.7142857142857143,1.1503530659179084
1108,cicids2017_wed_c1,0.4737,-35.999999999999986,59,0.15151515151515152,0.45454545454545453,0.22727272727272727,1.1156388268795159
1109,cicids2017_wed_c1,0.473225,-20.9,59,0.25,0.8181818181818182,0.38297872340425526,1.1522354198549654
1110,cicids2017_fri_c0,0.47275,-19.1,59,0.6875,0.6285714285714286,0.6567164179104478,1.1331358924114692
1111,cicids2017_wed_c0,0.472275,-19.599999999999998,59,0.5555555555555556,0.7142857142857143,0.6250000000000001,1.1463019458811488
1112,cicids2017_fri_c0,0.4718,-0.49999999999999956,59,0.75,0.7714285714285715,0.7605633802816902,1.1296032370115288
1113,cicids2017_fri_c0,0.471325,-0.5000000000000036,59,0.75,0.7714285714285715,0.7605633802816902,1.1366205306106203
1114,cicids2017_tue_c0,0.47085,-1.6000000000000028,59,0.7297297297297297,0.7714285714285715,0.75,1.1950907592140743
1115,cicids2017_fri_c0,0.470375,-2.7,59,0.7105263157894737,0.7714285714285715,0.7397260273972601,1.1754686263083967
1116,cicids2017_tue_c0,0.4699,-11.900000000000004,59,0.6578947368421053,0.7142857142857143,0.684931506849315,1.1989925365887435
1117,cicids2017_wed_c1,0.469425,-22.39999999999999,59,0.2413793103448276,0.6363636363636364,0.35,1.2219908825726598
1118,cicids2017_wed_c0,0.46895,-2.5,59,0.6666666666666666,0.8,0.7272727272727272,1.1859228843352478
1119,cicids2017_wed_c0,0.468475,-12.800000000000002,59,0.6046511627906976,0.7428571428571429,0.6666666666666666,1.1470812594208146
1120,cicids2017_tue_c0,0.46799999999999997,-13.400000000000004,59,0.7419354838709677,0.6571428571428571,0.6969696969696969,1.1839657276145532
1121,cicids2017_fri_c0,0.4675250000000001,2.799999999999999,59,0.8181818181818182,0.7714285714285715,0.7941176470588236,1.1250229321626588
1122,cicids2017_fri_c0,0.46704999999999997,2.0999999999999996,59,0.6904761904761905,0.8285714285714286,0.7532467532467533,1.120433012215324
1123,cicids2017_tue_c0,0.4665750000000001,-1.8000000000000007,59,0.7878787878787878,0.7428571428571429,0.7647058823529412,1.1552230425826155
1124,cicids2017_fri_c0,0.46609999999999996,3.9000000000000012,59,0.84375,0.7714285714285715,0.8059701492537314,1.1905624607745346
1125,cicids2017_wed_c1,0.46562500000000007,-17.6,59,0.2727272727272727,0.8181818181818182,0.4090909090909091,1.2250343864380715
1126,cicids2017_wed_c1,0.46515000000000006,-9.700000000000003,59,0.3333333333333333,0.9090909090909091,0.4878048780487804,1.1709425061945977
1127,cicids2017_wed_c1,0.46467500000000006,-20.399999999999995,59,0.2608695652173913,0.5454545454545454,0.3529411764705882,1.1781528223018123
1128,cicids2017_wed_c0,0.46420000000000006,-1.2000000000000015,59,0.6444444444444445,0.8285714285714286,0.7250000000000001,1.1995625110479458
1129,cicids2017_wed_c0,0.46372500000000005,-20.899999999999995,59,0.5714285714285714,0.6857142857142857,0.6233766233766234,1.1877364642499664
1130,cicids2017_wed_c0,0.46325000000000005,-2.5000000000000013,59,0.6666666666666666,0.8,0.7272727272727272,1.2042531627154875
1131,cicids2017_tue_c0,0.46277500000000005,-15.200000000000003,59,0.6097560975609756,0.7142857142857143,0.6578947368421052,1.170506810253572
1132,cicids2017_wed_c0,0.46230000000000004,-6.0,59,0.6585365853658537,0.7714285714285715,0.7105263157894737,1.1746792453297514
1133,cicids2017_wed_c1,0.46182500000000004,-27.700000000000003,59,0.21052631578947367,0.7272727272727273,0.32653061224489793,1.1750196096626173
1134,cicids2017_wed_c1,0.46135000000000004,-10.800000000000002,59,0.3225806451612903,0.9090909090909091,0.4761904761904761,1.2190702109505611
1135,cicids2017_wed_c0,0.46087500000000003,6.899999999999997,59,0.6739130434782609,0.8857142857142857,0.7654320987654321,1.2190487154332856
1136,cicids2017_fri_c0,0.46040000000000003,-8.4,59,0.6666666666666666,0.7428571428571429,0.7027027027027027,1.1901560402249542
1137,cicids2017_wed_c0,0.45992500000000003,-12.8,59,0.6046511627906976,0.7428571428571429,0.6666666666666666,1.2301352334189348
1138,cicids2017_tue_c0,0.45945,-13.000000000000002,59,0.6410256410256411,0.7142857142857143,0.6756756756756757,1.2314674113623483
1139,cicids2017_wed_c0,0.458975,-19.800000000000004,59,0.5853658536585366,0.6857142857142857,0.6315789473684211,1.2481721811555866
1140,cicids2017_wed_c0,0.4585,10.399999999999999,59,0.6808510638297872,0.9142857142857143,0.7804878048780487,1.279388190477451
1141,cicids2017_wed_c1,0.458025,-12.100000000000007,59,0.32142857142857145,0.8181818181818182,0.46153846153846156,1.1393225635256121
1142,cicids2017_tue_c0,0.4575500000000001,-11.9,59,0.6578947368421053,0.7142857142857143,0.684931506849315,1.1139692846651088
1143,cicids2017_wed_c1,0.457075,-8.400000000000002,59,0.3333333333333333,1.0,0.5,1.1462861610155746
1144,cicids2017_wed_c1,0.4566000000000001,-33.599999999999994,59,0.17142857142857143,0.5454545454545454,0.26086956521739124,1.20325018709134
1145,cicids2017_tue_c0,0.456125,5.599999999999998,59,0.6976744186046512,0.8571428571428571,0.7692307692307693,1.1959554238463017
1146,cicids2017_tue_c0,0.4556500000000001,-19.99999999999999,59,0.6216216216216216,0.6571428571428571,0.6388888888888888,1.18288827853663
1147,cicids2017_wed_c0,0.455175,4.6999999999999975,59,0.6458333333333334,0.8857142857142857,0.7469879518072288,1.217181707848681
1148,cicids2017_wed_c1,0.4547000000000001,-25.699999999999996,59,0.21875,0.6363636363636364,0.3255813953488372,1.13450758190396
1149,cicids2017_wed_c0,0.454225,-10.200000000000001,59,0.5714285714285714,0.8,0.6666666666666666,1.2031178023389373
1150,cicids2017_wed_c1,0.4537500000000001,-28.59999999999998,59,0.20930232558139536,0.8181818181818182,0.33333333333333337,1.194217731945551
1151,cicids2017_tue_c0,0.453275,-1.5999999999999988,59,0.7297297297297297,0.7714285714285715,0.75,1.1288542427739126
1152,cicids2017_wed_c0,0.4528000000000001,-32.699999999999996,59,0.5555555555555556,0.5714285714285714,0.5633802816901409,1.2161348659626474
1153,cicids2017_tue_c0,0.452325,0.8000000000000003,59,0.717948717948718,0.8,0.7567567567567569,1.196992686421222
1154,cicids2017_wed_c1,0.4518500000000001,-24.400000000000002,59,0.22857142857142856,0.7272727272727273,0.34782608695652173,1.131607887880676
1155,cicids2017_tue_c0,0.45137499999999997,-9.700000000000003,59,0.6944444444444444,0.7142857142857143,0.7042253521126761,1.2080595237587735
1156,cicids2017_wed_c0,0.4509000000000001,-5.800000000000002,59,0.6222222222222222,0.8,0.7000000000000001,1.1671023018663123
1157,cicids2017_fri_c0,0.45042499999999996,-14.300000000000002,59,0.6666666666666666,0.6857142857142857,0.676056338028169,1.1726431642433224
1158,cicids2017_wed_c1,0.44995000000000007,-19.6,59,0.2564102564102564,0.9090909090909091,0.3999999999999999,1.1928229824479581
1159,cicids2017_tue_c0,0.44947499999999996,-8.600000000000001,59,0.7142857142857143,0.7142857142857143,0.7142857142857143,1.2158884668076924
1160,cicids2017_tue_c0,0.44900000000000007,-1.6000000000000005,59,0.7297297297297297,0.7714285714285715,0.75,1.1924749204772285
1161,cicids2017_wed_c0,0.44852500000000006,1.1999999999999988,59,0.6382978723404256,0.8571428571428571,0.7317073170731707,1.1611271548080018
1162,cicids2017_tue_c0,0.44805000000000006,-20.199999999999996,59,0.6666666666666666,0.6285714285714286,0.6470588235294118,1.1917772500210513
1163,cicids2017_wed_c1,0.44757500000000006,-15.8,59,0.30434782608695654,0.6363636363636364,0.411764705882353,1.1975784204043831
1164,cicids2017_wed_c0,0.44710000000000005,1.1999999999999988,59,0.6382978723404256,0.8571428571428571,0.7317073170731707,1.1967921372929404
1165,cicids2017_wed_c0,0.44662500000000005,-13.000000000000004,59,0.6410256410256411,0.7142857142857143,0.6756756756756757,1.2160396709685057
1166,cicids2017_fri_c0,0.44615000000000005,-1.6000000000000014,59,0.7297297297297297,0.7714285714285715,0.75,1.214719223207304
1167,cicids2017_fri_c0,0.44567500000000004,0.7999999999999998,59,0.717948717948718,0.8,0.7567567567567569,1.1909031395916154
1168,cicids2017_tue_c0,0.44520000000000004,-0.3000000000000034,59,0.7,0.8,0.7466666666666666,1.1432801527102685
1169,cicids2017_wed_c1,0.44472500000000004,-23.29999999999999,59,0.23529411764705882,0.7272727272727273,0.3555555555555555,1.0952054756407152
1170,cicids2017_wed_c1,0.44425000000000003,-1.9999999999999991,59,0.43478260869565216,0.9090909090909091,0.5882352941176471,1.0499886708537411
1171,cicids2017_wed_c0,0.44377500000000003,-24.599999999999994,59,0.5945945945945946,0.6285714285714286,0.611111111111111,1.168089673271004
1172,cicids2017_wed_c0,0.4433,-3.6000000000000014,59,0.6511627906976745,0.8,0.7179487179487181,1.1158807936712913
1173,cicids2017_tue_c0,0.442825,2.9999999999999987,59,0.7567567567567568,0.8,0.7777777777777778,1.123113333376787
1174,cicids2017_fri_c0,0.44235,-7.700000000000003,59,0.8,0.6857142857142857,0.7384615384615385,1.1949197342703803
1175,cicids2017_fri_c0,0.441875,-23.5,59,0.6111111111111112,0.6285714285714286,0.619718309859155,1.1853189567207298
1176,cicids2017_tue_c0,0.4414,9.999999999999996,59,0.7692307692307693,0.8571428571428571,0.8108108108108107,1.1978436449244123
1177,cicids2017_tue_c0,0.440925,4.299999999999995,59,0.725,0.8285714285714286,0.7733333333333333,1.1927024222165985
1178,cicids2017_fri_c0,0.44045,4.300000000000002,59,0.725,0.8285714285714286,0.7733333333333333,1.1563909798082819
1179,cicids2017_tue_c0,0.439975,9.999999999999996,59,0.7692307692307693,0.8571428571428571,0.8108108108108107,1.1714003123883747
1180,cicids2017_fri_c0,0.4395,-14.5,59,0.71875,0.6571428571428571,0.6865671641791045,1.2036509487531024
1181,cicids2017_wed_c0,0.439025,-6.000000000000002,59,0.6585365853658537,0.7714285714285715,0.7105263157894737,1.1761984131797392
1182,cicids2017_wed_c1,0.4385500000000001,-24.199999999999996,59,0.23076923076923078,0.8181818181818182,0.36000000000000004,1.0996874623841844
1183,cicids2017_wed_c0,0.438075,-25.7,59,0.5789473684210527,0.6285714285714286,0.6027397260273972,1.157689038950841
1184,cicids2017_tue_c0,0.4376000000000001,-7.500000000000002,59,0.7352941176470589,0.7142857142857143,0.7246376811594202,1.156552362608385
1185,cicids2017_tue_c0,0.437125,9.799999999999995,59,0.8285714285714286,0.8285714285714286,0.8285714285714286,1.1450986059994925
1186,cicids2017_tue_c0,0.4366500000000001,-2.500000000000001,59,0.6666666666666666,0.8,0.7272727272727272,1.1863226308375936
1187,cicids2017_fri_c0,0.436175,-14.5,59,0.71875,0.6571428571428571,0.6865671641791045,1.201579157854727
1188,cicids2017_wed_c0,0.4357000000000001,-16.1,59,0.5652173913043478,0.7428571428571429,0.6419753086419753,1.191880149892332
1189,cicids2017_wed_c0,0.435225,-34.89999999999999,59,0.5263157894736842,0.5714285714285714,0.547945205479452,1.1850379320261626
1190,cicids2017_fri_c0,0.4347500000000001,-2.900000000000002,59,0.7647058823529411,0.7428571428571429,0.7536231884057971,1.1989804434382434
1191,cicids2017_tue_c0,0.43427499999999997,-7.299999999999999,59,0.6842105263157895,0.7428571428571429,0.7123287671232877,1.1587132196452021
1192,cicids2017_tue_c0,0.4338000000000001,1.700000000000001,59,0.7941176470588235,0.7714285714285715,0.782608695652174,1.1705810021241632
1193,cicids2017_fri_c0,0.43332499999999996,-13.400000000000004,59,0.7419354838709677,0.6571428571428571,0.6969696969696969,1.1529924536044582
1194,cicids2017_wed_c0,0.43285000000000007,-9.300000000000002,59,0.6136363636363636,0.7714285714285715,0.6835443037974683,1.1038627930027476
1195,cicids2017_wed_c0,0.43237499999999995,9.499999999999998,59,0.6346153846153846,0.9428571428571428,0.7586206896551724,1.1740451796532705
1196,cicids2017_wed_c0,0.43190000000000006,-4.5,59,0.6041666666666666,0.8285714285714286,0.6987951807228916,1.1475025940117025
1197,cicids2017_wed_c0,0.43142499999999995,2.2999999999999985,59,0.6521739130434783,0.8571428571428571,0.7407407407407407,1.2006498947521935
1198,cicids2017_wed_c1,0.43095000000000006,-18.9,59,0.26666666666666666,0.7272727272727273,0.3902439024390244,1.1786516872679427
1199,cicids2017_wed_c1,0.43047499999999994,-17.200000000000003,59,0.2682926829268293,1.0,0.4230769230769231,1.1609916349776632
1200,cicids2017_wed_c0,0.43000000000000005,-1.2000000000000024,59,0.6444444444444445,0.8285714285714286,0.7250000000000001,1.1432949099195666
1201,cicids2017_wed_c1,0.42952500000000005,-16.300000000000004,59,0.2777777777777778,0.9090909090909091,0.4255319148936171,1.1408949711638317
1202,cicids2017_tue_c0,0.42905000000000004,7.799999999999997,59,0.7317073170731707,0.8571428571428571,0.7894736842105263,1.1492583760936719
1203,cicids2017_wed_c1,0.42857500000000004,-24.39999999999999,59,0.22857142857142856,0.7272727272727273,0.34782608695652173,1.1861066223415346
1204,cicids2017_wed_c1,0.42810000000000004,-18.500000000000004,59,0.2631578947368421,0.9090909090909091,0.4081632653061224,1.1484548157761951
1205,cicids2017_wed_c0,0.42762500000000003,-10.200000000000001,59,0.5714285714285714,0.8,0.6666666666666666,1.1211515854199074
1206,cicids2017_wed_c1,0.42715000000000003,-14.100000000000001,59,0.29411764705882354,0.9090909090909091,0.4444444444444445,1.1191413881805459
1207,cicids2017_wed_c0,0.426675,-17.599999999999998,59,0.6153846153846154,0.6857142857142857,0.6486486486486486,1.1406584927429548
1208,cicids2017_wed_c0,0.4262,-6.9,59,0.6086956521739131,0.8,0.6913580246913581,1.1083866873547272
1209,cicids2017_tue_c0,0.425725,-10.799999999999999,59,0.6756756756756757,0.7142857142857143,0.6944444444444444,1.1495921332589023
1210,cicids2017_wed_c1,0.42525,-32.29999999999998,59,0.18421052631578946,0.6363636363636364,0.2857142857142857,1.1557487754595197
1211,cicids2017_wed_c0,0.424775,-19.6,59,0.5555555555555556,0.7142857142857143,0.6250000000000001,1.156898704776314
1212,cicids2017_wed_c1,0.4243,-18.5,59,0.2631578947368421,0.9090909090909091,0.4081632653061224,1.1554154684732587
1213,cicids2017_tue_c0,0.423825,-15.200000000000003,59,0.6097560975609756,0.7142857142857143,0.6578947368421052,1.1960532899236076
1214,cicids2017_wed_c1,0.42335,-19.799999999999997,59,0.2571428571428571,0.8181818181818182,0.39130434782608686,1.1574234068832627
1215,cicids2017_fri_c0,0.422875,-14.300000000000002,59,0.6666666666666666,0.6857142857142857,0.676056338028169,1.1646216817690451
1216,cicids2017_fri_c0,0.4224,-8.8,59,0.7741935483870968,0.6857142857142857,0.7272727272727272,1.1728075348616547
1217,cicids2017_wed_c0,0.421925,6.899999999999998,59,0.6739130434782609,0.8857142857142857,0.7654320987654321,1.1760995408380333
1218,cicids2017_wed_c0,0.42145,-4.8999999999999995,59,0.675,0.7714285714285715,0.72,1.1442895601873864
1219,cicids2017_wed_c1,0.420975,-28.999999999999993,59,0.2,0.6363636363636364,0.30434782608695654,1.1754483122899777
1220,cicids2017_tue_c0,0.4205,7.799999999999997,59,0.7317073170731707,0.8571428571428571,0.7894736842105263,1.242166488320201
1221,cicids2017_wed_c0,0.420025,6.699999999999996,59,0.7142857142857143,0.8571428571428571,0.7792207792207793,1.1647822518058786
1222,cicids2017_wed_c0,0.4195500000000001,-17.400000000000002,59,0.5813953488372093,0.7142857142857143,0.6410256410256411,1.154859863896769
1223,cicids2017_wed_c1,0.419075,-11.700000000000003,59,0.3055555555555556,1.0,0.46808510638297873,1.1627288875775692
1224,cicids2017_wed_c0,0.4186000000000001,-12.799999999999999,59,0.6046511627906976,0.7428571428571429,0.6666666666666666,1.175711469162248
1225,cicids2017_tue_c0,0.41812499999999997,4.099999999999994,59,0.7777777777777778,0.8,0.7887323943661971,1.2101075839180624
1226,cicids2017_wed_c1,0.4176500000000001,-28.099999999999973,59,0.2,0.5454545454545454,0.29268292682926833,1.182378722018929
1227,cicids2017_fri_c0,0.41717499999999996,6.699999999999999,59,0.7142857142857143,0.8571428571428571,0.7792207792207793,1.1966570318723972
1228,cicids2017_wed_c1,0.41670000000000007,-16.500000000000004,59,0.28125,0.8181818181818182,0.41860465116279066,1.2007368280810584
1229,cicids2017_fri_c0,0.41622499999999996,13.299999999999997,59,0.8333333333333334,0.8571428571428571,0.8450704225352113,1.1660035413493912
1230,cicids2017_tue_c0,0.41575000000000006,15.900000000000006,59,0.7619047619047619,0.9142857142857143,0.8311688311688312,1.2076647851474671
1231,cicids2017_wed_c1,0.41527499999999995,-8.4,59,0.3333333333333333,1.0,0.5,1.2081652102353422
1232,cicids2017_wed_c0,0.41480000000000006,-5.600000000000001,59,0.5918367346938775,0.8285714285714286,0.6904761904761905,1.226399763593155
1233,cicids2017_wed_c1,0.41432499999999994,-5.300000000000002,59,0.38461538461538464,0.9090909090909091,0.5405405405405405,1.1897672610615708
1234,cicids2017_wed_c0,0.41385000000000005,-5.800000000000001,59,0.6222222222222222,0.8,0.7000000000000001,1.1834436713415246
1235,cicids2017_wed_c0,0.41337499999999994,5.799999999999997,59,0.6595744680851063,0.8857142857142857,0.7560975609756098,1.1917191084883136
1236,cicids2017_tue_c0,0.41290000000000004,5.4,59,0.7435897435897436,0.8285714285714286,0.7837837837837838,1.1899360914150379
1237,cicids2017_fri_c0,0.41242499999999993,-6.0,59,0.6585365853658537,0.7714285714285715,0.7105263157894737,1.1991917270656216
1238,cicids2017_fri_c0,0.41195000000000004,11.499999999999998,59,0.6956521739130435,0.9142857142857143,0.7901234567901234,1.154001585720245
1239,cicids2017_tue_c0,0.4114749999999999,-4.000000000000002,59,0.7428571428571429,0.7428571428571429,0.7428571428571429,1.1844097912573524
1240,cicids2017_fri_c0,0.41100000000000003,7.599999999999996,59,0.7837837837837838,0.8285714285714286,0.8055555555555555,1.2152958957849584
1241,cicids2017_wed_c0,0.41052500000000003,-2.3,59,0.6304347826086957,0.8285714285714286,0.7160493827160495,1.1769447858983928
1242,cicids2017_wed_c1,0.41005,-24.199999999999996,59,0.23076923076923078,0.8181818181818182,0.36000000000000004,1.2043536959670058
1243,cicids2017_wed_c1,0.409575,-20.9,59,0.25,0.8181818181818182,0.38297872340425526,1.2015752679376637
1244,cicids2017_tue_c0,0.4091,6.499999999999998,59,0.7631578947368421,0.8285714285714286,0.7945205479452055,1.2282247469773147
1245,cicids2017_wed_c1,0.408625,-16.700000000000003,59,0.2857142857142857,0.7272727272727273,0.4102564102564102,1.186550338722035
1246,cicids2017_wed_c1,0.40815,-12.100000000000003,59,0.32142857142857145,0.8181818181818182,0.46153846153846156,1.1986009250783356
1247,cicids2017_wed_c1,0.407675,-24.0,59,0.23255813953488372,0.9090909090909091,0.3703703703703703,1.1628279072734131
1248,cicids2017_tue_c0,0.4072,-17.800000000000004,59,0.6571428571428571,0.6571428571428571,0.6571428571428571,1.1982098857508166
1249,cicids2017_tue_c0,0.406725,5.399999999999997,59,0.7435897435897436,0.8285714285714286,0.7837837837837838,1.1604645095366284
1250,cicids2017_wed_c1,0.40625,-34.69999999999999,59,0.16666666666666666,0.5454545454545454,0.2553191489361702,1.1152294836356724
1251,cicids2017_fri_c0,0.4057750000000001,-0.49999999999999956,59,0.75,0.7714285714285715,0.7605633802816902,1.1641161334115644
1252,cicids2017_tue_c0,0.4053,19.200000000000006,59,0.8205128205128205,0.9142857142857143,0.8648648648648648,1.080340173345439
1253,cicids2017_fri_c0,0.4048250000000001,6.499999999999995,59,0.7631578947368421,0.8285714285714286,0.7945205479452055,1.1535513385409093
1254,cicids2017_wed_c1,0.40435,-25.69999999999999,59,0.21875,0.6363636363636364,0.3255813953488372,1.157238758864438
1255,cicids2017_wed_c0,0.4038750000000001,-9.300000000000002,59,0.6136363636363636,0.7714285714285715,0.6835443037974683,1.1006057838410157
1256,cicids2017_fri_c0,0.4034,0.599999999999997,59,0.7714285714285715,0.7714285714285715,0.7714285714285715,1.152302529005375
1257,cicids2017_fri_c0,0.4029250000000001,7.399999999999999,59,0.8484848484848485,0.8,0.823529411764706,1.2686031502600004
1258,cicids2017_wed_c0,0.40245,-8.200000000000003,59,0.627906976744186,0.7714285714285715,0.6923076923076923,1.2410636847058283
1259,cicids2017_wed_c0,0.4019750000000001,-7.100000000000001,59,0.6428571428571429,0.7714285714285715,0.7012987012987013,1.243935442735003
1260,cicids2017_wed_c1,0.4015000000000001,-22.89999999999999,59,0.23809523809523808,0.9090909090909091,0.3773584905660377,1.1936860667019988
1261,cicids2017_tue_c0,0.4010250000000001,-5.1,59,0.7222222222222222,0.7428571428571429,0.732394366197183,1.2117332397607983
1262,cicids2017_wed_c1,0.4005500000000001,-29.89999999999999,59,0.2,0.7272727272727273,0.3137254901960785,1.2334651160092354
1263,cicids2017_tue_c0,0.40007500000000007,-0.5000000000000011,59,0.75,0.7714285714285715,0.7605633802816902,1.2427519385402157
1264,cicids2017_wed_c1,0.39960000000000007,-13.400000000000006,59,0.32,0.7272727272727273,0.4444444444444444,1.2428715201078708
1265,cicids2017_fri_c0,0.39912500000000006,1.9000000000000008,59,0.7368421052631579,0.8,0.7671232876712328,1.1307547415580428
1266,cicids2017_fri_c0,0.39865000000000006,7.799999999999997,59,0.7317073170731707,0.8571428571428571,0.7894736842105263,1.1855053152874686
1267,cicids2017_fri_c0,0.39817500000000006,0.39999999999999847,59,0.8387096774193549,0.7428571428571429,0.787878787878788,1.1817658958366966
1268,cicids2017_tue_c0,0.39770000000000005,-11.700000000000001,59,0.6190476190476191,0.7428571428571429,0.6753246753246753,1.2330603897591232
1269,cicids2017_wed_c1,0.39722500000000005,-39.099999999999994,59,0.15,0.5454545454545454,0.2352941176470588,1.1512721277986346
1270,cicids2017_fri_c0,0.39675000000000005,-8.4,59,0.6666666666666666,0.7428571428571429,0.7027027027027027,1.2314175904617668
1271,cicids2017_tue_c0,0.39627500000000004,9.999999999999996,59,0.7692307692307693,0.8571428571428571,0.8108108108108107,1.240307857371925
1272,cicids2017_fri_c0,0.39580000000000004,10.0,59,0.7692307692307693,0.8571428571428571,0.8108108108108107,1.2092654588568708
1273,cicids2017_wed_c1,0.39532500000000004,-17.599999999999998,59,0.2727272727272727,0.8181818181818182,0.4090909090909091,1.1311173396753416
1274,cicids2017_wed_c0,0.39485000000000003,-10.4,59,0.6,0.7714285714285715,0.675,1.1954239193829697
1275,cicids2017_wed_c1,0.39437500000000003,-12.300000000000008,59,0.3333333333333333,0.7272727272727273,0.4571428571428572,1.1792627048136008
1276,cicids2017_wed_c0,0.39390000000000003,-4.5,59,0.6041666666666666,0.8285714285714286,0.6987951807228916,1.2289239258391234
1277,cicids2017_wed_c0,0.393425,8.199999999999998,59,0.6530612244897959,0.9142857142857143,0.7619047619047618,1.219505522926359
1278,cicids2017_wed_c1,0.39295,-8.400000000000002,59,0.3333333333333333,1.0,0.5,1.198081194441681
1279,cicids2017_fri_c0,0.392475,-7.699999999999999,59,0.8,0.6857142857142857,0.7384615384615385,1.2125159696264534
1280,cicids2017_wed_c1,0.392,-21.299999999999997,59,0.25,0.6363636363636364,0.358974358974359,1.1741983189808947
1281,cicids2017_wed_c0,0.3915250000000001,9.299999999999997,59,0.6666666666666666,0.9142857142857143,0.7710843373493975,1.1251342131590243
1282,cicids2017_wed_c0,0.39105,-2.299999999999999,59,0.6304347826086957,0.8285714285714286,0.7160493827160495,1.1637286926301333
1283,cicids2017_tue_c0,0.3905750000000001,-3.9999999999999987,59,0.7428571428571429,0.7428571428571429,0.7428571428571429,1.1517837988598056
1284,cicids2017_wed_c1,0.3901,-5.5,59,0.4090909090909091,0.8181818181818182,0.5454545454545455,1.1986452790156596
1285,cicids2017_tue_c0,0.3896250000000001,11.300000000000004,59,0.7380952380952381,0.8857142857142857,0.8051948051948051,1.1856413857478318
1286,cicids2017_fri_c0,0.38915,-7.100000000000001,59,0.6428571428571429,0.7714285714285715,0.7012987012987013,1.2121278595704919
1287,cicids2017_wed_c1,0.3886750000000001,-16.700000000000006,59,0.2857142857142857,0.7272727272727273,0.4102564102564102,1.1698087971256408
1288,cicids2017_fri_c0,0.3882,7.599999999999998,59,0.7837837837837838,0.8285714285714286,0.8055555555555555,1.199341288397766
1289,cicids2017_fri_c0,0.3877250000000001,-6.400000000000004,59,0.7575757575757576,0.7142857142857143,0.7352941176470589,1.1798504933197393
1290,cicids2017_wed_c0,0.38725,-11.5,59,0.5869565217391305,0.7714285714285715,0.6666666666666667,1.2451712446936818
1291,cicids2017_fri_c0,0.3867750000000001,9.999999999999998,59,0.7692307692307693,0.8571428571428571,0.8108108108108107,1.2032981317570803
1292,cicids2017_wed_c1,0.3863,-29.19999999999998,59,0.1935483870967742,0.5454545454545454,0.2857142857142857,1.240827410502625
1293,cicids2017_tue_c0,0.3858250000000001,6.499999999999998,59,0.7631578947368421,0.8285714285714286,0.7945205479452055,1.1683701514755118
1294,cicids2017_fri_c0,0.38534999999999997,-4.9,59,0.675,0.7714285714285715,0.72,1.1559886815663363
1295,cicids2017_wed_c1,0.3848750000000001,-15.400000000000006,59,0.2903225806451613,0.8181818181818182,0.4285714285714286,1.2426321957412012
1296,cicids2017_wed_c0,0.38439999999999996,19.600000000000016,59,0.723404255319149,0.9714285714285714,0.8292682926829269,1.1877864509734366
1297,cicids2017_tue_c0,0.38392500000000007,5.1999999999999975,59,0.8,0.8,0.8000000000000002,1.1616871026530762
1298,cicids2017_wed_c0,0.38344999999999996,-17.6,59,0.6153846153846154,0.6857142857142857,0.6486486486486486,1.180675058493132
1299,cicids2017_wed_c0,0.38297500000000007,-2.1,59,0.6,0.8571428571428571,0.7058823529411764,1.1415163576569272
1300,cicids2017_fri_c0,0.38250000000000006,-0.7000000000000043,59,0.8125,0.7428571428571429,0.7761194029850748,1.2035981762700443
1301,cicids2017_wed_c1,0.38202500000000006,-24.39999999999999,59,0.22857142857142856,0.7272727272727273,0.34782608695652173,1.2522005173271293
1302,cicids2017_tue_c0,0.38155000000000006,-2.7000000000000015,59,0.7105263157894737,0.7714285714285715,0.7397260273972601,1.1776861615952785
1303,cicids2017_wed_c0,0.38107500000000005,-4.699999999999999,59,0.6363636363636364,0.8,0.7088607594936709,1.1819246501698124
1304,cicids2017_wed_c1,0.38060000000000005,-14.100000000000001,59,0.29411764705882354,0.9090909090909091,0.4444444444444445,1.2011197314545579
1305,cicids2017_wed_c0,0.38012500000000005,-9.3,59,0.6136363636363636,0.7714285714285715,0.6835443037974683,1.2236878898301649
1306,cicids2017_wed_c0,0.37965000000000004,3.5999999999999988,59,0.6326530612244898,0.8857142857142857,0.7380952380952381,1.1679507610442004
1307,cicids2017_tue_c0,0.37917500000000004,11.099999999999996,59,0.7894736842105263,0.8571428571428571,0.8219178082191781,1.161660841141162
1308,cicids2017_fri_c0,0.37870000000000004,-8.599999999999998,59,0.7142857142857143,0.7142857142857143,0.7142857142857143,1.2087180911808095
1309,cicids2017_tue_c0,0.37822500000000003,-5.3000000000000025,59,0.78125,0.7142857142857143,0.7462686567164178,1.201563698423643
1310,cicids2017_wed_c1,0.37775000000000003,-19.599999999999994,59,0.2564102564102564,0.9090909090909091,0.3999999999999999,1.1523406621776173
1311,cicids2017_wed_c0,0.377275,9.299999999999997,59,0.6666666666666666,0.9142857142857143,0.7710843373493975,1.1557520553559373
1312,cicids2017_tue_c0,0.3768,14.399999999999997,59,0.8571428571428571,0.8571428571428571,0.8571428571428571,1.1683882657214562
1313,cicids2017_wed_c1,0.376325,-15.200000000000003,59,0.2857142857142857,0.9090909090909091,0.43478260869565216,1.112510616494201
1314,cicids2017_wed_c1,0.37585,-8.800000000000004,59,0.36,0.8181818181818182,0.5,1.1170158941553667
1315,cicids2017_wed_c1,0.375375,-30.999999999999993,59,0.1951219512195122,0.7272727272727273,0.3076923076923077,1.1433875005015643
1316,cicids2017_tue_c0,0.3749,12.399999999999995,59,0.7560975609756098,0.8857142857142857,0.8157894736842105,1.1809384376627627
1317,cicids2017_wed_c0,0.374425,-14.1,59,0.625,0.7142857142857143,0.6666666666666666,1.075801972995604
1318,cicids2017_wed_c0,0.37395,5.999999999999998,59,0.6274509803921569,0.9142857142857143,0.7441860465116279,1.1544362111615298
1319,cicids2017_tue_c0,0.373475,-5.299999999999999,59,0.78125,0.7142857142857143,0.7462686567164178,1.1188880893101332
1320,cicids2017_tue_c0,0.373,8.899999999999999,59,0.75,0.8571428571428571,0.7999999999999999,1.1608166441733971
1321,cicids2017_fri_c0,0.3725250000000001,-9.700000000000001,59,0.6944444444444444,0.7142857142857143,0.7042253521126761,1.2004437830011336
1322,cicids2017_tue_c0,0.37205,-18.9,59,0.6388888888888888,0.6571428571428571,0.647887323943662,1.2109107647878101
1323,cicids2017_wed_c0,0.3715750000000001,-12.600000000000001,59,0.574468085106383,0.7714285714285715,0.6585365853658536,1.1749568038933518
1324,cicids2017_wed_c1,0.3711,-25.3,59,0.225,0.8181818181818182,0.35294117647058826,1.2255060255238057
1325,cicids2017_wed_c1,0.3706250000000001,-12.800000000000002,59,0.2972972972972973,1.0,0.4583333333333333,1.1978941711281623
1326,cicids2017_fri_c0,0.37015,-1.5999999999999988,59,0.7297297297297297,0.7714285714285715,0.75,1.167264656482553
1327,cicids2017_wed_c0,0.3696750000000001,-16.1,59,0.5652173913043478,0.7428571428571429,0.6419753086419753,1.1506371047991688
1328,cicids2017_fri_c0,0.3692,-6.000000000000002,59,0.6585365853658537,0.7714285714285715,0.7105263157894737,1.190636457060178
1329,cicids2017_wed_c0,0.3687250000000001,1.1999999999999988,59,0.6382978723404256,0.8571428571428571,0.7317073170731707,1.1689241370520569
1330,cicids2017_tue_c0,0.36824999999999997,11.299999999999999,59,0.7380952380952381,0.8857142857142857,0.8051948051948051,1.2069992977161064
1331,cicids2017_tue_c0,0.3677750000000001,1.8999999999999977,59,0.7368421052631579,0.8,0.7671232876712328,1.1595378617094216
1332,cicids2017_wed_c0,0.36729999999999996,10.6,59,0.6470588235294118,0.9428571428571428,0.7674418604651163,1.1347734061750987
1333,cicids2017_tue_c0,0.36682500000000007,-11.000000000000002,59,0.7272727272727273,0.6857142857142857,0.7058823529411764,1.1331114464442587
1334,cicids2017_wed_c1,0.36634999999999995,-12.099999999999998,59,0.32142857142857145,0.8181818181818182,0.46153846153846156,1.1170645178811411
1335,cicids2017_wed_c0,0.36587500000000006,-10.4,59,0.6,0.7714285714285715,0.675,1.187450257478642
1336,cicids2017_wed_c1,0.36539999999999995,-13.000000000000002,59,0.30303030303030304,0.9090909090909091,0.45454545454545453,1.1803328242892739
1337,cicids2017_wed_c0,0.36492500000000005,8.199999999999998,59,0.6530612244897959,0.9142857142857143,0.7619047619047618,1.1461365528897636
1338,cicids2017_tue_c0,0.36444999999999994,6.699999999999996,59,0.7142857142857143,0.8571428571428571,0.7792207792207793,1.0901128113394312
1339,cicids2017_wed_c1,0.36397500000000005,-8.4,59,0.3333333333333333,1.0,0.5,1.134217131329595
1340,cicids2017_tue_c0,0.36350000000000005,-8.400000000000002,59,0.6666666666666666,0.7428571428571429,0.7027027027027027,1.151766922787697
1341,cicids2017_wed_c0,0.36302500000000004,-8.000000000000002,59,0.5957446808510638,0.8,0.6829268292682927,1.130016372160996
1342,cicids2017_fri_c0,0.36255000000000004,-7.700000000000001,59,0.8,0.6857142857142857,0.7384615384615385,1.1098708088415323
1343,cicids2017_fri_c0,0.36207500000000004,2.799999999999996,59,0.8181818181818182,0.7714285714285715,0.7941176470588236,1.1658471454057517
1344,cicids2017_wed_c0,0.36160000000000003,3.399999999999997,59,0.6666666666666666,0.8571428571428571,0.75,1.1639527632888877
1345,cicids2017_fri_c0,0.36112500000000003,-15.600000000000001,59,0.696969696969697,0.6571428571428571,0.676470588235294,1.128242618197451
1346,cicids2017_wed_c1,0.36065,-15.200000000000005,59,0.2857142857142857,0.9090909090909091,0.43478260869565216,1.1345662760304949
1347,cicids2017_wed_c1,0.360175,-7.3000000000000025,59,0.34375,1.0,0.5116279069767442,1.1495602167100867
1348,cicids2017_wed_c0,0.3597,-6.900000000000002,59,0.6086956521739131,0.8,0.6913580246913581,1.1399669917696609
1349,cicids2017_wed_c0,0.359225,-7.100000000000001,59,0.6428571428571429,0.7714285714285715,0.7012987012987013,1.1796905093551386
1350,cicids2017_wed_c0,0.35875,-2.3000000000000003,59,0.6304347826086957,0.8285714285714286,0.7160493827160495,1.2159495561659386
1351,cicids2017_fri_c0,0.358275,1.8999999999999968,59,0.7368421052631579,0.8,0.7671232876712328,1.1074323042282013
1352,cicids2017_tue_c0,0.3578,5.399999999999997,59,0.7435897435897436,0.8285714285714286,0.7837837837837838,1.1256947052931745
1353,cicids2017_tue_c0,0.357325,-0.5000000000000004,59,0.75,0.7714285714285715,0.7605633802816902,1.1322517195466655
1354,cicids2017_wed_c1,0.35685,-11.000000000000005,59,0.3333333333333333,0.8181818181818182,0.4736842105263157,1.175743165104647
1355,cicids2017_fri_c0,0.356375,-0.6999999999999986,59,0.8125,0.7428571428571429,0.7761194029850748,1.1538921877124177
1356,cicids2017_tue_c0,0.3559,-1.5999999999999992,59,0.7297297297297297,0.7714285714285715,0.75,1.1213610273413905
1357,cicids2017_tue_c0,0.355425,-3.9999999999999996,59,0.7428571428571429,0.7428571428571429,0.7428571428571429,1.1519384764240121
1358,cicids2017_fri_c0,0.35495,5.399999999999997,59,0.7435897435897436,0.8285714285714286,0.7837837837837838,1.123058891682042
1359,cicids2017_fri_c0,0.354475,18.299999999999997,59,0.75,0.9428571428571428,0.8354430379746834,1.1167797936923909
1360,cicids2017_tue_c0,0.354,13.499999999999998,59,0.775,0.8857142857142857,0.8266666666666667,1.1213097394344038
1361,cicids2017_fri_c0,0.3535250000000001,-9.900000000000002,59,0.75,0.6857142857142857,0.7164179104477612,1.0784556465703152
1362,cicids2017_fri_c0,0.35305,-12.300000000000002,59,0.7666666666666667,0.6571428571428571,0.7076923076923077,1.1222592204878725
1363,cicids2017_tue_c0,0.3525750000000001,4.4999999999999964,59,0.6818181818181818,0.8571428571428571,0.759493670886076,1.1332113136589437
1364,cicids2017_fri_c0,0.35209999999999997,8.499999999999993,59,0.875,0.8,0.8358208955223881,1.1159169481277291
1365,cicids2017_wed_c0,0.3516250000000001,-6.9,59,0.6086956521739131,0.8,0.6913580246913581,1.2262008363764443
1366,cicids2017_fri_c0,0.35114999999999996,-15.600000000000001,59,0.696969696969697,0.6571428571428571,0.676470588235294,1.229830773553266
1367,cicids2017_tue_c0,0.35067500000000007,-4.8999999999999995,59,0.675,0.7714285714285715,0.72,1.2648810043911742
1368,cicids2017_tue_c0,0.35019999999999996,11.099999999999996,59,0.7894736842105263,0.8571428571428571,0.8219178082191781,1.2163086445628062
1369,cicids2017_wed_c1,0.34972500000000006,-8.600000000000001,59,0.3448275862068966,0.9090909090909091,0.5000000000000001,1.2361994036004862
1370,cicids2017_wed_c0,0.34924999999999995,1.2000000000000006,59,0.6382978723404256,0.8571428571428571,0.7317073170731707,1.2334853898640936
1371,cicids2017_wed_c1,0.34877500000000006,-6.400000000000006,59,0.37037037037037035,0.9090909090909091,0.5263157894736842,1.1612186638459692
1372,cicids2017_tue_c0,0.34829999999999994,-11.700000000000001,59,0.6190476190476191,0.7428571428571429,0.6753246753246753,1.1206011856170541
1373,cicids2017_tue_c0,0.34782500000000005,-0.5000000000000014,59,0.75,0.7714285714285715,0.7605633802816902,1.1132631992526931
1374,cicids2017_tue_c0,0.34734999999999994,2.0999999999999988,59,0.6904761904761905,0.8285714285714286,0.7532467532467533,1.0707433214383957
1375,cicids2017_wed_c1,0.34687500000000004,-16.3,59,0.2777777777777778,0.9090909090909091,0.4255319148936171,1.1308209193980867
1376,cicids2017_wed_c1,0.34640000000000004,-24.19999999999999,59,0.23076923076923078,0.8181818181818182,0.36000000000000004,1.1251514182055808
1377,cicids2017_wed_c1,0.34592500000000004,-18.299999999999997,59,0.2619047619047619,1.0,0.41509433962264153,1.1854557732704674
1378,cicids2017_wed_c1,0.34545000000000003,-15.400000000000002,59,0.2903225806451613,0.8181818181818182,0.4285714285714286,1.1606086182455102
1379,cicids2017_wed_c0,0.34497500000000003,-8.200000000000001,59,0.627906976744186,0.7714285714285715,0.6923076923076923,1.2335576594060207
1380,cicids2017_wed_c0,0.34450000000000003,-5.799999999999999,59,0.6222222222222222,0.8,0.7000000000000001,1.2731321701942282
1381,cicids2017_wed_c1,0.344025,-19.6,59,0.2564102564102564,0.9090909090909091,0.3999999999999999,1.262634428981659
1382,cicids2017_tue_c0,0.34355000000000013,-6.0,59,0.6585365853658537,0.7714285714285715,0.7105263157894737,1.1673123904276979
1383,cicids2017_tue_c0,0.343075,7.799999999999999,59,0.7317073170731707,0.8571428571428571,0.7894736842105263,1.172241710796385
1384,cicids2017_wed_c1,0.3426000000000001,-19.799999999999997,59,0.2571428571428571,0.8181818181818182,0.39130434782608686,1.1638374352427285
1385,cicids2017_tue_c0,0.342125,1.5000000000000009,59,0.8666666666666667,0.7428571428571429,0.8,1.1222483019224607
1386,cicids2017_fri_c0,0.3416500000000001,-6.200000000000003,59,0.7027027027027027,0.7428571428571429,0.7222222222222223,1.1179950080693692
1387,cicids2017_wed_c0,0.341175,13.699999999999996,59,0.7272727272727273,0.9142857142857143,0.810126582278481,1.1294968207658633
1388,cicids2017_tue_c0,0.3407000000000001,8.5,59,0.875,0.8,0.8358208955223881,1.138478208368406
1389,cicids2017_wed_c1,0.340225,-24.0,59,0.23255813953488372,0.9090909090909091,0.3703703703703703,1.0840695876850504
1390,cicids2017_wed_c1,0.3397500000000001,-25.299999999999997,59,0.225,0.8181818181818182,0.35294117647058826,1.1098178382996464
1391,cicids2017_tue_c0,0.339275,4.099999999999995,59,0.7777777777777778,0.8,0.7887323943661971,1.120174067456295
1392,cicids2017_wed_c0,0.3388000000000001,-15.200000000000003,59,0.6097560975609756,0.7142857142857143,0.6578947368421052,1.1460511944174219
1393,cicids2017_wed_c1,0.338325,-23.099999999999994,59,0.23684210526315788,0.8181818181818182,0.3673469387755102,1.1265166702172011
1394,cicids2017_wed_c0,0.3378500000000001,-15.000000000000002,59,0.5777777777777777,0.7428571428571429,0.65,1.155433423004423
1395,cicids2017_fri_c0,0.337375,0.7999999999999989,59,0.717948717948718,0.8,0.7567567567567569,1.130817056907958
1396,cicids2017_wed_c0,0.3369000000000001,1.1999999999999993,59,0.6382978723404256,0.8571428571428571,0.7317073170731707,1.1535429804022772
1397,cicids2017_wed_c0,0.336425,-2.499999999999999,59,0.6666666666666666,0.8,0.7272727272727272,1.1541136221078205
1398,cicids2017_wed_c0,0.3359500000000001,6.899999999999997,59,0.6739130434782609,0.8857142857142857,0.7654320987654321,1.1360342110225843
1399,cicids2017_fri_c0,0.33547499999999997,14.399999999999997,59,0.8571428571428571,0.8571428571428571,0.8571428571428571,1.1941349420828549
1400,cicids2017_tue_c0,0.3350000000000001,-2.900000000000002,59,0.7647058823529411,0.7428571428571429,0.7536231884057971,1.211516603403962
1401,cicids2017_wed_c1,0.3345250000000001,-21.1,59,0.25,0.7272727272727273,0.37209302325581395,1.22002265369334
1402,cicids2017_fri_c0,0.33405000000000007,8.7,59,0.8055555555555556,0.8285714285714286,0.8169014084507044,1.11308394058777
1403,cicids2017_tue_c0,0.33357500000000007,12.600000000000012,59,0.7111111111111111,0.9142857142857143,0.8,1.1731054300753165
1404,cicids2017_tue_c0,0.33310000000000006,8.899999999999995,59,0.75,0.8571428571428571,0.7999999999999999,1.1441839890686114
1405,cicids2017_fri_c0,0.33262500000000006,2.0999999999999983,59,0.6904761904761905,0.8285714285714286,0.7532467532467533,1.138796994400025
1406,cicids2017_fri_c0,0.33215000000000006,12.199999999999998,59,0.8108108108108109,0.8571428571428571,0.8333333333333334,1.1403167238204286
1407,cicids2017_tue_c0,0.33167500000000005,-5.100000000000001,59,0.7222222222222222,0.7428571428571429,0.732394366197183,1.1157770225866104
1408,cicids2017_wed_c1,0.33120000000000005,-17.799999999999997,59,0.27586206896551724,0.7272727272727273,0.4,1.1225519495689356
1409,cicids2017_fri_c0,0.33072500000000005,6.4999999999999964,59,0.7631578947368421,0.8285714285714286,0.7945205479452055,1.1805399592167056
1410,cicids2017_tue_c0,0.33025000000000004,6.299999999999995,59,0.8235294117647058,0.8,0.8115942028985507,1.116807262498112
1411,cicids2017_fri_c0,0.32977500000000004,7.799999999999997,59,0.7317073170731707,0.8571428571428571,0.7894736842105263,1.1221865745908264
1412,cicids2017_wed_c0,0.32930000000000004,-3.6000000000000014,59,0.6511627906976745,0.8,0.7179487179487181,1.1228255669592502
1413,cicids2017_tue_c0,0.32882500000000003,-1.5999999999999992,59,0.7297297297297297,0.7714285714285715,0.75,1.153811801909011
1414,cicids2017_wed_c1,0.32835000000000003,-13.000000000000004,59,0.30303030303030304,0.9090909090909091,0.45454545454545453,1.1221091426247385
1415,cicids2017_wed_c0,0.327875,-10.2,59,0.5714285714285714,0.8,0.6666666666666666,1.1253469792779378
1416,cicids2017_wed_c1,0.3274,-34.49999999999999,59,0.175,0.6363636363636364,0.27450980392156865,1.1367064914971614
1417,cicids2017_wed_c0,0.326925,-2.3000000000000007,59,0.6304347826086957,0.8285714285714286,0.7160493827160495,1.1431148983083008
1418,cicids2017_tue_c0,0.32645,10.000000000000004,59,0.7692307692307693,0.8571428571428571,0.8108108108108107,1.127134143675013
1419,cicids2017_wed_c1,0.325975,-25.499999999999993,59,0.2222222222222222,0.7272727272727273,0.3404255319148936,1.1344894936412098
1420,cicids2017_tue_c0,0.3255,2.999999999999997,59,0.7567567567567568,0.8,0.7777777777777778,1.1294341430223307
1421,cicids2017_wed_c1,0.325025,-16.699999999999996,59,0.2857142857142857,0.7272727272727273,0.4102564102564102,1.136000959712513
1422,cicids2017_wed_c1,0.3245500000000001,-15.200000000000006,59,0.2857142857142857,0.9090909090909091,0.43478260869565216,1.1427252644580075
1423,cicids2017_wed_c0,0.324075,8.199999999999998,59,0.6530612244897959,0.9142857142857143,0.7619047619047618,1.1278811497622394
1424,cicids2017_wed_c0,0.3236000000000001,-10.600000000000001,59,0.6341463414634146,0.7428571428571429,0.6842105263157895,1.163101185153121
1425,cicids2017_tue_c0,0.323125,28.40000000000001,59,0.8717948717948718,0.9714285714285714,0.9189189189189189,1.0919715258296288
1426,cicids2017_wed_c1,0.3226500000000001,-24.199999999999992,59,0.23076923076923078,0.8181818181818182,0.36000000000000004,1.159692217309885
1427,cicids2017_wed_c0,0.322175,-0.9999999999999997,59,0.6122448979591837,0.8571428571428571,0.7142857142857143,1.136617663696524
1428,cicids2017_wed_c1,0.3217000000000001,-11.700000000000001,59,0.3055555555555556,1.0,0.46808510638297873,1.1600818843304246
1429,cicids2017_tue_c0,0.321225,18.30000000000001,59,0.75,0.9428571428571428,0.8354430379746834,1.1261926595140965
1430,cicids2017_wed_c1,0.3207500000000001,-11.900000000000006,59,0.3125,0.9090909090909091,0.4651162790697674,1.1374176795050834
1431,cicids2017_tue_c0,0.320275,22.900000000000013,59,0.7727272727272727,0.9714285714285714,0.8607594936708862,1.1413276220234791
1432,cicids2017_fri_c0,0.3198000000000001,7.599999999999996,59,0.7837837837837838,0.8285714285714286,0.8055555555555555,1.166473050064425
1433,cicids2017_fri_c0,0.31932499999999997,8.899999999999997,59,0.75,0.8571428571428571,0.7999999999999999,1.2378844289932676
1434,cicids2017_wed_c0,0.3188500000000001,-1.0000000000000013,59,0.6122448979591837,0.8571428571428571,0.7142857142857143,1.2127666950970595
1435,cicids2017_tue_c0,0.31837499999999996,11.999999999999998,59,0.8787878787878788,0.8285714285714286,0.8529411764705883,1.2631781751411097
1436,cicids2017_fri_c0,0.31790000000000007,4.999999999999998,59,0.8709677419354839,0.7714285714285715,0.8181818181818182,1.1839262897744047
1437,cicids2017_tue_c0,0.31742499999999996,-0.5000000000000013,59,0.75,0.7714285714285715,0.7605633802816902,1.2067746642013784
1438,cicids2017_wed_c0,0.31695000000000007,5.799999999999997,59,0.6595744680851063,0.8857142857142857,0.7560975609756098,1.1607181602709538
1439,cicids2017_tue_c0,0.31647499999999995,6.4999999999999964,59,0.7631578947368421,0.8285714285714286,0.7945205479452055,1.1682530306197678
1440,cicids2017_wed_c1,0.31600000000000006,-15.400000000000006,59,0.2903225806451613,0.8181818181818182,0.4285714285714286,1.191555316707779
1441,cicids2017_wed_c1,0.31552500000000006,-16.500000000000007,59,0.28125,0.8181818181818182,0.41860465116279066,1.244353293830487
1442,cicids2017_wed_c0,0.31505000000000005,9.299999999999997,59,0.6666666666666666,0.9142857142857143,0.7710843373493975,1.1405423413108453
1443,cicids2017_wed_c1,0.31457500000000005,-13.200000000000005,59,0.3103448275862069,0.8181818181818182,0.45000000000000007,1.1576313904500886
1444,cicids2017_tue_c0,0.31410000000000005,1.6999999999999975,59,0.7941176470588235,0.7714285714285715,0.782608695652174,1.19870244346785
1445,cicids2017_fri_c0,0.31362500000000004,-7.700000000000005,59,0.8,0.6857142857142857,0.7384615384615385,1.1688483682631858
1446,cicids2017_fri_c0,0.31315000000000004,-7.700000000000001,59,0.8,0.6857142857142857,0.7384615384615385,1.1989055753454538
1447,cicids2017_wed_c1,0.31267500000000004,-15.200000000000003,59,0.2857142857142857,0.9090909090909091,0.43478260869565216,1.1179587369954522
1448,cicids2017_wed_c1,0.31220000000000003,-17.800000000000004,59,0.27586206896551724,0.7272727272727273,0.4,1.1589235785400904
1449,cicids2017_wed_c0,0.31172500000000003,10.399999999999997,59,0.6808510638297872,0.9142857142857143,0.7804878048780487,1.1764472218765547
1450,cicids2017_fri_c0,0.31125,4.099999999999994,59,0.7777777777777778,0.8,0.7887323943661971,1.2034981755450087
1451,cicids2017_tue_c0,0.310775,4.299999999999999,59,0.725,0.8285714285714286,0.7733333333333333,1.2574927461951197
1452,cicids2017_fri_c0,0.3103,-32.0,59,0.6666666666666666,0.5142857142857142,0.5806451612903226,1.2320330599248797
1453,cicids2017_fri_c0,0.309825,-9.900000000000002,59,0.75,0.6857142857142857,0.7164179104477612,1.2175144831755165
1454,cicids2017_fri_c0,0.30935,2.999999999999997,59,0.7567567567567568,0.8,0.7777777777777778,1.2553714753286458
1455,cicids2017_wed_c0,0.308875,1.1999999999999988,59,0.6382978723404256,0.8571428571428571,0.7317073170731707,1.2275981505201339
1456,cicids2017_fri_c0,0.3084,-5.1,59,0.7222222222222222,0.7428571428571429,0.732394366197183,1.2260080652245267
1457,cicids2017_wed_c1,0.307925,-9.700000000000005,59,0.3333333333333333,0.9090909090909091,0.4878048780487804,1.158286970020802
1458,cicids2017_tue_c0,0.30745,16.099999999999998,59,0.717391304347826,0.9428571428571428,0.8148148148148148,1.2562446406131251
1459,cicids2017_tue_c0,0.306975,13.500000000000002,59,0.775,0.8857142857142857,0.8266666666666667,1.225878029746364
1460,cicids2017_wed_c0,0.3065,13.699999999999998,59,0.7272727272727273,0.9142857142857143,0.810126582278481,1.2061079565345791
1461,cicids2017_wed_c1,0.306025,-15.200000000000005,59,0.2857142857142857,0.9090909090909091,0.43478260869565216,1.2313518232859382
1462,cicids2017_tue_c0,0.3055500000000001,2.9999999999999964,59,0.7567567567567568,0.8,0.7777777777777778,1.179837240692798
1463,cicids2017_fri_c0,0.305075,8.899999999999997,59,0.75,0.8571428571428571,0.7999999999999999,1.159866587971945
1464,cicids2017_fri_c0,0.3046000000000001,1.1999999999999997,59,0.6382978723404256,0.8571428571428571,0.7317073170731707,1.166062770145386
1465,cicids2017_wed_c1,0.304125,-15.4,59,0.2903225806451613,0.8181818181818182,0.4285714285714286,1.17540537696775
1466,cicids2017_fri_c0,0.3036500000000001,2.999999999999996,59,0.7567567567567568,0.8,0.7777777777777778,1.2028548167130708
1467,cicids2017_wed_c0,0.303175,-9.3,59,0.6136363636363636,0.7714285714285715,0.6835443037974683,1.1262952704267783
1468,cicids2017_tue_c0,0.3027000000000001,4.099999999999997,59,0.7777777777777778,0.8,0.7887323943661971,1.0909837342650825
1469,cicids2017_wed_c1,0.30222499999999997,-21.99999999999999,59,0.24324324324324326,0.8181818181818182,0.375,1.1194837245104265
1470,cicids2017_fri_c0,0.3017500000000001,-12.299999999999999,59,0.7666666666666667,0.6571428571428571,0.7076923076923077,1.142256248397542
1471,cicids2017_wed_c1,0.30127499999999996,-20.699999999999996,59,0.25,0.9090909090909091,0.392156862745098,1.168925615723067
1472,cicids2017_wed_c0,0.30080000000000007,-6.700000000000001,59,0.58,0.8285714285714286,0.6823529411764706,1.1322230580165786
1473,cicids2017_tue_c0,0.30032499999999995,8.899999999999997,59,0.75,0.8571428571428571,0.7999999999999999,1.0926260160673706
1474,cicids2017_fri_c0,0.29985000000000006,18.299999999999997,59,0.75,0.9428571428571428,0.8354430379746834,1.2095067094756866
1475,cicids2017_wed_c1,0.29937499999999995,-18.299999999999997,59,0.2619047619047619,1.0,0.41509433962264153,1.1862126231434162
1476,cicids2017_tue_c0,0.29890000000000005,1.8999999999999977,59,0.7368421052631579,0.8,0.7671232876712328,1.1141528063265342
1477,cicids2017_tue_c0,0.29842499999999994,-7.3,59,0.6842105263157895,0.7428571428571429,0.7123287671232877,1.1729627430243503
1478,cicids2017_tue_c0,0.29795000000000005,-8.800000000000004,59,0.7741935483870968,0.6857142857142857,0.7272727272727272,1.1806712006479665
1479,cicids2017_fri_c0,0.29747499999999993,3.0,59,0.7567567567567568,0.8,0.7777777777777778,1.1494670089623813
1480,cicids2017_tue_c0,0.29700000000000004,7.599999999999996,59,0.7837837837837838,0.8285714285714286,0.8055555555555555,1.1782588400338498
1481,cicids2017_fri_c0,0.29652500000000004,6.4999999999999964,59,0.7631578947368421,0.8285714285714286,0.7945205479452055,1.210422206883398
1482,cicids2017_fri_c0,0.29605000000000004,12.199999999999998,59,0.8108108108108109,0.8571428571428571,0.8333333333333334,1.2049962086791186
1483,cicids2017_tue_c0,0.29557500000000003,8.899999999999999,59,0.75,0.8571428571428571,0.7999999999999999,1.2062577031208357
1484,cicids2017_fri_c0,0.29510000000000003,-6.199999999999999,59,0.7027027027027027,0.7428571428571429,0.7222222222222223,1.289241721753938
1485,cicids2017_tue_c0,0.294625,8.7,59,0.8055555555555556,0.8285714285714286,0.8169014084507044,1.188881776497736
1486,cicids2017_wed_c1,0.29415,-8.800000000000002,59,0.36,0.8181818181818182,0.5,1.1897660445466964
1487,cicids2017_fri_c0,0.293675,13.099999999999996,59,0.90625,0.8285714285714286,0.8656716417910447,1.1610668889701172
1488,cicids2017_fri_c0,0.2932,9.999999999999993,59,0.7692307692307693,0.8571428571428571,0.8108108108108107,1.1542268397532456
1489,cicids2017_fri_c0,0.292725,-5.300000000000006,59,0.78125,0.7142857142857143,0.7462686567164178,1.214861824922459
1490,cicids2017_wed_c0,0.29225,2.3,59,0.6521739130434783,0.8571428571428571,0.7407407407407407,1.1733950435074723
1491,cicids2017_tue_c0,0.291775,-0.699999999999998,59,0.8125,0.7428571428571429,0.7761194029850748,1.1363744404101717
1492,cicids2017_tue_c0,0.2913,-14.500000000000004,59,0.71875,0.6571428571428571,0.6865671641791045,1.1409884218664403
1493,cicids2017_fri_c0,0.290825,15.699999999999998,59,0.8157894736842105,0.8857142857142857,0.8493150684931505,1.1751191961408114
1494,cicids2017_tue_c0,0.29035,4.099999999999999,59,0.7777777777777778,0.8,0.7887323943661971,1.1034620527228964
1495,cicids2017_tue_c0,0.289875,11.5,59,0.6956521739130435,0.9142857142857143,0.7901234567901234,1.161791058659947
1496,cicids2017_tue_c0,0.2894,7.599999999999996,59,0.7837837837837838,0.8285714285714286,0.8055555555555555,1.2278039154501477
1497,cicids2017_wed_c0,0.288925,1.4000000000000004,59,0.6078431372549019,0.8857142857142857,0.7209302325581395,1.2879935593642016
1498,cicids2017_wed_c1,0.28845,-17.6,59,0.2727272727272727,0.8181818181818182,0.4090909090909091,1.218809901361169
1499,cicids2017_tue_c0,0.287975,14.599999999999996,59,0.7948717948717948,0.8857142857142857,0.8378378378378378,1.2662914720021325
1500,cicids2017_wed_c1,0.2875000000000001,-26.799999999999997,59,0.21212121212121213,0.6363636363636364,0.3181818181818182,1.1932652849440655
1501,cicids2017_wed_c0,0.2870250000000001,8.200000000000001,59,0.6530612244897959,0.9142857142857143,0.7619047619047618,1.1911866849947643
1502,cicids2017_tue_c0,0.2865500000000001,11.499999999999996,59,0.6956521739130435,0.9142857142857143,0.7901234567901234,1.201267616079898
1503,cicids2017_fri_c0,0.2860750000000001,20.5,59,0.7857142857142857,0.9428571428571428,0.8571428571428571,1.176252390910089
1504,cicids2017_tue_c0,0.2856000000000001,4.1,59,0.7777777777777778,0.8,0.7887323943661971,1.146257975463473
1505,cicids2017_wed_c0,0.2851250000000001,-5.6,59,0.5918367346938775,0.8285714285714286,0.6904761904761905,1.117084567167035
1506,cicids2017_fri_c0,0.28465000000000007,13.499999999999998,59,0.775,0.8857142857142857,0.8266666666666667,1.1635431788516468
1507,cicids2017_wed_c1,0.28417500000000007,-15.4,59,0.2903225806451613,0.8181818181818182,0.4285714285714286,1.1702828301780956
1508,cicids2017_tue_c0,0.28370000000000006,-0.5000000000000004,59,0.75,0.7714285714285715,0.7605633802816902,1.176835357677992
1509,cicids2017_wed_c1,0.28322500000000006,-23.29999999999999,59,0.23529411764705882,0.7272727272727273,0.3555555555555555,1.2291774932653607
1510,cicids2017_wed_c0,0.28275000000000006,-5.800000000000001,59,0.6222222222222222,0.8,0.7000000000000001,1.1786868012196352
1511,cicids2017_tue_c0,0.28227500000000005,-0.3000000000000025,59,0.7,0.8,0.7466666666666666,1.163929663171809
1512,cicids2017_fri_c0,0.28180000000000005,23.800000000000008,59,0.8461538461538461,0.9428571428571428,0.8918918918918919,1.2059805736571942
1513,cicids2017_wed_c0,0.28132500000000005,7.099999999999998,59,0.64,0.9142857142857143,0.7529411764705883,1.2075246649623192
1514,cicids2017_tue_c0,0.28085000000000004,13.499999999999996,59,0.775,0.8857142857142857,0.8266666666666667,1.129508543647074
1515,cicids2017_fri_c0,0.28037500000000004,7.599999999999996,59,0.7837837837837838,0.8285714285714286,0.8055555555555555,1.1115574879113017
1516,cicids2017_wed_c1,0.27990000000000004,-13.000000000000005,59,0.30303030303030304,0.9090909090909091,0.45454545454545453,1.206015816291814
1517,cicids2017_tue_c0,0.27942500000000003,-1.600000000000001,59,0.7297297297297297,0.7714285714285715,0.75,1.1808737319051568
1518,cicids2017_fri_c0,0.27895000000000003,4.099999999999994,59,0.7777777777777778,0.8,0.7887323943661971,1.170845871447488
1519,cicids2017_tue_c0,0.27847500000000003,1.899999999999999,59,0.7368421052631579,0.8,0.7671232876712328,1.2131534898384453
1520,cicids2017_tue_c0,0.278,10.899999999999999,59,0.8529411764705882,0.8285714285714286,0.8405797101449276,1.1869837170736839
1521,cicids2017_wed_c1,0.27752500000000013,-16.1,59,0.275,1.0,0.4313725490196079,1.1907015971778303
1522,cicids2017_wed_c0,0.27705,10.599999999999998,59,0.6470588235294118,0.9428571428571428,0.7674418604651163,1.1821060499733518
1523,cicids2017_fri_c0,0.2765750000000001,0.399999999999995,59,0.8387096774193549,0.7428571428571429,0.787878787878788,1.1633829505387294
1524,cicids2017_fri_c0,0.2761,-7.5,59,0.7352941176470589,0.7142857142857143,0.7246376811594202,1.152462192088661
1525,cicids2017_wed_c0,0.2756250000000001,3.3999999999999972,59,0.6666666666666666,0.8571428571428571,0.75,1.0706643410794066
1526,cicids2017_fri_c0,0.27515,15.900000000000006,59,0.7619047619047619,0.9142857142857143,0.8311688311688312,1.223977623721866
1527,cicids2017_tue_c0,0.2746750000000001,7.399999999999997,59,0.8484848484848485,0.8,0.823529411764706,1.167252636164076
1528,cicids2017_fri_c0,0.2742,2.9999999999999987,59,0.7567567567567568,0.8,0.7777777777777778,1.1711637746360821
1529,cicids2017_fri_c0,0.2737250000000001,3.1999999999999975,59,0.7073170731707317,0.8285714285714286,0.7631578947368421,1.1593963792309807
1530,cicids2017_wed_c1,0.27325,-16.300000000000004,59,0.2777777777777778,0.9090909090909091,0.4255319148936171,1.1718865108139038
1531,cicids2017_fri_c0,0.2727750000000001,18.299999999999997,59,0.75,0.9428571428571428,0.8354430379746834,1.0409102308447276
1532,cicids2017_fri_c0,0.2723,6.300000000000001,59,0.8235294117647058,0.8,0.8115942028985507,1.1105752559418474
1533,cicids2017_wed_c1,0.2718250000000001,-17.6,59,0.2727272727272727,0.8181818181818182,0.4090909090909091,1.132291796781159
1534,cicids2017_fri_c0,0.27135,3.9000000000000044,59,0.84375,0.7714285714285715,0.8059701492537314,1.1419533531283097
1535,cicids2017_wed_c1,0.2708750000000001,-15.400000000000004,59,0.2903225806451613,0.8181818181818182,0.4285714285714286,1.1216895400540454
1536,cicids2017_fri_c0,0.2704,0.7999999999999972,59,0.717948717948718,0.8,0.7567567567567569,1.10733252409646
1537,cicids2017_fri_c0,0.2699250000000001,0.9999999999999982,59,0.6744186046511628,0.8285714285714286,0.7435897435897435,1.1343039795155732
1538,cicids2017_fri_c0,0.26944999999999997,26.400000000000006,59,0.7777777777777778,1.0,0.8750000000000001,1.1830890317079874
1539,cicids2017_wed_c0,0.2689750000000001,12.999999999999998,59,0.6415094339622641,0.9714285714285714,0.7727272727272727,1.150188344695584
1540,cicids2017_wed_c0,0.26850000000000007,0.10000000000000009,59,0.625,0.8571428571428571,0.7228915662650602,1.1850078341263899
1541,cicids2017_tue_c0,0.26802500000000007,10.399999999999999,59,0.6808510638297872,0.9142857142857143,0.7804878048780487,1.2069427086358369
1542,cicids2017_fri_c0,0.26755000000000007,20.10000000000001,59,0.9117647058823529,0.8857142857142857,0.8985507246376812,1.2309497919696755
1543,cicids2017_fri_c0,0.26707500000000006,1.700000000000001,59,0.7941176470588235,0.7714285714285715,0.782608695652174,1.1771635161034302
1544,cicids2017_wed_c0,0.26660000000000006,-5.800000000000001,59,0.6222222222222222,0.8,0.7000000000000001,1.1470351465842208
1545,cicids2017_fri_c0,0.26612500000000006,11.999999999999993,59,0.8787878787878788,0.8285714285714286,0.8529411764705883,1.123113480098321
1546,cicids2017_wed_c0,0.26565000000000005,1.5999999999999996,59,0.5818181818181818,0.9142857142857143,0.7111111111111111,1.0950314475602794
1547,cicids2017_wed_c0,0.26517500000000005,7.099999999999998,59,0.64,0.9142857142857143,0.7529411764705883,1.1252097942670014
1548,cicids2017_wed_c1,0.26470000000000005,-14.099999999999998,59,0.29411764705882354,0.9090909090909091,0.4444444444444445,1.1391250810761095
1549,cicids2017_tue_c0,0.26422500000000004,3.1999999999999984,59,0.7073170731707317,0.8285714285714286,0.7631578947368421,1.2040979152244684
1550,cicids2017_fri_c0,0.26375000000000004,-10.799999999999999,59,0.6756756756756757,0.7142857142857143,0.6944444444444444,1.1773340571385826
1551,cicids2017_tue_c0,0.26327500000000004,-7.700000000000004,59,0.8,0.6857142857142857,0.7384615384615385,1.1268417144627974
1552,cicids2017_wed_c1,0.26280000000000003,-7.500000000000001,59,0.35714285714285715,0.9090909090909091,0.5128205128205129,1.1677791432544966
1553,cicids2017_wed_c0,0.26232500000000003,2.3,59,0.6521739130434783,0.8571428571428571,0.7407407407407407,1.1596126225240526
1554,cicids2017_wed_c0,0.26185,0.09999999999999867,59,0.625,0.8571428571428571,0.7228915662650602,1.1750360568471712
1555,cicids2017_tue_c0,0.261375,17.000000000000014,59,0.7804878048780488,0.9142857142857143,0.8421052631578947,1.1138185644386085
1556,cicids2017_fri_c0,0.2609,-3.9999999999999996,59,0.7428571428571429,0.7428571428571429,0.7428571428571429,1.1947017734372964
1557,cicids2017_wed_c1,0.260425,-25.699999999999992,59,0.21875,0.6363636363636364,0.3255813953488372,1.1441314010566317
1558,cicids2017_wed_c1,0.25995,-3.1000000000000045,59,0.4166666666666667,0.9090909090909091,0.5714285714285715,1.158215738371896
1559,cicids2017_wed_c1,0.259475,-6.200000000000001,59,0.3548387096774194,1.0,0.5238095238095238,1.1661271673117348
1560,cicids2017_wed_c1,0.259,-14.3,59,0.3,0.8181818181818182,0.43902439024390244,1.1499487917862032
1561,cicids2017_tue_c0,0.2585250000000001,13.300000000000002,59,0.8333333333333334,0.8571428571428571,0.8450704225352113,1.1956895672833083
1562,cicids2017_tue_c0,0.25805,17.000000000000004,59,0.7804878048780488,0.9142857142857143,0.8421052631578947,1.1704410146945556
1563,cicids2017_fri_c0,0.2575750000000001,-6.0,59,0.6585365853658537,0.7714285714285715,0.7105263157894737,1.1385244438012472
1564,cicids2017_wed_c1,0.2571,-33.399999999999984,59,0.1794871794871795,0.6363636363636364,0.28,1.1111691727782298
1565,cicids2017_wed_c0,0.2566250000000001,4.6999999999999975,59,0.6458333333333334,0.8857142857142857,0.7469879518072288,1.1116972631859199
1566,cicids2017_tue_c0,0.25615,18.10000000000001,59,0.8,0.9142857142857143,0.8533333333333333,1.0857192784532743
1567,cicids2017_wed_c1,0.2556750000000001,-12.8,59,0.2972972972972973,1.0,0.4583333333333333,1.135209022882921
1568,cicids2017_wed_c0,0.2552,10.6,59,0.6470588235294118,0.9428571428571428,0.7674418604651163,1.155829952766125
1569,cicids2017_wed_c1,0.2547250000000001,-11.900000000000006,59,0.3125,0.9090909090909091,0.4651162790697674,1.1478438780509006
1570,cicids2017_wed_c1,0.25425,-22.19999999999998,59,0.24242424242424243,0.7272727272727273,0.36363636363636365,1.1445469846302967
1571,cicids2017_fri_c0,0.2537750000000001,9.999999999999996,59,0.7692307692307693,0.8571428571428571,0.8108108108108107,1.1309720275662392
1572,cicids2017_tue_c0,0.25329999999999997,17.199999999999996,59,0.7333333333333333,0.9428571428571428,0.8250000000000001,1.0619002498230408
1573,cicids2017_wed_c0,0.2528250000000001,-10.4,59,0.6,0.7714285714285715,0.675,1.0778939825472953
1574,cicids2017_wed_c1,0.25234999999999996,-21.999999999999993,59,0.24324324324324326,0.8181818181818182,0.375,1.110811485786436
1575,cicids2017_fri_c0,0.25187500000000007,-5.299999999999999,59,0.78125,0.7142857142857143,0.7462686567164178,1.0792590495993215
1576,cicids2017_tue_c0,0.25139999999999996,9.1,59,0.7045454545454546,0.8857142857142857,0.7848101265822784,1.121274903748299
1577,cicids2017_wed_c0,0.25092500000000006,4.899999999999999,59,0.6153846153846154,0.9142857142857143,0.7356321839080461,1.121770591434926
1578,cicids2017_wed_c1,0.25044999999999995,-26.599999999999987,59,0.21621621621621623,0.7272727272727273,0.33333333333333337,1.112612326484406
1579,cicids2017_fri_c0,0.24997500000000006,6.299999999999994,59,0.8235294117647058,0.8,0.8115942028985507,1.1497730671176765
1580,cicids2017_wed_c0,0.24950000000000006,-3.4000000000000012,59,0.6170212765957447,0.8285714285714286,0.7073170731707318,1.1504812558346782
1581,cicids2017_tue_c0,0.24902500000000005,3.199999999999998,59,0.7073170731707317,0.8285714285714286,0.7631578947368421,1.1252056902724763
1582,cicids2017_fri_c0,0.24855000000000005,-5.100000000000003,59,0.7222222222222222,0.7428571428571429,0.732394366197183,1.1290281626929701
1583,cicids2017_wed_c0,0.24807500000000005,4.899999999999999,59,0.6153846153846154,0.9142857142857143,0.7356321839080461,1.103580894904634
1584,cicids2017_tue_c0,0.24760000000000004,-0.5000000000000018,59,0.75,0.7714285714285715,0.7605633802816902,1.132235637152899
1585,cicids2017_wed_c0,0.24712500000000004,2.499999999999999,59,0.62,0.8857142857142857,0.7294117647058823,1.0657168461869402
1586,cicids2017_tue_c0,0.24665000000000004,0.8000000000000008,59,0.717948717948718,0.8,0.7567567567567569,1.0761053390401305
1587,cicids2017_wed_c1,0.24617500000000003,-9.700000000000006,59,0.3333333333333333,0.9090909090909091,0.4878048780487804,1.04325203851209
1588,cicids2017_fri_c0,0.24570000000000003,13.500000000000004,59,0.775,0.8857142857142857,0.8266666666666667,1.0597284041463033
1589,cicids2017_wed_c1,0.24522500000000003,-25.699999999999992,59,0.21875,0.6363636363636364,0.3255813953488372,1.0987152197656738
1590,cicids2017_fri_c0,0.24475000000000002,-0.29999999999999927,59,0.7,0.8,0.7466666666666666,1.0826875258227793
1591,cicids2017_wed_c0,0.24427500000000002,3.399999999999997,59,0.6666666666666666,0.8571428571428571,0.75,1.0957559869662874
1592,cicids2017_tue_c0,0.24380000000000002,9.099999999999996,59,0.7045454545454546,0.8857142857142857,0.7848101265822784,1.1318761278164355
1593,cicids2017_tue_c0,0.243325,5.199999999999996,59,0.8,0.8,0.8000000000000002,1.1250356717539916
1594,cicids2017_fri_c0,0.24285,12.199999999999998,59,0.8108108108108109,0.8571428571428571,0.8333333333333334,1.1221395418485138
1595,cicids2017_wed_c0,0.242375,4.6999999999999975,59,0.6458333333333334,0.8857142857142857,0.7469879518072288,1.1402101715290653
1596,cicids2017_fri_c0,0.2419,13.699999999999996,59,0.7272727272727273,0.9142857142857143,0.810126582278481,1.177385125854326
1597,cicids2017_wed_c0,0.241425,-1.0,59,0.6122448979591837,0.8571428571428571,0.7142857142857143,1.1608379394651864
1598,cicids2017_wed_c0,0.24095,12.800000000000004,59,0.673469387755102,0.9428571428571428,0.7857142857142857,1.1515704788014223
1599,cicids2017_wed_c1,0.240475,-11.900000000000002,59,0.3125,0.9090909090909091,0.4651162790697674,1.1767466846540744
1600,cicids2017_wed_c0,0.24,1.4000000000000004,59,0.6078431372549019,0.8857142857142857,0.7209302325581395,1.1652774002936592
1601,cicids2017_tue_c0,0.2395250000000001,20.5,59,0.7857142857142857,0.9428571428571428,0.8571428571428571,1.1246684638452136
1602,cicids2017_wed_c0,0.23904999999999998,-17.199999999999996,59,0.5531914893617021,0.7428571428571429,0.6341463414634146,1.2422903263069338
1603,cicids2017_wed_c1,0.2385750000000001,-21.999999999999993,59,0.24324324324324326,0.8181818181818182,0.375,1.1404815673096382
1604,cicids2017_tue_c0,0.23809999999999998,18.1,59,0.8,0.9142857142857143,0.8533333333333333,1.1682259772861816
1605,cicids2017_fri_c0,0.2376250000000001,13.499999999999995,59,0.775,0.8857142857142857,0.8266666666666667,1.2137829805806941
1606,cicids2017_wed_c1,0.23714999999999997,-21.1,59,0.25,0.7272727272727273,0.37209302325581395,1.2282795077961735
1607,cicids2017_fri_c0,0.23667500000000008,25.1,59,0.8095238095238095,0.9714285714285714,0.8831168831168832,1.1576113900405014
1608,cicids2017_wed_c0,0.23619999999999997,-12.800000000000002,59,0.6046511627906976,0.7428571428571429,0.6666666666666666,1.1826667953396799
1609,cicids2017_fri_c0,0.23572500000000007,-4.900000000000002,59,0.675,0.7714285714285715,0.72,1.1736425801316324
1610,cicids2017_fri_c0,0.23524999999999996,-11.000000000000002,59,0.7272727272727273,0.6857142857142857,0.7058823529411764,1.1105778131196462
1611,cicids2017_wed_c1,0.23477500000000007,-4.000000000000002,59,0.3793103448275862,1.0,0.5499999999999999,1.1725649060116927
1612,cicids2017_fri_c0,0.23429999999999995,22.5,59,0.8888888888888888,0.9142857142857143,0.9014084507042254,1.1349697908047471
1613,cicids2017_wed_c0,0.23382500000000006,1.4000000000000008,59,0.6078431372549019,0.8857142857142857,0.7209302325581395,1.1201449122796105
1614,cicids2017_wed_c0,0.23334999999999995,-6.7,59,0.58,0.8285714285714286,0.6823529411764706,1.121040277611406
1615,cicids2017_fri_c0,0.23287500000000005,-14.300000000000004,59,0.6666666666666666,0.6857142857142857,0.676056338028169,1.1300866951978739
1616,cicids2017_fri_c0,0.23239999999999994,11.099999999999996,59,0.7894736842105263,0.8571428571428571,0.8219178082191781,1.1194120669611796
1617,cicids2017_wed_c1,0.23192500000000005,-23.09999999999998,59,0.23684210526315788,0.8181818181818182,0.3673469387755102,1.1992268353311692
1618,cicids2017_wed_c0,0.23144999999999993,-2.1,59,0.6,0.8571428571428571,0.7058823529411764,1.1348309436132769
1619,cicids2017_fri_c0,0.23097500000000004,8.899999999999997,59,0.75,0.8571428571428571,0.7999999999999999,1.162805523200472
1620,cicids2017_wed_c1,0.23050000000000004,-20.9,59,0.25,0.8181818181818182,0.38297872340425526,1.1525752947015182
1621,cicids2017_tue_c0,0.23002500000000003,22.700000000000014,59,0.825,0.9428571428571428,0.88,1.1682284107405583
1622,cicids2017_fri_c0,0.22955000000000003,16.1,59,0.717391304347826,0.9428571428571428,0.8148148148148148,1.1850258251464247
1623,cicids2017_wed_c1,0.22907500000000003,-12.300000000000006,59,0.3333333333333333,0.7272727272727273,0.4571428571428572,1.2231353035743133
1624,cicids2017_fri_c0,0.22860000000000003,5.599999999999998,59,0.6976744186046512,0.8571428571428571,0.7692307692307693,1.2300742209921423
1625,cicids2017_wed_c0,0.22812500000000002,1.3999999999999986,59,0.6078431372549019,0.8857142857142857,0.7209302325581395,1.2210758193171527
1626,cicids2017_wed_c1,0.22765000000000013,-11.900000000000004,59,0.3125,0.9090909090909091,0.4651162790697674,1.2007202543781046
1627,cicids2017_wed_c0,0.22717500000000002,0.30000000000000027,59,0.5961538461538461,0.8857142857142857,0.7126436781609196,1.207288080672982
1628,cicids2017_wed_c0,0.22670000000000012,-1.0000000000000009,59,0.6122448979591837,0.8571428571428571,0.7142857142857143,1.16312591314645
1629,cicids2017_tue_c0,0.226225,9.799999999999995,59,0.8285714285714286,0.8285714285714286,0.8285714285714286,1.1507132264677218
1630,cicids2017_fri_c0,0.22575000000000012,14.399999999999999,59,0.8571428571428571,0.8571428571428571,0.8571428571428571,1.1575680688461878
1631,cicids2017_wed_c0,0.225275,-13.9,59,0.5909090909090909,0.7428571428571429,0.6582278481012659,1.1485301561618861
1632,cicids2017_wed_c1,0.2248000000000001,-8.400000000000002,59,0.3333333333333333,1.0,0.5,1.1637033420767133
1633,cicids2017_fri_c0,0.224325,-2.000000000000003,59,0.8620689655172413,0.7142857142857143,0.7812500000000001,1.09915297773866
1634,cicids2017_wed_c1,0.2238500000000001,-1.8000000000000003,59,0.4074074074074074,1.0,0.5789473684210525,1.1863270696893664
1635,cicids2017_tue_c0,0.223375,8.899999999999997,59,0.75,0.8571428571428571,0.7999999999999999,1.1451403630971952
1636,cicids2017_wed_c0,0.2229000000000001,0.099999999999999,59,0.625,0.8571428571428571,0.7228915662650602,1.0836420003761413
1637,cicids2017_fri_c0,0.22242499999999998,-4.000000000000002,59,0.7428571428571429,0.7428571428571429,0.7428571428571429,1.113139277599984
1638,cicids2017_wed_c0,0.2219500000000001,-5.6,59,0.5918367346938775,0.8285714285714286,0.6904761904761905,1.1460851733934414
1639,cicids2017_fri_c0,0.22147499999999998,11.5,59,0.6956521739130435,0.9142857142857143,0.7901234567901234,1.1453610376568786
1640,cicids2017_tue_c0,0.22100000000000009,20.300000000000004,59,0.8421052631578947,0.9142857142857143,0.8767123287671234,1.175007588827888
1641,cicids2017_wed_c0,0.22052500000000008,3.599999999999998,59,0.6326530612244898,0.8857142857142857,0.7380952380952381,1.1331170193103122
1642,cicids2017_fri_c0,0.22005000000000008,21.799999999999997,59,0.7555555555555555,0.9714285714285714,0.85,1.1712128964547412
1643,cicids2017_tue_c0,0.21957500000000008,-2.9000000000000044,59,0.7647058823529411,0.7428571428571429,0.7536231884057971,1.1476385807356304
1644,cicids2017_wed_c0,0.21910000000000007,9.499999999999998,59,0.6346153846153846,0.9428571428571428,0.7586206896551724,1.137698194627995
1645,cicids2017_fri_c0,0.21862500000000007,27.300000000000008,59,0.85,0.9714285714285714,0.9066666666666667,1.1267235941611158
1646,cicids2017_tue_c0,0.21815000000000007,19.200000000000006,59,0.8205128205128205,0.9142857142857143,0.8648648648648648,1.0777841986063947
1647,cicids2017_tue_c0,0.21767500000000006,7.799999999999997,59,0.7317073170731707,0.8571428571428571,0.7894736842105263,1.1204370567279234
1648,cicids2017_wed_c0,0.21720000000000006,0.1000000000000009,59,0.625,0.8571428571428571,0.7228915662650602,1.1309222727161958
1649,cicids2017_wed_c1,0.21672500000000006,-21.799999999999997,59,0.24390243902439024,0.9090909090909091,0.38461538461538464,1.1233840429437976
1650,cicids2017_wed_c1,0.21625000000000005,-20.499999999999996,59,0.25,1.0,0.4,1.1802091579815963
1651,cicids2017_fri_c0,0.21577500000000005,14.599999999999994,59,0.7948717948717948,0.8857142857142857,0.8378378378378378,1.1314277142192912
1652,cicids2017_fri_c0,0.21530000000000005,26.400000000000002,59,0.7777777777777778,1.0,0.8750000000000001,1.1434734034433836
1653,cicids2017_fri_c0,0.21482500000000004,8.899999999999999,59,0.75,0.8571428571428571,0.7999999999999999,1.1796514299133238
1654,cicids2017_wed_c0,0.21435000000000004,2.5000000000000004,59,0.62,0.8857142857142857,0.7294117647058823,1.147828521118533
1655,cicids2017_fri_c0,0.21387500000000004,15.70000000000001,59,0.8157894736842105,0.8857142857142857,0.8493150684931505,1.1702778366865647
1656,cicids2017_fri_c0,0.21340000000000003,1.8999999999999968,59,0.7368421052631579,0.8,0.7671232876712328,1.20405268948712
1657,cicids2017_wed_c1,0.21292500000000003,-22.9,59,0.23809523809523808,0.9090909090909091,0.3773584905660377,1.2190591197536162
1658,cicids2017_wed_c1,0.21245000000000003,-16.300000000000004,59,0.2777777777777778,0.9090909090909091,0.4255319148936171,1.2056109581806247
1659,cicids2017_wed_c1,0.21197500000000002,-17.200000000000003,59,0.2682926829268293,1.0,0.4230769230769231,1.1627680282833466
1660,cicids2017_tue_c0,0.21150000000000002,12.400000000000004,59,0.7560975609756098,0.8857142857142857,0.8157894736842105,1.1324226274561264
1661,cicids2017_wed_c0,0.21102500000000002,2.6999999999999993,59,0.5925925925925926,0.9142857142857143,0.7191011235955056,1.1668311369623723
1662,cicids2017_wed_c0,0.21055000000000013,1.3999999999999986,59,0.6078431372549019,0.8857142857142857,0.7209302325581395,1.1693906365377436
1663,cicids2017_fri_c0,0.210075,3.1999999999999975,59,0.7073170731707317,0.8285714285714286,0.7631578947368421,1.133139789646956
1664,cicids2017_wed_c0,0.20960000000000012,10.599999999999998,59,0.6470588235294118,0.9428571428571428,0.7674418604651163,1.1050036146372395
1665,cicids2017_wed_c0,0.209125,-3.4,59,0.6170212765957447,0.8285714285714286,0.7073170731707318,1.1037442114578881
1666,cicids2017_tue_c0,0.2086500000000001,-2.900000000000001,59,0.7647058823529411,0.7428571428571429,0.7536231884057971,1.1459454962064595
1667,cicids2017_wed_c1,0.208175,-15.200000000000008,59,0.2857142857142857,0.9090909090909091,0.43478260869565216,1.1748807539335486
1668,cicids2017_wed_c0,0.2077000000000001,5.999999999999998,59,0.6274509803921569,0.9142857142857143,0.7441860465116279,1.1758959187490778
1669,cicids2017_wed_c0,0.207225,-4.500000000000002,59,0.6041666666666666,0.8285714285714286,0.6987951807228916,1.1749164231800904
1670,cicids2017_wed_c0,0.2067500000000001,6.199999999999999,59,0.6,0.9428571428571428,0.7333333333333334,1.1855729257828573
1671,cicids2017_wed_c1,0.206275,-20.699999999999996,59,0.25,0.9090909090909091,0.392156862745098,1.1842021543485803
1672,cicids2017_wed_c0,0.2058000000000001,-2.1,59,0.6,0.8571428571428571,0.7058823529411764,1.1912615955362933
1673,cicids2017_tue_c0,0.20532499999999998,16.600000000000005,59,0.9090909090909091,0.8571428571428571,0.8823529411764706,1.1036463572955915
1674,cicids2017_wed_c1,0.2048500000000001,-16.69999999999999,59,0.2857142857142857,0.7272727272727273,0.4102564102564102,1.1260326600409907
1675,cicids2017_wed_c0,0.20437499999999997,4.699999999999999,59,0.6458333333333334,0.8857142857142857,0.7469879518072288,1.1531310900474163
1676,cicids2017_wed_c1,0.20390000000000008,-8.400000000000002,59,0.3333333333333333,1.0,0.5,1.185582361310013
1677,cicids2017_fri_c0,0.20342499999999997,9.999999999999998,59,0.7692307692307693,0.8571428571428571,0.8108108108108107,1.1761173823610582
1678,cicids2017_tue_c0,0.20295000000000007,12.2,59,0.8108108108108109,0.8571428571428571,0.8333333333333334,1.1719244085780423
1679,cicids2017_wed_c1,0.20247499999999996,-16.3,59,0.2777777777777778,0.9090909090909091,0.4255319148936171,1.1638675116101274
1680,cicids2017_wed_c0,0.20200000000000007,10.6,59,0.6470588235294118,0.9428571428571428,0.7674418604651163,1.1237658708164409
1681,cicids2017_wed_c1,0.20152500000000007,-18.699999999999996,59,0.2647058823529412,0.8181818181818182,0.39999999999999997,1.1810712467927484
1682,cicids2017_fri_c0,0.20105000000000006,19.400000000000006,59,0.7674418604651163,0.9428571428571428,0.8461538461538461,1.1840420302430554
1683,cicids2017_fri_c0,0.20057500000000006,7.599999999999998,59,0.7837837837837838,0.8285714285714286,0.8055555555555555,1.199145854868413
1684,cicids2017_wed_c1,0.20010000000000006,-14.100000000000001,59,0.29411764705882354,0.9090909090909091,0.4444444444444445,1.1406230408540086
1685,cicids2017_tue_c0,0.19962500000000005,20.500000000000014,59,0.7857142857142857,0.9428571428571428,0.8571428571428571,1.1356698658285276
1686,cicids2017_wed_c0,0.19915000000000005,9.299999999999997,59,0.6666666666666666,0.9142857142857143,0.7710843373493975,1.1455559540843887
1687,cicids2017_tue_c0,0.19867500000000005,7.999999999999998,59,0.6888888888888889,0.8857142857142857,0.775,1.2149002663023367
1688,cicids2017_tue_c0,0.19820000000000004,9.8,59,0.8285714285714286,0.8285714285714286,0.8285714285714286,1.1262059138068194
1689,cicids2017_wed_c1,0.19772500000000004,-19.6,59,0.2564102564102564,0.9090909090909091,0.3999999999999999,1.1687530726297373
1690,cicids2017_fri_c0,0.19725000000000004,-5.100000000000001,59,0.7222222222222222,0.7428571428571429,0.732394366197183,1.1671983722325685
1691,cicids2017_wed_c1,0.19677500000000003,-18.699999999999996,59,0.2647058823529412,0.8181818181818182,0.39999999999999997,1.2005496373395168
1692,cicids2017_wed_c1,0.19630000000000003,-16.300000000000004,59,0.2777777777777778,0.9090909090909091,0.4255319148936171,1.2160013875445674
1693,cicids2017_wed_c0,0.19582500000000003,1.1999999999999975,59,0.6382978723404256,0.8571428571428571,0.7317073170731707,1.1822289887056605
1694,cicids2017_tue_c0,0.19535000000000002,19.400000000000006,59,0.7674418604651163,0.9428571428571428,0.8461538461538461,1.2219246893363904
1695,cicids2017_fri_c0,0.19487500000000002,-2.6999999999999993,59,0.7105263157894737,0.7714285714285715,0.7397260273972601,1.2422319788483853
1696,cicids2017_wed_c0,0.19440000000000002,8.2,59,0.6530612244897959,0.9142857142857143,0.7619047619047618,1.1840929422486814
1697,cicids2017_tue_c0,0.19392500000000001,8.899999999999997,59,0.75,0.8571428571428571,0.7999999999999999,1.1497012226100336
1698,cicids2017_fri_c0,0.19345,0.7999999999999976,59,0.717948717948718,0.8,0.7567567567567569,1.2208050512691835
1699,cicids2017_tue_c0,0.192975,16.1,59,0.717391304347826,0.9428571428571428,0.8148148148148148,1.1361287189561136
1700,cicids2017_wed_c1,0.1925,-18.9,59,0.26666666666666666,0.7272727272727273,0.3902439024390244,1.1686917377445236
1701,cicids2017_tue_c0,0.192025,9.999999999999998,59,0.7692307692307693,0.8571428571428571,0.8108108108108107,1.2031134136402333
1702,cicids2017_fri_c0,0.1915500000000001,18.100000000000005,59,0.8,0.9142857142857143,0.8533333333333333,1.175988338914281
1703,cicids2017_wed_c0,0.191075,4.899999999999999,59,0.6153846153846154,0.9142857142857143,0.7356321839080461,1.100482866969552
1704,cicids2017_fri_c0,0.1906000000000001,8.9,59,0.75,0.8571428571428571,0.7999999999999999,1.1788773383084818
1705,cicids2017_wed_c1,0.190125,-15.200000000000003,59,0.2857142857142857,0.9090909090909091,0.43478260869565216,1.1721632466479475
1706,cicids2017_wed_c1,0.1896500000000001,-15.400000000000002,59,0.2903225806451613,0.8181818181818182,0.4285714285714286,1.1743587291592026
1707,cicids2017_wed_c1,0.18917499999999998,-13.000000000000005,59,0.30303030303030304,0.9090909090909091,0.45454545454545453,1.146958348984404
1708,cicids2017_wed_c1,0.1887000000000001,-21.999999999999986,59,0.24324324324324326,0.8181818181818182,0.375,1.1980666670793056
1709,cicids2017_fri_c0,0.18822499999999998,15.899999999999999,59,0.7619047619047619,0.9142857142857143,0.8311688311688312,1.1549937979917804
1710,cicids2017_fri_c0,0.18775000000000008,21.799999999999997,59,0.7555555555555555,0.9714285714285714,0.85,1.1104543973261425
1711,cicids2017_tue_c0,0.18727499999999997,14.800000000000006,59,0.7441860465116279,0.9142857142857143,0.8205128205128205,1.1090140116563967
1712,cicids2017_tue_c0,0.18680000000000008,20.500000000000007,59,0.7857142857142857,0.9428571428571428,0.8571428571428571,1.12175940029333
1713,cicids2017_wed_c1,0.18632499999999996,-13.000000000000004,59,0.30303030303030304,0.9090909090909091,0.45454545454545453,1.181641792372012
1714,cicids2017_wed_c0,0.18585000000000007,11.899999999999999,59,0.6296296296296297,0.9714285714285714,0.7640449438202247,1.1142847264762168
1715,cicids2017_wed_c0,0.18537499999999996,4.6999999999999975,59,0.6458333333333334,0.8857142857142857,0.7469879518072288,1.10018761494118
1716,cicids2017_wed_c1,0.18490000000000006,-13.900000000000004,59,0.2894736842105263,1.0,0.4489795918367347,1.1231320949480414
1717,cicids2017_wed_c0,0.18442499999999995,5.999999999999998,59,0.6274509803921569,0.9142857142857143,0.7441860465116279,1.1145520197374617
1718,cicids2017_tue_c0,0.18395000000000006,21.600000000000005,59,0.8048780487804879,0.9428571428571428,0.868421052631579,1.1281556273221514
1719,cicids2017_tue_c0,0.18347499999999994,23.80000000000001,59,0.8461538461538461,0.9428571428571428,0.8918918918918919,1.086740895409165
1720,cicids2017_wed_c0,0.18300000000000005,14.100000000000001,59,0.6538461538461539,0.9714285714285714,0.7816091954022988,1.119548292120476
1721,cicids2017_fri_c0,0.18252500000000005,11.099999999999996,59,0.7894736842105263,0.8571428571428571,0.8219178082191781,1.138728520923308
1722,cicids2017_wed_c0,0.18205000000000005,1.399999999999999,59,0.6078431372549019,0.8857142857142857,0.7209302325581395,1.1343670520072917
1723,cicids2017_wed_c0,0.18157500000000004,4.499999999999998,59,0.6818181818181818,0.8571428571428571,0.759493670886076,1.1403385475044625
1724,cicids2017_wed_c0,0.18110000000000004,11.899999999999999,59,0.6296296296296297,0.9714285714285714,0.7640449438202247,1.0617469311299434
1725,cicids2017_wed_c0,0.18062500000000004,8.199999999999998,59,0.6530612244897959,0.9142857142857143,0.7619047619047618,1.0908895919007042
1726,cicids2017_wed_c1,0.18015000000000003,-14.100000000000005,59,0.29411764705882354,0.9090909090909091,0.4444444444444445,1.048553304277983
1727,cicids2017_wed_c1,0.17967500000000003,-7.5000000000000036,59,0.35714285714285715,0.9090909090909091,0.5128205128205129,1.1249048310095215
1728,cicids2017_wed_c0,0.17920000000000003,13.000000000000004,59,0.6415094339622641,0.9714285714285714,0.7727272727272727,1.0514084126151915
1729,cicids2017_tue_c0,0.17872500000000002,23.800000000000008,59,0.8461538461538461,0.9428571428571428,0.8918918918918919,1.125157487034785
1730,cicids2017_fri_c0,0.17825000000000002,14.799999999999997,59,0.7441860465116279,0.9142857142857143,0.8205128205128205,1.1172383587813197
1731,cicids2017_wed_c1,0.17777500000000002,-8.600000000000005,59,0.3448275862068966,0.9090909090909091,0.5000000000000001,1.1433481775396908
1732,cicids2017_wed_c1,0.1773,-2.9000000000000017,59,0.39285714285714285,1.0,0.5641025641025641,1.0768807039469432
1733,cicids2017_wed_c0,0.176825,7.299999999999999,59,0.6111111111111112,0.9428571428571428,0.7415730337078652,1.1409665891742906
1734,cicids2017_wed_c1,0.17635,-6.200000000000005,59,0.3548387096774194,1.0,0.5238095238095238,1.1088404434736534
1735,cicids2017_wed_c1,0.175875,-19.999999999999993,59,0.25806451612903225,0.7272727272727273,0.38095238095238093,1.172231157565627
1736,cicids2017_wed_c1,0.1754,-10.800000000000004,59,0.3225806451612903,0.9090909090909091,0.4761904761904761,1.1819647978861934
1737,cicids2017_wed_c0,0.174925,-5.600000000000001,59,0.5918367346938775,0.8285714285714286,0.6904761904761905,1.2096154626402635
1738,cicids2017_fri_c0,0.17445,21.6,59,0.8048780487804879,0.9428571428571428,0.868421052631579,1.1573652587673982
1739,cicids2017_fri_c0,0.173975,3.0,59,0.7567567567567568,0.8,0.7777777777777778,1.1707681100705676
1740,cicids2017_fri_c0,0.1735,7.800000000000004,59,0.7317073170731707,0.8571428571428571,0.7894736842105263,1.1132115297675085
1741,cicids2017_tue_c0,0.17302499999999998,11.099999999999994,59,0.7894736842105263,0.8571428571428571,0.8219178082191781,1.1258687978346011
1742,cicids2017_wed_c0,0.1725500000000001,-3.4000000000000017,59,0.6170212765957447,0.8285714285714286,0.7073170731707318,1.1688726010982327
1743,cicids2017_tue_c0,0.17207499999999998,19.400000000000002,59,0.7674418604651163,0.9428571428571428,0.8461538461538461,1.1072090354492865
1744,cicids2017_fri_c0,0.17160000000000009,19.200000000000003,59,0.8205128205128205,0.9142857142857143,0.8648648648648648,1.1443168090232299
1745,cicids2017_fri_c0,0.17112499999999997,-8.4,59,0.6666666666666666,0.7428571428571429,0.7027027027027027,1.1638161800971272
1746,cicids2017_wed_c1,0.17065000000000008,-15.200000000000003,59,0.2857142857142857,0.9090909090909091,0.43478260869565216,1.1199880305513126
1747,cicids2017_wed_c1,0.17017499999999997,-8.800000000000008,59,0.36,0.8181818181818182,0.5,1.1282117465030557
1748,cicids2017_tue_c0,0.16970000000000007,1.9000000000000075,59,0.7368421052631579,0.8,0.7671232876712328,1.1452973849829047
1749,cicids2017_wed_c1,0.16922499999999996,-20.899999999999995,59,0.25,0.8181818181818182,0.38297872340425526,1.1732333440615004
1750,cicids2017_wed_c0,0.16875000000000007,7.099999999999998,59,0.64,0.9142857142857143,0.7529411764705883,1.136892136693797
1751,cicids2017_wed_c1,0.16827500000000006,0.3999999999999937,59,0.44,1.0,0.6111111111111112,1.1909587724190915
1752,cicids2017_wed_c1,0.16780000000000006,-17.6,59,0.2727272727272727,0.8181818181818182,0.4090909090909091,1.2277513501669512
1753,cicids2017_wed_c0,0.16732500000000006,10.599999999999998,59,0.6470588235294118,0.9428571428571428,0.7674418604651163,1.1703975129809063
1754,cicids2017_tue_c0,0.16685000000000005,11.1,59,0.7894736842105263,0.8571428571428571,0.8219178082191781,1.1740741684182678
1755,cicids2017_wed_c0,0.16637500000000005,9.299999999999997,59,0.6666666666666666,0.9142857142857143,0.7710843373493975,1.142345412850594
1756,cicids2017_tue_c0,0.16590000000000005,11.099999999999996,59,0.7894736842105263,0.8571428571428571,0.8219178082191781,1.1314634532605337
1757,cicids2017_tue_c0,0.16542500000000004,19.200000000000003,59,0.8205128205128205,0.9142857142857143,0.8648648648648648,1.1403675891667837
1758,cicids2017_wed_c0,0.16495000000000004,7.299999999999999,59,0.6111111111111112,0.9428571428571428,0.7415730337078652,1.1257120436421555
1759,cicids2017_wed_c0,0.16447500000000004,-0.1000000000000025,59,0.6590909090909091,0.8285714285714286,0.7341772151898734,1.1431716117302348
1760,cicids2017_wed_c0,0.16400000000000003,11.0,59,0.5932203389830508,1.0,0.7446808510638298,1.131336680083466
1761,cicids2017_tue_c0,0.16352500000000014,7.799999999999995,59,0.7317073170731707,0.8571428571428571,0.7894736842105263,1.1036557791108215
1762,cicids2017_tue_c0,0.16305000000000003,15.7,59,0.8157894736842105,0.8857142857142857,0.8493150684931505,1.102925028419826
1763,cicids2017_fri_c0,0.16257500000000014,1.4999999999999982,59,0.8666666666666667,0.7428571428571429,0.8,1.0975191979803356
1764,cicids2017_wed_c0,0.16210000000000002,5.999999999999998,59,0.6274509803921569,0.9142857142857143,0.7441860465116279,1.1161410060273491
1765,cicids2017_wed_c0,0.16162500000000013,16.299999999999997,59,0.68,0.9714285714285714,0.8,1.1496546713139175
1766,cicids2017_wed_c1,0.16115000000000002,-6.400000000000002,59,0.37037037037037035,0.9090909090909091,0.5263157894736842,1.1705707207028833
1767,cicids2017_wed_c0,0.16067500000000012,17.400000000000006,59,0.6938775510204082,0.9714285714285714,0.8095238095238094,1.1557740878625224
1768,cicids2017_tue_c0,0.1602,26.200000000000014,59,0.8292682926829268,0.9714285714285714,0.8947368421052632,1.1691242976154226
1769,cicids2017_fri_c0,0.15972500000000012,11.5,59,0.6956521739130435,0.9142857142857143,0.7901234567901234,1.176406533229521
1770,cicids2017_fri_c0,0.15925,21.6,59,0.8048780487804879,0.9428571428571428,0.868421052631579,1.1402887842530742
1771,cicids2017_tue_c0,0.1587750000000001,31.900000000000013,59,0.875,1.0,0.9333333333333333,1.1458105527002054
1772,cicids2017_tue_c0,0.1583,24.000000000000007,59,0.7906976744186046,0.9714285714285714,0.8717948717948717,1.1770860312215017
1773,cicids2017_tue_c0,0.1578250000000001,13.900000000000002,59,0.6875,0.9428571428571428,0.7951807228915663,1.1448257194549472
1774,cicids2017_tue_c0,0.15735,18.1,59,0.8,0.9142857142857143,0.8533333333333333,1.1080018690777014
1775,cicids2017_wed_c1,0.1568750000000001,-14.1,59,0.29411764705882354,0.9090909090909091,0.4444444444444445,1.2130994086890579
1776,cicids2017_fri_c0,0.15639999999999998,4.5,59,0.6818181818181818,0.8571428571428571,0.759493670886076,1.153046750329408
1777,cicids2017_tue_c0,0.1559250000000001,13.300000000000002,59,0.8333333333333334,0.8571428571428571,0.8450704225352113,1.2799662241667393
1778,cicids2017_fri_c0,0.15544999999999998,8.699999999999996,59,0.8055555555555556,0.8285714285714286,0.8169014084507044,1.1886187707523677
1779,cicids2017_tue_c0,0.15497500000000008,5.1999999999999975,59,0.8,0.8,0.8000000000000002,1.244467644549173
1780,cicids2017_wed_c0,0.15450000000000008,4.899999999999999,59,0.6153846153846154,0.9142857142857143,0.7356321839080461,1.181134744602974
1781,cicids2017_fri_c0,0.15402500000000008,20.299999999999997,59,0.8421052631578947,0.9142857142857143,0.8767123287671234,1.1760280194740624
1782,cicids2017_tue_c0,0.15355000000000008,11.5,59,0.6956521739130435,0.9142857142857143,0.7901234567901234,1.1923089817244217
1783,cicids2017_fri_c0,0.15307500000000007,26.400000000000006,59,0.7777777777777778,1.0,0.8750000000000001,1.1784332501642625
1784,cicids2017_wed_c1,0.15260000000000007,-6.200000000000002,59,0.3548387096774194,1.0,0.5238095238095238,1.2132743960266277
1785,cicids2017_wed_c0,0.15212500000000007,11.699999999999998,59,0.66,0.9428571428571428,0.7764705882352942,1.1578548253275165
1786,cicids2017_fri_c0,0.15165000000000006,15.699999999999998,59,0.8157894736842105,0.8857142857142857,0.8493150684931505,1.1627267920089626
1787,cicids2017_fri_c0,0.15117500000000006,10.899999999999995,59,0.8529411764705882,0.8285714285714286,0.8405797101449276,1.2023141956339327
1788,cicids2017_fri_c0,0.15070000000000006,16.799999999999997,59,0.8378378378378378,0.8857142857142857,0.8611111111111112,1.1559782737794408
1789,cicids2017_tue_c0,0.15022500000000005,13.500000000000002,59,0.775,0.8857142857142857,0.8266666666666667,1.1172059771765794
1790,cicids2017_wed_c1,0.14975000000000005,-9.900000000000004,59,0.34615384615384615,0.8181818181818182,0.4864864864864865,1.116313672666734
1791,cicids2017_wed_c0,0.14927500000000005,5.1,59,0.5892857142857143,0.9428571428571428,0.7252747252747254,1.1134764998561582
1792,cicids2017_wed_c1,0.14880000000000004,-2.2000000000000006,59,0.47368421052631576,0.8181818181818182,0.6,1.1610098552907937
1793,cicids2017_tue_c0,0.14832500000000004,26.20000000000001,59,0.8292682926829268,0.9714285714285714,0.8947368421052632,1.1740702869411672
1794,cicids2017_tue_c0,0.14785000000000004,-9.900000000000002,59,0.75,0.6857142857142857,0.7164179104477612,1.2092778279090821
1795,cicids2017_tue_c0,0.14737500000000003,10.200000000000003,59,0.7209302325581395,0.8857142857142857,0.7948717948717948,1.1947711464837147
1796,cicids2017_fri_c0,0.14690000000000003,6.6999999999999975,59,0.7142857142857143,0.8571428571428571,0.7792207792207793,1.2140188203461801
1797,cicids2017_wed_c1,0.14642500000000003,-5.100000000000001,59,0.36666666666666664,1.0,0.5365853658536585,1.1374047845247932
1798,cicids2017_fri_c0,0.14595000000000002,13.699999999999998,59,0.7272727272727273,0.9142857142857143,0.810126582278481,1.1314368590554071
1799,cicids2017_tue_c0,0.14547500000000002,5.399999999999999,59,0.7435897435897436,0.8285714285714286,0.7837837837837838,1.1987880989128559
1800,cicids2017_wed_c0,0.14500000000000002,17.40000000000001,59,0.6938775510204082,0.9714285714285714,0.8095238095238094,1.1124872836343194
1801,cicids2017_fri_c0,0.14452500000000013,12.399999999999999,59,0.7560975609756098,0.8857142857142857,0.8157894736842105,1.1494360926311038
1802,cicids2017_tue_c0,0.14405,21.600000000000016,59,0.8048780487804879,0.9428571428571428,0.868421052631579,1.1622828137272536
1803,cicids2017_tue_c0,0.14357500000000012,24.000000000000007,59,0.7906976744186046,0.9714285714285714,0.8717948717948717,1.234931546077116
1804,cicids2017_tue_c0,0.1431,12.399999999999997,59,0.7560975609756098,0.8857142857142857,0.8157894736842105,1.178736088581769
1805,cicids2017_fri_c0,0.1426250000000001,20.5,59,0.7857142857142857,0.9428571428571428,0.8571428571428571,1.1338601634044914
1806,cicids2017_fri_c0,0.14215,8.900000000000002,59,0.75,0.8571428571428571,0.7999999999999999,1.161555775126704
1807,cicids2017_fri_c0,0.1416750000000001,6.5,59,0.7631578947368421,0.8285714285714286,0.7945205479452055,1.1663813286876978
1808,cicids2017_tue_c0,0.1412,17.0,59,0.7804878048780488,0.9142857142857143,0.8421052631578947,1.1137331411366302
1809,cicids2017_fri_c0,0.1407250000000001,18.099999999999994,59,0.8,0.9142857142857143,0.8533333333333333,1.1431173218081176
1810,cicids2017_wed_c1,0.14024999999999999,-20.499999999999996,59,0.25,1.0,0.4,1.22636265487504
1811,cicids2017_fri_c0,0.1397750000000001,7.599999999999996,59,0.7837837837837838,0.8285714285714286,0.8055555555555555,1.189635754062839
1812,cicids2017_wed_c0,0.13929999999999998,13.0,59,0.6415094339622641,0.9714285714285714,0.7727272727272727,1.1670608870163033
1813,cicids2017_wed_c0,0.1388250000000001,16.5,59,0.6481481481481481,1.0,0.7865168539325843,1.1508866373347388
1814,cicids2017_tue_c0,0.13834999999999997,18.300000000000008,59,0.75,0.9428571428571428,0.8354430379746834,1.1960294277619958
1815,cicids2017_wed_c1,0.13787500000000008,-5.100000000000001,59,0.36666666666666664,1.0,0.5365853658536585,1.1444008773259287
1816,cicids2017_fri_c0,0.13739999999999997,13.299999999999997,59,0.8333333333333334,0.8571428571428571,0.8450704225352113,1.1282030336218347
1817,cicids2017_fri_c0,0.13692500000000007,14.599999999999996,59,0.7948717948717948,0.8857142857142857,0.8378378378378378,1.1274539867019109
1818,cicids2017_tue_c0,0.13644999999999996,24.000000000000007,59,0.7906976744186046,0.9714285714285714,0.8717948717948717,1.1776304399133808
1819,cicids2017_fri_c0,0.13597500000000007,24.000000000000007,59,0.7906976744186046,0.9714285714285714,0.8717948717948717,1.164341946533506
1820,cicids2017_tue_c0,0.13550000000000006,11.5,59,0.6956521739130435,0.9142857142857143,0.7901234567901234,1.1904147799395808
1821,cicids2017_tue_c0,0.13502500000000006,17.9,59,0.8611111111111112,0.8857142857142857,0.8732394366197184,1.110435214903198
1822,cicids2017_wed_c1,0.13455000000000006,-16.3,59,0.2777777777777778,0.9090909090909091,0.4255319148936171,1.119379565803555
1823,cicids2017_tue_c0,0.13407500000000006,15.900000000000006,59,0.7619047619047619,0.9142857142857143,0.8311688311688312,1.1306325297351427
1824,cicids2017_wed_c1,0.13360000000000005,-16.299999999999997,59,0.2777777777777778,0.9090909090909091,0.4255319148936171,1.1524744338372706
1825,cicids2017_wed_c1,0.13312500000000005,1.499999999999997,59,0.4583333333333333,1.0,0.6285714285714286,1.1409890928392492
1826,cicids2017_wed_c1,0.13265000000000005,-9.700000000000008,59,0.3333333333333333,0.9090909090909091,0.4878048780487804,1.168551869017844
1827,cicids2017_fri_c0,0.13217500000000004,-12.3,59,0.7666666666666667,0.6571428571428571,0.7076923076923077,1.20077021914619
1828,cicids2017_wed_c1,0.13170000000000004,-25.300000000000004,59,0.225,0.8181818181818182,0.35294117647058826,1.115552376455579
1829,cicids2017_wed_c0,0.13122500000000004,10.6,59,0.6470588235294118,0.9428571428571428,0.7674418604651163,1.1651582874459459
1830,cicids2017_wed_c1,0.13075000000000003,-13.000000000000002,59,0.30303030303030304,0.9090909090909091,0.45454545454545453,1.120442625424209
1831,cicids2017_tue_c0,0.13027500000000003,17.20000000000001,59,0.7333333333333333,0.9428571428571428,0.8250000000000001,1.098585107156533
1832,cicids2017_wed_c1,0.12980000000000003,-1.9999999999999996,59,0.43478260869565216,0.9090909090909091,0.5882352941176471,1.1661336135684264
1833,cicids2017_wed_c0,0.12932500000000002,10.599999999999996,59,0.6470588235294118,0.9428571428571428,0.7674418604651163,1.1136781478401405
1834,cicids2017_fri_c0,0.12885000000000002,13.499999999999996,59,0.775,0.8857142857142857,0.8266666666666667,1.1264760415621475
1835,cicids2017_tue_c0,0.12837500000000002,19.200000000000006,59,0.8205128205128205,0.9142857142857143,0.8648648648648648,1.1232450704257702
1836,cicids2017_fri_c0,0.1279,18.299999999999997,59,0.75,0.9428571428571428,0.8354430379746834,1.136649954330995
1837,cicids2017_wed_c1,0.127425,-10.800000000000002,59,0.3225806451612903,0.9090909090909091,0.4761904761904761,1.137963184302983
1838,cicids2017_tue_c0,0.12695,-2.6999999999999997,59,0.7105263157894737,0.7714285714285715,0.7397260273972601,1.2374148844769943
1839,cicids2017_fri_c0,0.126475,19.200000000000006,59,0.8205128205128205,0.9142857142857143,0.8648648648648648,1.1219163466337287
1840,cicids2017_wed_c0,0.126,-1.0,59,0.6122448979591837,0.8571428571428571,0.7142857142857143,1.1769826006397874
1841,cicids2017_tue_c0,0.1255250000000001,18.100000000000016,59,0.8,0.9142857142857143,0.8533333333333333,1.1442948008092562
1842,cicids2017_fri_c0,0.12505,23.80000000000001,59,0.8461538461538461,0.9428571428571428,0.8918918918918919,1.1108466313754033
1843,cicids2017_wed_c1,0.1245750000000001,-16.300000000000004,59,0.2777777777777778,0.9090909090909091,0.4255319148936171,1.1295226623771957
1844,cicids2017_wed_c1,0.12409999999999999,-12.100000000000003,59,0.32142857142857145,0.8181818181818182,0.46153846153846156,1.145820215956413
1845,cicids2017_wed_c0,0.1236250000000001,10.599999999999998,59,0.6470588235294118,0.9428571428571428,0.7674418604651163,1.1515667597698678
1846,cicids2017_wed_c0,0.12314999999999998,0.09999999999999859,59,0.625,0.8571428571428571,0.7228915662650602,1.1395929513810776
1847,cicids2017_tue_c0,0.12267500000000009,26.400000000000013,59,0.7777777777777778,1.0,0.8750000000000001,1.1180632634185534
1848,cicids2017_wed_c0,0.12219999999999998,2.6999999999999997,59,0.5925925925925926,0.9142857142857143,0.7191011235955056,1.1706077155996155
1849,cicids2017_wed_c0,0.12172500000000008,3.5999999999999996,59,0.6326530612244898,0.8857142857142857,0.7380952380952381,1.0795538316314688
1850,cicids2017_fri_c0,0.12124999999999997,19.4,59,0.7674418604651163,0.9428571428571428,0.8461538461538461,1.1505568448340522
1851,cicids2017_fri_c0,0.12077500000000008,6.699999999999996,59,0.7142857142857143,0.8571428571428571,0.7792207792207793,1.1018147467664068
1852,cicids2017_tue_c0,0.12029999999999996,17.900000000000016,59,0.8611111111111112,0.8857142857142857,0.8732394366197184,1.123800139907915
1853,cicids2017_tue_c0,0.11982500000000007,30.80000000000001,59,0.8536585365853658,1.0,0.9210526315789475,1.0678543382565653
1854,cicids2017_fri_c0,0.11934999999999996,11.099999999999996,59,0.7894736842105263,0.8571428571428571,0.8219178082191781,1.1202655474568963
1855,cicids2017_fri_c0,0.11887500000000006,18.1,59,0.8,0.9142857142857143,0.8533333333333333,1.1384204544965684
1856,cicids2017_wed_c1,0.11839999999999995,-7.499999999999999,59,0.35714285714285715,0.9090909090909091,0.5128205128205129,1.1447661455405678
1857,cicids2017_tue_c0,0.11792500000000006,14.999999999999998,59,0.7021276595744681,0.9428571428571428,0.8048780487804879,1.134152177665946
1858,cicids2017_wed_c0,0.11744999999999994,3.4000000000000004,59,0.6666666666666666,0.8571428571428571,0.75,1.1025393794241247
1859,cicids2017_wed_c0,0.11697500000000005,11.899999999999999,59,0.6296296296296297,0.9714285714285714,0.7640449438202247,1.156069949818386
1860,cicids2017_wed_c0,0.11650000000000005,10.8,59,0.6181818181818182,0.9714285714285714,0.7555555555555554,1.2260896619099504
1861,cicids2017_wed_c0,0.11602500000000004,11.899999999999997,59,0.6296296296296297,0.9714285714285714,0.7640449438202247,1.2202694233041145
1862,cicids2017_tue_c0,0.11555000000000004,19.20000000000001,59,0.8205128205128205,0.9142857142857143,0.8648648648648648,1.2309393814423666
1863,cicids2017_wed_c1,0.11507500000000004,-10.600000000000007,59,0.3142857142857143,1.0,0.4782608695652174,1.192224433710126
1864,cicids2017_tue_c0,0.11460000000000004,22.70000000000001,59,0.825,0.9428571428571428,0.88,1.1482821075780427
1865,cicids2017_wed_c1,0.11412500000000003,-16.100000000000005,59,0.275,1.0,0.4313725490196079,1.1056306775894313
1866,cicids2017_tue_c0,0.11365000000000003,25.30000000000001,59,0.7608695652173914,1.0,0.8641975308641976,1.1775513393706607
1867,cicids2017_fri_c0,0.11317500000000003,17.199999999999996,59,0.7333333333333333,0.9428571428571428,0.8250000000000001,1.10861781866083
1868,cicids2017_wed_c1,0.11270000000000002,-13.000000000000004,59,0.30303030303030304,0.9090909090909091,0.45454545454545453,1.1898365615127744
1869,cicids2017_fri_c0,0.11222500000000002,4.4999999999999964,59,0.6818181818181818,0.8571428571428571,0.759493670886076,1.1189613956885687
1870,cicids2017_wed_c1,0.11175000000000002,-17.4,59,0.2702702702702703,0.9090909090909091,0.4166666666666667,1.2545356459507673
1871,cicids2017_fri_c0,0.11127500000000001,24.9,59,0.868421052631579,0.9428571428571428,0.904109589041096,1.214032976084628
1872,cicids2017_fri_c0,0.11080000000000001,18.300000000000004,59,0.75,0.9428571428571428,0.8354430379746834,1.2204544441739702
1873,cicids2017_wed_c0,0.110325,5.1,59,0.5892857142857143,0.9428571428571428,0.7252747252747254,1.1637053489203526
1874,cicids2017_wed_c1,0.10985,-17.400000000000002,59,0.2702702702702703,0.9090909090909091,0.4166666666666667,1.1169200597980138
1875,cicids2017_tue_c0,0.109375,18.10000000000001,59,0.8,0.9142857142857143,0.8533333333333333,1.1674487489766623
1876,cicids2017_fri_c0,0.10890000000000011,26.200000000000003,59,0.8292682926829268,0.9714285714285714,0.8947368421052632,1.1533644157351062
1877,cicids2017_fri_c0,0.108425,16.799999999999997,59,0.8378378378378378,0.8857142857142857,0.8611111111111112,1.1643470640110962
1878,cicids2017_wed_c1,0.1079500000000001,-13.000000000000002,59,0.30303030303030304,0.9090909090909091,0.45454545454545453,1.1648850988776636
1879,cicids2017_wed_c0,0.10747499999999999,11.0,59,0.5932203389830508,1.0,0.7446808510638298,1.1964956963038427
1880,cicids2017_fri_c0,0.1070000000000001,18.1,59,0.8,0.9142857142857143,0.8533333333333333,1.1642631149113625
1881,cicids2017_tue_c0,0.10652500000000009,18.100000000000016,59,0.8,0.9142857142857143,0.8533333333333333,1.1135260397063118
1882,cicids2017_tue_c0,0.10605000000000009,21.80000000000001,59,0.7555555555555555,0.9714285714285714,0.85,1.188907803428239
1883,cicids2017_fri_c0,0.10557500000000009,14.399999999999991,59,0.8571428571428571,0.8571428571428571,0.8571428571428571,1.1606897832192173
1884,cicids2017_wed_c1,0.10510000000000008,-4.200000000000002,59,0.4,0.9090909090909091,0.5555555555555556,1.1686487051356815
1885,cicids2017_wed_c0,0.10462500000000008,3.799999999999999,59,0.6037735849056604,0.9142857142857143,0.7272727272727272,1.2022214912019662
1886,cicids2017_fri_c0,0.10415000000000008,13.499999999999998,59,0.775,0.8857142857142857,0.8266666666666667,1.2213507017856386
1887,cicids2017_wed_c0,0.10367500000000007,7.099999999999998,59,0.64,0.9142857142857143,0.7529411764705883,1.1613886829831503
1888,cicids2017_tue_c0,0.10320000000000007,13.499999999999996,59,0.775,0.8857142857142857,0.8266666666666667,1.1837161130099738
1889,cicids2017_fri_c0,0.10272500000000007,24.9,59,0.868421052631579,0.9428571428571428,0.904109589041096,1.2076520283605312
1890,cicids2017_tue_c0,0.10225000000000006,22.7,59,0.825,0.9428571428571428,0.88,1.1279978355840126
1891,cicids2017_fri_c0,0.10177500000000006,20.499999999999993,59,0.7857142857142857,0.9428571428571428,0.8571428571428571,1.1119651642808441
1892,cicids2017_fri_c0,0.10130000000000006,25.799999999999997,59,0.9696969696969697,0.9142857142857143,0.9411764705882354,1.0975920080001629
1893,cicids2017_wed_c1,0.10082500000000005,-7.5,59,0.35714285714285715,0.9090909090909091,0.5128205128205129,1.1437026760923064
1894,cicids2017_wed_c0,0.10035000000000005,6.199999999999999,59,0.6,0.9428571428571428,0.7333333333333334,1.075571913550546
1895,cicids2017_fri_c0,0.09987500000000005,25.100000000000005,59,0.8095238095238095,0.9714285714285714,0.8831168831168832,1.1195633432115784
1896,cicids2017_wed_c1,0.09940000000000004,-10.600000000000005,59,0.3142857142857143,1.0,0.4782608695652174,1.0833489708204338
1897,cicids2017_wed_c0,0.09892500000000004,6.199999999999999,59,0.6,0.9428571428571428,0.7333333333333334,1.1236963006582108
1898,cicids2017_wed_c1,0.09845000000000004,-8.600000000000003,59,0.3448275862068966,0.9090909090909091,0.5000000000000001,1.163220816699629
1899,cicids2017_wed_c0,0.09797500000000003,8.399999999999999,59,0.6226415094339622,0.9428571428571428,0.7500000000000001,1.1078594639073749
1900,cicids2017_tue_c0,0.09750000000000003,17.0,59,0.7804878048780488,0.9142857142857143,0.8421052631578947,1.117708226173527
1901,cicids2017_wed_c0,0.09702500000000003,10.800000000000002,59,0.6181818181818182,0.9714285714285714,0.7555555555555554,1.1241844143561441
1902,cicids2017_wed_c0,0.09655000000000014,10.599999999999996,59,0.6470588235294118,0.9428571428571428,0.7674418604651163,1.0707158644736945
1903,cicids2017_wed_c0,0.09607500000000002,8.400000000000002,59,0.6226415094339622,0.9428571428571428,0.7500000000000001,1.0802200711230656
1904,cicids2017_fri_c0,0.09560000000000013,6.499999999999995,59,0.7631578947368421,0.8285714285714286,0.7945205479452055,1.0887531292624155
1905,cicids2017_tue_c0,0.09512500000000002,22.90000000000001,59,0.7727272727272727,0.9714285714285714,0.8607594936708862,1.0628875904941144
1906,cicids2017_fri_c0,0.09465000000000012,15.0,59,0.7021276595744681,0.9428571428571428,0.8048780487804879,1.060932659912509
1907,cicids2017_tue_c0,0.09417500000000001,25.30000000000001,59,0.7608695652173914,1.0,0.8641975308641976,1.1519300838197037
1908,cicids2017_fri_c0,0.09370000000000012,23.800000000000008,59,0.8461538461538461,0.9428571428571428,0.8918918918918919,1.1306637735366145
1909,cicids2017_fri_c0,0.093225,30.6,59,0.918918918918919,0.9714285714285714,0.9444444444444445,1.1018653262464393
1910,cicids2017_wed_c1,0.09275000000000011,-13.000000000000007,59,0.30303030303030304,0.9090909090909091,0.45454545454545453,1.202479026446037
1911,cicids2017_fri_c0,0.092275,7.399999999999999,59,0.8484848484848485,0.8,0.823529411764706,1.1620738741694405
1912,cicids2017_wed_c1,0.0918000000000001,0.3999999999999976,59,0.44,1.0,0.6111111111111112,1.1931010228098986
1913,cicids2017_fri_c0,0.09132499999999999,28.4,59,0.8717948717948718,0.9714285714285714,0.9189189189189189,1.1134577724177002
1914,cicids2017_wed_c1,0.0908500000000001,-19.6,59,0.2564102564102564,0.9090909090909091,0.3999999999999999,1.115175935367365
1915,cicids2017_tue_c0,0.09037499999999998,21.800000000000008,59,0.7555555555555555,0.9714285714285714,0.85,1.1107440241497604
1916,cicids2017_wed_c0,0.08990000000000009,16.300000000000004,59,0.68,0.9714285714285714,0.8,1.120307893664708
1917,cicids2017_tue_c0,0.08942499999999998,15.700000000000003,59,0.8157894736842105,0.8857142857142857,0.8493150684931505,1.1218565304417023
1918,cicids2017_tue_c0,0.08895000000000008,18.10000000000001,59,0.8,0.9142857142857143,0.8533333333333333,1.086208884415773
1919,cicids2017_tue_c0,0.08847499999999997,20.299999999999997,59,0.8421052631578947,0.9142857142857143,0.8767123287671234,1.0911809518925917
1920,cicids2017_wed_c0,0.08800000000000008,11.899999999999999,59,0.6296296296296297,0.9714285714285714,0.7640449438202247,1.1463542482933218
1921,cicids2017_tue_c0,0.08752500000000007,25.10000000000001,59,0.8095238095238095,0.9714285714285714,0.8831168831168832,1.0768512944342468
1922,cicids2017_wed_c0,0.08705000000000007,10.599999999999998,59,0.6470588235294118,0.9428571428571428,0.7674418604651163,1.059161817980411
1923,cicids2017_wed_c1,0.08657500000000007,-21.799999999999997,59,0.24390243902439024,0.9090909090909091,0.38461538461538464,1.1423445609671943
1924,cicids2017_tue_c0,0.08610000000000007,4.300000000000011,59,0.725,0.8285714285714286,0.7733333333333333,1.1329469370920202
1925,cicids2017_tue_c0,0.08562500000000006,21.6,59,0.8048780487804879,0.9428571428571428,0.868421052631579,1.1014392481909157
1926,cicids2017_fri_c0,0.08515000000000006,20.299999999999997,59,0.8421052631578947,0.9142857142857143,0.8767123287671234,1.1549926004989601
1927,cicids2017_tue_c0,0.08467500000000006,18.1,59,0.8,0.9142857142857143,0.8533333333333333,1.1185335881237162
1928,cicids2017_fri_c0,0.08420000000000005,13.499999999999995,59,0.775,0.8857142857142857,0.8266666666666667,1.0909405914668826
1929,cicids2017_fri_c0,0.08372500000000005,10.199999999999996,59,0.7209302325581395,0.8857142857142857,0.7948717948717948,1.0768179540585887
1930,cicids2017_wed_c1,0.08325000000000005,-6.200000000000003,59,0.3548387096774194,1.0,0.5238095238095238,1.1474994728804189
1931,cicids2017_fri_c0,0.08277500000000004,24.699999999999996,59,0.9411764705882353,0.9142857142857143,0.9275362318840579,1.1071094760661424
1932,cicids2017_tue_c0,0.08230000000000004,22.900000000000013,59,0.7727272727272727,0.9714285714285714,0.8607594936708862,1.1161154180579682
1933,cicids2017_wed_c1,0.08182500000000004,-4.000000000000002,59,0.3793103448275862,1.0,0.5499999999999999,1.1036594155070734
1934,cicids2017_wed_c1,0.08135000000000003,-18.499999999999996,59,0.2631578947368421,0.9090909090909091,0.4081632653061224,1.0345916549063454
1935,cicids2017_fri_c0,0.08087500000000003,19.200000000000003,59,0.8205128205128205,0.9142857142857143,0.8648648648648648,1.1218078883651474
1936,cicids2017_fri_c0,0.08040000000000003,17.200000000000003,59,0.7333333333333333,0.9428571428571428,0.8250000000000001,1.0985857006319018
1937,cicids2017_tue_c0,0.07992500000000002,26.400000000000013,59,0.7777777777777778,1.0,0.8750000000000001,1.1187089986146437
1938,cicids2017_wed_c0,0.07945000000000002,15.399999999999999,59,0.6363636363636364,1.0,0.7777777777777778,1.0993746237879973
1939,cicids2017_wed_c1,0.07897500000000002,-17.6,59,0.2727272727272727,0.8181818181818182,0.4090909090909091,1.0843151968226148
1940,cicids2017_fri_c0,0.07850000000000001,13.499999999999993,59,0.775,0.8857142857142857,0.8266666666666667,1.0791356121445772
1941,cicids2017_fri_c0,0.07802500000000001,16.799999999999997,59,0.8378378378378378,0.8857142857142857,0.8611111111111112,1.1449421496702343
1942,cicids2017_tue_c0,0.07755000000000012,21.40000000000001,59,0.8648648648648649,0.9142857142857143,0.888888888888889,1.1110213300384266
1943,cicids2017_wed_c1,0.077075,5.699999999999987,59,0.625,0.9090909090909091,0.7407407407407406,1.1352938064536007
1944,cicids2017_fri_c0,0.07660000000000011,21.60000000000001,59,0.8048780487804879,0.9428571428571428,0.868421052631579,1.1323978042922442
1945,cicids2017_tue_c0,0.076125,25.100000000000012,59,0.8095238095238095,0.9714285714285714,0.8831168831168832,1.1314270385809844
1946,cicids2017_fri_c0,0.0756500000000001,-1.8000000000000043,59,0.7878787878787878,0.7428571428571429,0.7647058823529412,1.1427026210243951
1947,cicids2017_fri_c0,0.07517499999999999,26.0,59,0.8918918918918919,0.9428571428571428,0.9166666666666667,1.171631709900404
1948,cicids2017_wed_c1,0.0747000000000001,-13.900000000000006,59,0.2894736842105263,1.0,0.4489795918367347,1.117678520631689
1949,cicids2017_fri_c0,0.07422499999999999,28.40000000000001,59,0.8717948717948718,0.9714285714285714,0.9189189189189189,1.1153348314661933
1950,cicids2017_tue_c0,0.0737500000000001,18.100000000000012,59,0.8,0.9142857142857143,0.8533333333333333,1.166653195098923
1951,cicids2017_wed_c1,0.07327499999999998,-12.800000000000004,59,0.2972972972972973,1.0,0.4583333333333333,1.1315108225777442
1952,cicids2017_wed_c0,0.07280000000000009,4.899999999999999,59,0.6153846153846154,0.9142857142857143,0.7356321839080461,1.129293493746488
1953,cicids2017_fri_c0,0.07232499999999997,28.400000000000006,59,0.8717948717948718,0.9714285714285714,0.9189189189189189,1.1175838892089591
1954,cicids2017_tue_c0,0.07185000000000008,21.600000000000005,59,0.8048780487804879,0.9428571428571428,0.868421052631579,1.0948776326618894
1955,cicids2017_wed_c1,0.07137499999999997,-11.700000000000005,59,0.3055555555555556,1.0,0.46808510638297873,1.0569300073138783
1956,cicids2017_tue_c0,0.07090000000000007,26.20000000000001,59,0.8292682926829268,0.9714285714285714,0.8947368421052632,1.0792664662039475
1957,cicids2017_wed_c0,0.07042499999999996,9.7,59,0.6071428571428571,0.9714285714285714,0.7472527472527473,1.103288003756681
1958,cicids2017_wed_c0,0.06995000000000007,1.6,59,0.5818181818181818,0.9142857142857143,0.7111111111111111,1.0271780507908157
1959,cicids2017_wed_c0,0.06947499999999995,14.100000000000007,59,0.6538461538461539,0.9714285714285714,0.7816091954022988,1.0632694253773072
1960,cicids2017_fri_c0,0.06900000000000006,8.899999999999997,59,0.75,0.8571428571428571,0.7999999999999999,1.0069226717398212
1961,cicids2017_wed_c1,0.06852500000000006,-9.500000000000007,59,0.3235294117647059,1.0,0.48888888888888893,1.0724799382347445
1962,cicids2017_wed_c1,0.06805000000000005,-8.400000000000006,59,0.3333333333333333,1.0,0.5,1.086888259642803
1963,cicids2017_fri_c0,0.06757500000000005,19.200000000000014,59,0.8205128205128205,0.9142857142857143,0.8648648648648648,1.08530668283566
1964,cicids2017_wed_c1,0.06710000000000005,-16.3,59,0.2777777777777778,0.9090909090909091,0.4255319148936171,1.1100979840226501
1965,cicids2017_wed_c1,0.06662500000000005,-9.500000000000004,59,0.3235294117647059,1.0,0.48888888888888893,1.0877121336671642
1966,cicids2017_wed_c0,0.06615000000000004,16.5,59,0.6481481481481481,1.0,0.7865168539325843,1.140613864763106
1967,cicids2017_tue_c0,0.06567500000000004,17.0,59,0.7804878048780488,0.9142857142857143,0.8421052631578947,1.0886398437129507
1968,cicids2017_tue_c0,0.06520000000000004,28.60000000000001,59,0.813953488372093,1.0,0.8974358974358974,1.1199657584048646
1969,cicids2017_wed_c1,0.06472500000000003,-8.400000000000006,59,0.3333333333333333,1.0,0.5,1.1336325665277118
1970,cicids2017_fri_c0,0.06425000000000003,17.0,59,0.7804878048780488,0.9142857142857143,0.8421052631578947,1.0881447255165062
1971,cicids2017_wed_c1,0.06377500000000003,-17.2,59,0.2682926829268293,1.0,0.4230769230769231,1.1458689409005582
1972,cicids2017_wed_c1,0.06330000000000002,-8.400000000000002,59,0.3333333333333333,1.0,0.5,1.1291439043104001
1973,cicids2017_wed_c0,0.06282500000000002,8.399999999999999,59,0.6226415094339622,0.9428571428571428,0.7500000000000001,1.129801109532191
1974,cicids2017_tue_c0,0.062350000000000017,19.4,59,0.7674418604651163,0.9428571428571428,0.8461538461538461,1.0929676376555935
1975,cicids2017_wed_c0,0.06187500000000001,14.299999999999999,59,0.625,1.0,0.7692307692307693,1.145833383076561
1976,cicids2017_fri_c0,0.06140000000000001,16.599999999999998,59,0.9090909090909091,0.8571428571428571,0.8823529411764706,1.1115655497277421
1977,cicids2017_wed_c1,0.06092500000000001,-20.5,59,0.25,1.0,0.4,1.1261643711015745
1978,cicids2017_tue_c0,0.060450000000000004,24.900000000000013,59,0.868421052631579,0.9428571428571428,0.904109589041096,1.0946928844803088
1979,cicids2017_fri_c0,0.059975,20.299999999999997,59,0.8421052631578947,0.9142857142857143,0.8767123287671234,1.1613175572284995
1980,cicids2017_wed_c1,0.0595,-8.600000000000007,59,0.3448275862068966,0.9090909090909091,0.5000000000000001,1.0767574447077912
1981,cicids2017_wed_c0,0.059024999999999994,12.100000000000001,59,0.603448275862069,1.0,0.7526881720430108,1.1391418334801293
1982,cicids2017_wed_c0,0.0585500000000001,14.300000000000002,59,0.625,1.0,0.7692307692307693,1.0937453467112417
1983,cicids2017_fri_c0,0.05807499999999999,16.8,59,0.8378378378378378,0.8857142857142857,0.8611111111111112,1.098452054691831
1984,cicids2017_wed_c1,0.057600000000000096,5.69999999999999,59,0.625,0.9090909090909091,0.7407407407407406,1.054772013334253
1985,cicids2017_wed_c0,0.05712499999999998,10.799999999999999,59,0.6181818181818182,0.9714285714285714,0.7555555555555554,1.079730974145205
1986,cicids2017_wed_c1,0.05665000000000009,-13.900000000000004,59,0.2894736842105263,1.0,0.4489795918367347,1.0089442506722714
1987,cicids2017_wed_c1,0.056174999999999975,-11.900000000000002,59,0.3125,0.9090909090909091,0.4651162790697674,1.0861346990858998
1988,cicids2017_fri_c0,0.05570000000000008,21.599999999999998,59,0.8048780487804879,0.9428571428571428,0.868421052631579,1.0358399988963218
1989,cicids2017_fri_c0,0.05522499999999997,10.199999999999998,59,0.7209302325581395,0.8857142857142857,0.7948717948717948,1.1157528473999034
1990,cicids2017_wed_c1,0.054750000000000076,4.799999999999988,59,0.5238095238095238,1.0,0.6875000000000001,1.1180787354274662
1991,cicids2017_wed_c0,0.05427499999999996,8.399999999999999,59,0.6226415094339622,0.9428571428571428,0.7500000000000001,1.086017506108425
1992,cicids2017_tue_c0,0.05380000000000007,22.7,59,0.825,0.9428571428571428,0.88,1.0986016609026676
1993,cicids2017_tue_c0,0.053324999999999956,18.300000000000004,59,0.75,0.9428571428571428,0.8354430379746834,1.0792324214001003
1994,cicids2017_wed_c0,0.052850000000000064,7.5,59,0.5862068965517241,0.9714285714285714,0.7311827956989247,1.1158551873099785
1995,cicids2017_wed_c1,0.05237499999999995,-3.100000000000006,59,0.4166666666666667,0.9090909090909091,0.5714285714285715,1.0998432509772549
1996,cicids2017_fri_c0,0.05190000000000006,29.500000000000004,59,0.8947368421052632,0.9714285714285714,0.9315068493150684,1.1300448031754746
1997,cicids2017_wed_c0,0.05142499999999994,19.800000000000004,59,0.6862745098039216,1.0,0.813953488372093,1.187124905470614
1998,cicids2017_wed_c1,0.05095000000000005,-7.300000000000005,59,0.34375,1.0,0.5116279069767442,1.1221925563617212
1999,cicids2017_tue_c0,0.05047499999999994,21.800000000000008,59,0.7555555555555555,0.9714285714285714,0.85,1.067252585361672
2000,cicids2017_tue_c0,0.050000000000000044,17.000000000000014,59,0.7804878048780488,0.9142857142857143,0.8421052631578947,1.0667571466679313
2001,cicids2017_wed_c1,0.050000000000000044,-9.500000000000004,59,0.3235294117647059,1.0,0.48888888888888893,1.0741694602729635
2002,cicids2017_fri_c0,0.050000000000000044,21.600000000000005,59,0.8048780487804879,0.9428571428571428,0.868421052631579,1.136573250264202
2003,cicids2017_tue_c0,0.050000000000000044,20.30000000000001,59,0.8421052631578947,0.9142857142857143,0.8767123287671234,1.043659748167708
2004,cicids2017_tue_c0,0.050000000000000044,26.400000000000013,59,0.7777777777777778,1.0,0.8750000000000001,1.0458388935184273
2005,cicids2017_wed_c1,0.050000000000000044,-14.100000000000001,59,0.29411764705882354,0.9090909090909091,0.4444444444444445,1.0774159639694754
2006,cicids2017_fri_c0,0.050000000000000044,31.900000000000013,59,0.875,1.0,0.9333333333333333,1.1127345064995047
2007,cicids2017_tue_c0,0.050000000000000044,26.20000000000001,59,0.8292682926829268,0.9714285714285714,0.8947368421052632,1.1423294001289
2008,cicids2017_fri_c0,0.050000000000000044,21.799999999999997,59,0.7555555555555555,0.9714285714285714,0.85,1.1083205120019601
2009,cicids2017_wed_c1,0.050000000000000044,-19.8,59,0.2571428571428571,0.8181818181818182,0.39130434782608686,1.0998672976822177
2010,cicids2017_wed_c0,0.050000000000000044,13.0,59,0.6415094339622641,0.9714285714285714,0.7727272727272727,1.065658513352349
2011,cicids2017_tue_c0,0.050000000000000044,28.60000000000001,59,0.813953488372093,1.0,0.8974358974358974,1.0697237162469402
2012,cicids2017_tue_c0,0.050000000000000044,24.20000000000001,59,0.7446808510638298,1.0,0.8536585365853657,1.0750750273573448
2013,cicids2017_fri_c0,0.050000000000000044,29.499999999999996,59,0.8947368421052632,0.9714285714285714,0.9315068493150684,1.0917762961858193
2014,cicids2017_wed_c1,0.050000000000000044,-15.000000000000005,59,0.28205128205128205,1.0,0.44000000000000006,1.1386277951445583
2015,cicids2017_wed_c0,0.050000000000000044,15.400000000000006,59,0.6363636363636364,1.0,0.7777777777777778,1.0977165117540055
2016,cicids2017_tue_c0,0.050000000000000044,29.700000000000017,59,0.8333333333333334,1.0,0.9090909090909091,1.07344580372674
2017,cicids2017_tue_c0,0.050000000000000044,20.300000000000004,59,0.8421052631578947,0.9142857142857143,0.8767123287671234,1.0848121301731677
2018,cicids2017_wed_c0,0.050000000000000044,13.200000000000003,59,0.6140350877192983,1.0,0.7608695652173912,1.067567415281855
2019,cicids2017_wed_c0,0.050000000000000044,7.299999999999999,59,0.6111111111111112,0.9428571428571428,0.7415730337078652,1.0497999649948753
2020,cicids2017_tue_c0,0.050000000000000044,26.200000000000017,59,0.8292682926829268,0.9714285714285714,0.8947368421052632,1.093031761483127
2021,cicids2017_tue_c0,0.050000000000000044,14.6,59,0.7948717948717948,0.8857142857142857,0.8378378378378378,1.0324704832756415
2022,cicids2017_wed_c0,0.050000000000000044,7.299999999999999,59,0.6111111111111112,0.9428571428571428,0.7415730337078652,1.052346042149999
2023,cicids2017_wed_c0,0.050000000000000044,15.400000000000004,59,0.6363636363636364,1.0,0.7777777777777778,1.0813948637055726
2024,cicids2017_wed_c0,0.050000000000000044,7.299999999999999,59,0.6111111111111112,0.9428571428571428,0.7415730337078652,1.0382045519311054
2025,cicids2017_fri_c0,0.050000000000000044,26.200000000000003,59,0.8292682926829268,0.9714285714285714,0.8947368421052632,1.092336680275358
2026,cicids2017_tue_c0,0.050000000000000044,30.80000000000001,59,0.8536585365853658,1.0,0.9210526315789475,1.0868965214263562
2027,cicids2017_wed_c0,0.050000000000000044,16.500000000000007,59,0.6481481481481481,1.0,0.7865168539325843,1.1083857553079297
2028,cicids2017_wed_c1,0.050000000000000044,-7.300000000000002,59,0.34375,1.0,0.5116279069767442,1.1389642120801418
2029,cicids2017_wed_c0,0.050000000000000044,13.000000000000004,59,0.6415094339622641,0.9714285714285714,0.7727272727272727,1.155938955995658
2030,cicids2017_tue_c0,0.050000000000000044,19.200000000000003,59,0.8205128205128205,0.9142857142857143,0.8648648648648648,1.1330909489897592
2031,cicids2017_wed_c0,0.050000000000000044,5.999999999999998,59,0.6274509803921569,0.9142857142857143,0.7441860465116279,1.0893552621188842
2032,cicids2017_fri_c0,0.050000000000000044,11.100000000000001,59,0.7894736842105263,0.8571428571428571,0.8219178082191781,1.0913921577009575
2033,cicids2017_fri_c0,0.050000000000000044,14.600000000000007,59,0.7948717948717948,0.8857142857142857,0.8378378378378378,1.1020914911714463
2034,cicids2017_wed_c0,0.050000000000000044,11.899999999999999,59,0.6296296296296297,0.9714285714285714,0.7640449438202247,1.0851210057606433
2035,cicids2017_wed_c1,0.050000000000000044,-5.1,59,0.36666666666666664,1.0,0.5365853658536585,1.1149208244153332
2036,cicids2017_wed_c1,0.050000000000000044,-7.300000000000003,59,0.34375,1.0,0.5116279069767442,1.1102297567995014
2037,cicids2017_wed_c0,0.050000000000000044,16.500000000000004,59,0.6481481481481481,1.0,0.7865168539325843,1.185545365963493
2038,cicids2017_fri_c0,0.050000000000000044,29.5,59,0.8947368421052632,0.9714285714285714,0.9315068493150684,1.0963959782158033
2039,cicids2017_wed_c1,0.050000000000000044,-7.300000000000006,59,0.34375,1.0,0.5116279069767442,1.0889109291751873
2040,cicids2017_tue_c0,0.050000000000000044,27.5,59,0.7954545454545454,1.0,0.8860759493670886,1.118096444757446
2041,cicids2017_tue_c0,0.050000000000000044,26.200000000000017,59,0.8292682926829268,0.9714285714285714,0.8947368421052632,1.0520009189428872
2042,cicids2017_wed_c1,0.050000000000000044,-4.000000000000007,59,0.3793103448275862,1.0,0.5499999999999999,1.1115554639084875
2043,cicids2017_wed_c0,0.050000000000000044,18.70000000000001,59,0.6730769230769231,1.0,0.8045977011494253,1.0913011514300963
2044,cicids2017_wed_c0,0.050000000000000044,13.0,59,0.6415094339622641,0.9714285714285714,0.7727272727272727,1.037228446547615
2045,cicids2017_tue_c0,0.050000000000000044,14.799999999999997,59,0.7441860465116279,0.9142857142857143,0.8205128205128205,1.0652972629129347
2046,cicids2017_wed_c1,0.050000000000000044,-18.300000000000004,59,0.2619047619047619,1.0,0.41509433962264153,1.0553527959888613
2047,cicids2017_tue_c0,0.050000000000000044,24.90000000000001,59,0.868421052631579,0.9428571428571428,0.904109589041096,1.0884770943346649
2048,cicids2017_wed_c0,0.050000000000000044,18.7,59,0.6730769230769231,1.0,0.8045977011494253,1.0353171900879492
2049,cicids2017_wed_c1,0.050000000000000044,-13.9,59,0.2894736842105263,1.0,0.4489795918367347,1.06668111067937
2050,cicids2017_wed_c0,0.050000000000000044,13.200000000000001,59,0.6140350877192983,1.0,0.7608695652173912,1.0835839866460326
2051,cicids2017_fri_c0,0.050000000000000044,6.699999999999999,59,0.7142857142857143,0.8571428571428571,0.7792207792207793,1.1023296089736794
2052,cicids2017_tue_c0,0.050000000000000044,29.70000000000001,59,0.8333333333333334,1.0,0.9090909090909091,1.0569739323813114
2053,cicids2017_tue_c0,0.050000000000000044,28.6,59,0.813953488372093,1.0,0.8974358974358974,1.0734179483121753
2054,cicids2017_wed_c1,0.050000000000000044,-5.300000000000001,59,0.38461538461538464,0.9090909090909091,0.5405405405405405,1.0489386025988656
2055,cicids2017_wed_c0,0.050000000000000044,9.7,59,0.6071428571428571,0.9714285714285714,0.7472527472527473,1.0607965051295414
2056,cicids2017_tue_c0,0.050000000000000044,22.900000000000013,59,0.7727272727272727,0.9714285714285714,0.8607594936708862,1.1046299402421271
2057,cicids2017_wed_c0,0.050000000000000044,14.299999999999999,59,0.625,1.0,0.7692307692307693,1.0918586273032351
2058,cicids2017_wed_c0,0.050000000000000044,10.799999999999999,59,0.6181818181818182,0.9714285714285714,0.7555555555555554,1.1234710674875166
2059,cicids2017_tue_c0,0.050000000000000044,24.900000000000013,59,0.868421052631579,0.9428571428571428,0.904109589041096,1.0789929595999144
2060,cicids2017_tue_c0,0.050000000000000044,23.800000000000008,59,0.8461538461538461,0.9428571428571428,0.8918918918918919,1.0590346026563626
2061,cicids2017_wed_c1,0.050000000000000044,-15.200000000000003,59,0.2857142857142857,0.9090909090909091,0.43478260869565216,1.0464366107967142
2062,cicids2017_wed_c0,0.050000000000000044,12.1,59,0.603448275862069,1.0,0.7526881720430108,1.0760214365852618
2063,cicids2017_fri_c0,0.050000000000000044,25.100000000000012,59,0.8095238095238095,0.9714285714285714,0.8831168831168832,1.099414000801744
2064,cicids2017_wed_c0,0.050000000000000044,11.899999999999999,59,0.6296296296296297,0.9714285714285714,0.7640449438202247,1.1125240344909981
2065,cicids2017_wed_c0,0.050000000000000044,7.099999999999998,59,0.64,0.9142857142857143,0.7529411764705883,1.097503943259751
2066,cicids2017_wed_c0,0.050000000000000044,15.4,59,0.6363636363636364,1.0,0.7777777777777778,1.163872591346676
2067,cicids2017_wed_c0,0.050000000000000044,11.9,59,0.6296296296296297,0.9714285714285714,0.7640449438202247,1.1030717477378962
2068,cicids2017_wed_c1,0.050000000000000044,-1.799999999999999,59,0.4074074074074074,1.0,0.5789473684210525,1.0744723057501426
2069,cicids2017_tue_c0,0.050000000000000044,23.10000000000001,59,0.7291666666666666,1.0,0.8433734939759037,1.1061291604174852
2070,cicids2017_tue_c0,0.050000000000000044,24.000000000000014,59,0.7906976744186046,0.9714285714285714,0.8717948717948717,1.0616644377197206
2071,cicids2017_fri_c0,0.050000000000000044,-9.500000000000002,59,0.65,0.7428571428571429,0.6933333333333334,1.0806304381716472
2072,cicids2017_wed_c0,0.050000000000000044,11.899999999999999,59,0.6296296296296297,0.9714285714285714,0.7640449438202247,1.0875781213203781
2073,cicids2017_tue_c0,0.050000000000000044,26.400000000000013,59,0.7777777777777778,1.0,0.8750000000000001,1.0848179717460604
2074,cicids2017_tue_c0,0.050000000000000044,21.800000000000008,59,0.7555555555555555,0.9714285714285714,0.85,1.0970799078245648
2075,cicids2017_wed_c0,0.050000000000000044,15.400000000000002,59,0.6363636363636364,1.0,0.7777777777777778,1.0705161598033368
2076,cicids2017_tue_c0,0.050000000000000044,29.700000000000017,59,0.8333333333333334,1.0,0.9090909090909091,1.0692201301628717
2077,cicids2017_tue_c0,0.050000000000000044,28.60000000000001,59,0.813953488372093,1.0,0.8974358974358974,1.054211450499351
2078,cicids2017_tue_c0,0.050000000000000044,18.100000000000012,59,0.8,0.9142857142857143,0.8533333333333333,1.1109634375096953
2079,cicids2017_tue_c0,0.050000000000000044,18.300000000000004,59,0.75,0.9428571428571428,0.8354430379746834,1.1053047330410894
2080,cicids2017_fri_c0,0.050000000000000044,-0.7000000000000016,59,0.8125,0.7428571428571429,0.7761194029850748,1.1471387229272514
2081,cicids2017_wed_c1,0.050000000000000044,-22.89999999999999,59,0.23809523809523808,0.9090909090909091,0.3773584905660377,1.0634227017792006
2082,cicids2017_fri_c0,0.050000000000000044,22.7,59,0.825,0.9428571428571428,0.88,1.1582231694148668
2083,cicids2017_tue_c0,0.050000000000000044,25.10000000000001,59,0.8095238095238095,0.9714285714285714,0.8831168831168832,1.1011909997013527
2084,cicids2017_wed_c0,0.050000000000000044,10.8,59,0.6181818181818182,0.9714285714285714,0.7555555555555554,1.142024326503502
2085,cicids2017_fri_c0,0.050000000000000044,20.5,59,0.7857142857142857,0.9428571428571428,0.8571428571428571,1.109639498069161
2086,cicids2017_wed_c0,0.050000000000000044,8.399999999999999,59,0.6226415094339622,0.9428571428571428,0.7500000000000001,1.1243848642330294
2087,cicids2017_wed_c0,0.050000000000000044,10.799999999999999,59,0.6181818181818182,0.9714285714285714,0.7555555555555554,1.1323143995427836
2088,cicids2017_wed_c0,0.050000000000000044,15.400000000000006,59,0.6363636363636364,1.0,0.7777777777777778,1.1152714405629696
2089,cicids2017_tue_c0,0.050000000000000044,17.20000000000001,59,0.7333333333333333,0.9428571428571428,0.8250000000000001,1.1197383660156655
2090,cicids2017_fri_c0,0.050000000000000044,24.0,59,0.7906976744186046,0.9714285714285714,0.8717948717948717,1.1069793436142834
2091,cicids2017_wed_c1,0.050000000000000044,-11.700000000000006,59,0.3055555555555556,1.0,0.46808510638297873,1.084063802036706
2092,cicids2017_tue_c0,0.050000000000000044,27.300000000000015,59,0.85,0.9714285714285714,0.9066666666666667,1.0869135086780581
2093,cicids2017_wed_c1,0.050000000000000044,-9.500000000000005,59,0.3235294117647059,1.0,0.48888888888888893,1.0734129051639705
2094,cicids2017_fri_c0,0.050000000000000044,22.9,59,0.7727272727272727,0.9714285714285714,0.8607594936708862,1.1464218874265775
2095,cicids2017_fri_c0,0.050000000000000044,17.899999999999995,59,0.8611111111111112,0.8857142857142857,0.8732394366197184,1.0422562904358361
2096,cicids2017_wed_c1,0.050000000000000044,-5.100000000000005,59,0.36666666666666664,1.0,0.5365853658536585,1.098662061897431
2097,cicids2017_wed_c1,0.050000000000000044,5.69999999999999,59,0.625,0.9090909090909091,0.7407407407407406,1.149126017712414
2098,cicids2017_wed_c1,0.050000000000000044,-8.400000000000007,59,0.3333333333333333,1.0,0.5,1.07268450846917
2099,cicids2017_wed_c1,0.050000000000000044,-4.000000000000004,59,0.3793103448275862,1.0,0.5499999999999999,1.1071406994488477
2100,cicids2017_fri_c0,0.050000000000000044,18.999999999999993,59,0.8857142857142857,0.8857142857142857,0.8857142857142857,1.0894111212928832
2101,cicids2017_wed_c1,0.050000000000000044,-6.400000000000004,59,0.37037037037037035,0.9090909090909091,0.5263157894736842,1.100966808809708
2102,cicids2017_wed_c0,0.050000000000000044,18.700000000000003,59,0.6730769230769231,1.0,0.8045977011494253,1.102957692459542
2103,cicids2017_fri_c0,0.050000000000000044,-8.8,59,0.7741935483870968,0.6857142857142857,0.7272727272727272,1.188539508204709
2104,cicids2017_fri_c0,0.050000000000000044,11.999999999999996,59,0.8787878787878788,0.8285714285714286,0.8529411764705883,1.1034744826650948
2105,cicids2017_wed_c1,0.050000000000000044,0.19999999999999238,59,0.47619047619047616,0.9090909090909091,0.6249999999999999,1.0650518764426815
2106,cicids2017_tue_c0,0.050000000000000044,19.6,59,0.723404255319149,0.9714285714285714,0.8292682926829269,1.1004037263193456
2107,cicids2017_wed_c1,0.050000000000000044,2.3999999999999897,59,0.5263157894736842,0.9090909090909091,0.6666666666666666,1.1774925043125046
2108,cicids2017_fri_c0,0.050000000000000044,14.599999999999998,59,0.7948717948717948,0.8857142857142857,0.8378378378378378,1.1672611691552586
2109,cicids2017_tue_c0,0.050000000000000044,20.500000000000014,59,0.7857142857142857,0.9428571428571428,0.8571428571428571,1.0711191650253649
2110,cicids2017_tue_c0,0.050000000000000044,31.900000000000013,59,0.875,1.0,0.9333333333333333,1.0915556238123374
2111,cicids2017_tue_c0,0.050000000000000044,15.700000000000003,59,0.8157894736842105,0.8857142857142857,0.8493150684931505,1.074342999024665
2112,cicids2017_wed_c0,0.050000000000000044,12.100000000000001,59,0.603448275862069,1.0,0.7526881720430108,1.0877077485494484
2113,cicids2017_wed_c1,0.050000000000000044,-15.0,59,0.28205128205128205,1.0,0.44000000000000006,1.0987529849150768
2114,cicids2017_wed_c1,0.050000000000000044,2.6,59,0.4782608695652174,1.0,0.6470588235294118,1.121793363622456
2115,cicids2017_wed_c0,0.050000000000000044,9.7,59,0.6071428571428571,0.9714285714285714,0.7472527472527473,1.1020881775583529
2116,cicids2017_fri_c0,0.050000000000000044,12.200000000000003,59,0.8108108108108109,0.8571428571428571,0.8333333333333334,1.1463596538975631
2117,cicids2017_wed_c1,0.050000000000000044,1.2999999999999892,59,0.5,0.9090909090909091,0.6451612903225806,1.0981884394745958
2118,cicids2017_wed_c0,0.050000000000000044,4.8999999999999995,59,0.6153846153846154,0.9142857142857143,0.7356321839080461,1.1269955501230764
2119,cicids2017_wed_c0,0.050000000000000044,8.199999999999998,59,0.6530612244897959,0.9142857142857143,0.7619047619047618,1.0942377458886847
2120,cicids2017_wed_c0,0.050000000000000044,10.599999999999998,59,0.6470588235294118,0.9428571428571428,0.7674418604651163,1.1039606839931018
2121,cicids2017_wed_c1,0.050000000000000044,-12.800000000000006,59,0.2972972972972973,1.0,0.4583333333333333,1.1299262721752865
2122,cicids2017_wed_c1,0.050000000000000044,4.799999999999992,59,0.5238095238095238,1.0,0.6875000000000001,1.137888214349517
2123,cicids2017_wed_c0,0.050000000000000044,14.1,59,0.6538461538461539,0.9714285714285714,0.7816091954022988,1.0821835858761708
2124,cicids2017_wed_c0,0.050000000000000044,13.000000000000004,59,0.6415094339622641,0.9714285714285714,0.7727272727272727,1.0913952722606832
2125,cicids2017_wed_c0,0.050000000000000044,10.799999999999999,59,0.6181818181818182,0.9714285714285714,0.7555555555555554,1.1705840801036553
2126,cicids2017_tue_c0,0.050000000000000044,24.900000000000013,59,0.868421052631579,0.9428571428571428,0.904109589041096,1.0977413883166747
2127,cicids2017_tue_c0,0.050000000000000044,18.100000000000016,59,0.8,0.9142857142857143,0.8533333333333333,1.1152359081007108
2128,cicids2017_wed_c0,0.050000000000000044,15.4,59,0.6363636363636364,1.0,0.7777777777777778,1.0451535394247946
2129,cicids2017_fri_c0,0.050000000000000044,21.200000000000017,59,0.9393939393939394,0.8857142857142857,0.9117647058823529,1.1186187929919298
2130,cicids2017_tue_c0,0.050000000000000044,18.500000000000007,59,0.7083333333333334,0.9714285714285714,0.8192771084337349,1.0969465117576365
2131,cicids2017_wed_c0,0.050000000000000044,8.399999999999999,59,0.6226415094339622,0.9428571428571428,0.7500000000000001,1.0831424974478823
2132,cicids2017_wed_c1,0.050000000000000044,-7.300000000000003,59,0.34375,1.0,0.5116279069767442,1.1233813167432403
2133,cicids2017_wed_c0,0.050000000000000044,15.199999999999998,59,0.6666666666666666,0.9714285714285714,0.7906976744186046,1.125052960165014
2134,cicids2017_tue_c0,0.050000000000000044,18.300000000000004,59,0.75,0.9428571428571428,0.8354430379746834,1.1325518100934793
2135,cicids2017_tue_c0,0.050000000000000044,6.899999999999997,59,0.6739130434782609,0.8857142857142857,0.7654320987654321,1.1410861633758365
2136,cicids2017_wed_c0,0.050000000000000044,3.7999999999999994,59,0.6037735849056604,0.9142857142857143,0.7272727272727272,1.0801036175179628
2137,cicids2017_wed_c0,0.050000000000000044,16.500000000000007,59,0.6481481481481481,1.0,0.7865168539325843,1.081099982272176
2138,cicids2017_fri_c0,0.050000000000000044,26.2,59,0.8292682926829268,0.9714285714285714,0.8947368421052632,1.0862694425552781
2139,cicids2017_wed_c0,0.050000000000000044,15.399999999999999,59,0.6363636363636364,1.0,0.7777777777777778,1.016129634794559
2140,cicids2017_tue_c0,0.050000000000000044,34.100000000000016,59,0.9210526315789473,1.0,0.958904109589041,1.040459672095815
2141,cicids2017_wed_c0,0.050000000000000044,16.500000000000004,59,0.6481481481481481,1.0,0.7865168539325843,1.0809244278284496
2142,cicids2017_wed_c1,0.050000000000000044,-22.699999999999996,59,0.2391304347826087,1.0,0.3859649122807018,1.0666242558172625
2143,cicids2017_wed_c1,0.050000000000000044,-12.800000000000002,59,0.2972972972972973,1.0,0.4583333333333333,1.0992065294543485
2144,cicids2017_wed_c0,0.050000000000000044,11.900000000000006,59,0.6296296296296297,0.9714285714285714,0.7640449438202247,1.0852676961889274
2145,cicids2017_tue_c0,0.050000000000000044,17.200000000000017,59,0.7333333333333333,0.9428571428571428,0.8250000000000001,1.086160110913454
2146,cicids2017_tue_c0,0.050000000000000044,22.70000000000001,59,0.825,0.9428571428571428,0.88,1.1067959748075133
2147,cicids2017_fri_c0,0.050000000000000044,27.300000000000008,59,0.85,0.9714285714285714,0.9066666666666667,1.0872566514618485
2148,cicids2017_wed_c1,0.050000000000000044,5.8999999999999915,59,0.55,1.0,0.7096774193548387,1.0764571746174216
2149,cicids2017_wed_c1,0.050000000000000044,-15.000000000000005,59,0.28205128205128205,1.0,0.44000000000000006,1.143041674663811
2150,cicids2017_wed_c1,0.050000000000000044,-10.600000000000005,59,0.3142857142857143,1.0,0.4782608695652174,1.1567482938882678
2151,cicids2017_tue_c0,0.050000000000000044,27.30000000000001,59,0.85,0.9714285714285714,0.9066666666666667,1.0849902360824806
2152,cicids2017_tue_c0,0.050000000000000044,27.500000000000014,59,0.7954545454545454,1.0,0.8860759493670886,0.9945529629737287
2153,cicids2017_wed_c1,0.050000000000000044,-2.900000000000004,59,0.39285714285714285,1.0,0.5641025641025641,1.0527423735505235
2154,cicids2017_wed_c0,0.050000000000000044,17.60000000000001,59,0.660377358490566,1.0,0.7954545454545454,1.096738801782085
2155,cicids2017_wed_c0,0.050000000000000044,5.1,59,0.5892857142857143,0.9428571428571428,0.7252747252747254,1.0453116042991726
2156,cicids2017_tue_c0,0.050000000000000044,27.500000000000014,59,0.7954545454545454,1.0,0.8860759493670886,1.078644502664918
2157,cicids2017_tue_c0,0.050000000000000044,30.80000000000002,59,0.8536585365853658,1.0,0.9210526315789475,1.096190581127855
2158,cicids2017_wed_c0,0.050000000000000044,11.699999999999998,59,0.66,0.9428571428571428,0.7764705882352942,1.1209334255363257
2159,cicids2017_wed_c1,0.050000000000000044,-19.4,59,0.2558139534883721,1.0,0.40740740740740744,1.074640700778786
2160,cicids2017_tue_c0,0.050000000000000044,25.300000000000004,59,0.7608695652173914,1.0,0.8641975308641976,1.0952706222876858
2161,cicids2017_wed_c1,0.050000000000000044,-5.100000000000007,59,0.36666666666666664,1.0,0.5365853658536585,1.0878024100646515
2162,cicids2017_fri_c0,0.050000000000000044,25.100000000000005,59,0.8095238095238095,0.9714285714285714,0.8831168831168832,1.1059929636608
2163,cicids2017_tue_c0,0.050000000000000044,18.3,59,0.75,0.9428571428571428,0.8354430379746834,1.092951064827733
2164,cicids2017_wed_c1,0.050000000000000044,-15.000000000000002,59,0.28205128205128205,1.0,0.44000000000000006,1.1252217965386004
2165,cicids2017_wed_c1,0.050000000000000044,-15.200000000000003,59,0.2857142857142857,0.9090909090909091,0.43478260869565216,1.068133338743053
2166,cicids2017_wed_c1,0.050000000000000044,-7.300000000000005,59,0.34375,1.0,0.5116279069767442,1.124703867056942
2167,cicids2017_tue_c0,0.050000000000000044,21.60000000000001,59,0.8048780487804879,0.9428571428571428,0.868421052631579,1.1568221348759795
2168,cicids2017_wed_c1,0.050000000000000044,-6.200000000000003,59,0.3548387096774194,1.0,0.5238095238095238,1.1612710233544086
2169,cicids2017_wed_c1,0.050000000000000044,-4.000000000000008,59,0.3793103448275862,1.0,0.5499999999999999,1.0888641241810595
2170,cicids2017_wed_c1,0.050000000000000044,-8.400000000000004,59,0.3333333333333333,1.0,0.5,1.080276828302353
2171,cicids2017_fri_c0,0.050000000000000044,28.600000000000005,59,0.813953488372093,1.0,0.8974358974358974,1.145435064972927
2172,cicids2017_wed_c0,0.050000000000000044,10.599999999999998,59,0.6470588235294118,0.9428571428571428,0.7674418604651163,1.093722475717848
2173,cicids2017_wed_c1,0.050000000000000044,-10.600000000000007,59,0.3142857142857143,1.0,0.4782608695652174,1.128307517470465
2174,cicids2017_wed_c1,0.050000000000000044,0.1999999999999953,59,0.47619047619047616,0.9090909090909091,0.6249999999999999,1.1439604820414386
2175,cicids2017_fri_c0,0.050000000000000044,12.199999999999992,59,0.8108108108108109,0.8571428571428571,0.8333333333333334,1.0888299940684874
2176,cicids2017_wed_c1,0.050000000000000044,-13.900000000000002,59,0.2894736842105263,1.0,0.4489795918367347,1.0594206968598345
2177,cicids2017_fri_c0,0.050000000000000044,17.900000000000013,59,0.8611111111111112,0.8857142857142857,0.8732394366197184,1.0874531740018236
2178,cicids2017_tue_c0,0.050000000000000044,29.700000000000003,59,0.8333333333333334,1.0,0.9090909090909091,1.1118280665845097
2179,cicids2017_wed_c0,0.050000000000000044,14.1,59,0.6538461538461539,0.9714285714285714,0.7816091954022988,1.1336990082751774
2180,cicids2017_tue_c0,0.050000000000000044,29.500000000000007,59,0.8947368421052632,0.9714285714285714,0.9315068493150684,1.099088331960097
2181,cicids2017_wed_c0,0.050000000000000044,15.400000000000002,59,0.6363636363636364,1.0,0.7777777777777778,1.1251387852789914
2182,cicids2017_fri_c0,0.050000000000000044,21.60000000000001,59,0.8048780487804879,0.9428571428571428,0.868421052631579,1.1363455461190934
2183,cicids2017_wed_c0,0.050000000000000044,14.100000000000001,59,0.6538461538461539,0.9714285714285714,0.7816091954022988,1.1921896427536323
2184,cicids2017_wed_c0,0.050000000000000044,11.899999999999999,59,0.6296296296296297,0.9714285714285714,0.7640449438202247,1.1468527130806854
2185,cicids2017_wed_c0,0.050000000000000044,12.999999999999998,59,0.6415094339622641,0.9714285714285714,0.7727272727272727,1.1177934004025845
2186,cicids2017_tue_c0,0.050000000000000044,29.500000000000014,59,0.8947368421052632,0.9714285714285714,0.9315068493150684,1.1293369418854105
2187,cicids2017_tue_c0,0.050000000000000044,26.400000000000013,59,0.7777777777777778,1.0,0.8750000000000001,1.1556913335883734
2188,cicids2017_tue_c0,0.050000000000000044,17.70000000000001,59,0.9375,0.8571428571428571,0.8955223880597014,1.089535529135902
2189,cicids2017_tue_c0,0.050000000000000044,20.30000000000001,59,0.8421052631578947,0.9142857142857143,0.8767123287671234,1.1091214245313414
2190,cicids2017_wed_c0,0.050000000000000044,-3.4,59,0.6170212765957447,0.8285714285714286,0.7073170731707318,1.101057464015921
2191,cicids2017_tue_c0,0.050000000000000044,22.90000000000001,59,0.7727272727272727,0.9714285714285714,0.8607594936708862,1.0636795354318456
2192,cicids2017_tue_c0,0.050000000000000044,19.200000000000017,59,0.8205128205128205,0.9142857142857143,0.8648648648648648,1.0965712659561013
2193,cicids2017_tue_c0,0.050000000000000044,19.400000000000006,59,0.7674418604651163,0.9428571428571428,0.8461538461538461,1.1172284014332337
2194,cicids2017_fri_c0,0.050000000000000044,28.600000000000005,59,0.813953488372093,1.0,0.8974358974358974,1.0770308381450082
2195,cicids2017_wed_c0,0.050000000000000044,10.799999999999999,59,0.6181818181818182,0.9714285714285714,0.7555555555555554,1.1144172279757043
2196,cicids2017_wed_c1,0.050000000000000044,3.699999999999995,59,0.5,1.0,0.6666666666666666,1.1157181146849726
2197,cicids2017_tue_c0,0.050000000000000044,20.50000000000001,59,0.7857142857142857,0.9428571428571428,0.8571428571428571,1.1016871077895338
2198,cicids2017_wed_c1,0.050000000000000044,3.699999999999995,59,0.5,1.0,0.6666666666666666,1.1125810681592052
2199,cicids2017_wed_c0,0.050000000000000044,3.799999999999999,59,0.6037735849056604,0.9142857142857143,0.7272727272727272,1.145635406387567
2200,cicids2017_fri_c0,0.050000000000000044,27.300000000000004,59,0.85,0.9714285714285714,0.9066666666666667,1.11594201222705
2201,cicids2017_tue_c0,0.050000000000000044,20.10000000000001,59,0.9117647058823529,0.8857142857142857,0.8985507246376812,1.109776310939436
2202,cicids2017_fri_c0,0.050000000000000044,0.5999999999999965,59,0.7714285714285715,0.7714285714285715,0.7714285714285715,1.103653035669968
2203,cicids2017_fri_c0,0.050000000000000044,7.600000000000001,59,0.7837837837837838,0.8285714285714286,0.8055555555555555,1.1430364614392627
2204,cicids2017_tue_c0,0.050000000000000044,26.400000000000006,59,0.7777777777777778,1.0,0.8750000000000001,1.1127628493133601
2205,cicids2017_tue_c0,0.050000000000000044,22.70000000000001,59,0.825,0.9428571428571428,0.88,1.1016793460540117
2206,cicids2017_wed_c1,0.050000000000000044,1.299999999999993,59,0.5,0.9090909090909091,0.6451612903225806,1.1504290661547776
2207,cicids2017_fri_c0,0.050000000000000044,30.800000000000004,59,0.8536585365853658,1.0,0.9210526315789475,1.1576024261550013
2208,cicids2017_wed_c1,0.050000000000000044,-8.600000000000007,59,0.3448275862068966,0.9090909090909091,0.5000000000000001,1.1172980098747072
2209,cicids2017_fri_c0,0.050000000000000044,26.20000000000001,59,0.8292682926829268,0.9714285714285714,0.8947368421052632,1.1163332232021186
2210,cicids2017_fri_c0,0.050000000000000044,12.200000000000003,59,0.8108108108108109,0.8571428571428571,0.8333333333333334,1.0897273510319452
2211,cicids2017_wed_c0,0.050000000000000044,12.999999999999998,59,0.6415094339622641,0.9714285714285714,0.7727272727272727,1.0821946702482224
2212,cicids2017_wed_c1,0.050000000000000044,-11.900000000000006,59,0.3125,0.9090909090909091,0.4651162790697674,1.1372282000971314
2213,cicids2017_wed_c0,0.050000000000000044,9.7,59,0.6071428571428571,0.9714285714285714,0.7472527472527473,1.1302362764586786
2214,cicids2017_fri_c0,0.050000000000000044,-0.49999999999999967,59,0.75,0.7714285714285715,0.7605633802816902,1.1222272618110207
2215,cicids2017_fri_c0,0.050000000000000044,8.500000000000005,59,0.875,0.8,0.8358208955223881,1.0904586107767014
2216,cicids2017_tue_c0,0.050000000000000044,16.10000000000001,59,0.717391304347826,0.9428571428571428,0.8148148148148148,1.0188679207366158
2217,cicids2017_tue_c0,0.050000000000000044,27.30000000000001,59,0.85,0.9714285714285714,0.9066666666666667,1.0914187733492529
2218,cicids2017_wed_c1,0.050000000000000044,-35.999999999999986,59,0.15151515151515152,0.45454545454545453,0.22727272727272727,1.1284746382916733
2219,cicids2017_tue_c0,0.050000000000000044,16.1,59,0.717391304347826,0.9428571428571428,0.8148148148148148,1.0703483577961461
2220,cicids2017_fri_c0,0.050000000000000044,27.10000000000001,59,0.9166666666666666,0.9428571428571428,0.9295774647887323,1.0894858278648283
2221,cicids2017_wed_c1,0.050000000000000044,10.099999999999987,59,0.8333333333333334,0.9090909090909091,0.8695652173913043,1.1355872768287045
2222,cicids2017_fri_c0,0.050000000000000044,24.9,59,0.868421052631579,0.9428571428571428,0.904109589041096,1.1092017490850823
2223,cicids2017_fri_c0,0.050000000000000044,19.0,59,0.8857142857142857,0.8857142857142857,0.8857142857142857,1.1618791693451254
2224,cicids2017_tue_c0,0.050000000000000044,27.500000000000007,59,0.7954545454545454,1.0,0.8860759493670886,1.1356433983338936
2225,cicids2017_tue_c0,0.050000000000000044,16.1,59,0.717391304347826,0.9428571428571428,0.8148148148148148,1.0798671336135532
2226,cicids2017_wed_c0,0.050000000000000044,10.799999999999997,59,0.6181818181818182,0.9714285714285714,0.7555555555555554,1.1665204724290112
2227,cicids2017_wed_c1,0.050000000000000044,-1.8000000000000025,59,0.4074074074074074,1.0,0.5789473684210525,1.17643505001594
2228,cicids2017_wed_c1,0.050000000000000044,-13.900000000000004,59,0.2894736842105263,1.0,0.4489795918367347,1.2084282984854786
2229,cicids2017_tue_c0,0.050000000000000044,26.20000000000001,59,0.8292682926829268,0.9714285714285714,0.8947368421052632,1.0743327749341232
2230,cicids2017_wed_c1,0.050000000000000044,-6.400000000000002,59,0.37037037037037035,0.9090909090909091,0.5263157894736842,1.102376072957946
2231,cicids2017_wed_c0,0.050000000000000044,13.0,59,0.6415094339622641,0.9714285714285714,0.7727272727272727,1.141732756425873
2232,cicids2017_fri_c0,0.050000000000000044,13.099999999999998,59,0.90625,0.8285714285714286,0.8656716417910447,1.113114506799827
2233,cicids2017_wed_c1,0.050000000000000044,-6.200000000000005,59,0.3548387096774194,1.0,0.5238095238095238,1.158167673701439
2234,cicids2017_fri_c0,0.050000000000000044,26.20000000000001,59,0.8292682926829268,0.9714285714285714,0.8947368421052632,1.1193003286451004
2235,cicids2017_wed_c0,0.050000000000000044,9.499999999999998,59,0.6346153846153846,0.9428571428571428,0.7586206896551724,1.1768982476879473
2236,cicids2017_wed_c1,0.050000000000000044,-13.900000000000006,59,0.2894736842105263,1.0,0.4489795918367347,1.1253365432741589
2237,cicids2017_fri_c0,0.050000000000000044,26.200000000000006,59,0.8292682926829268,0.9714285714285714,0.8947368421052632,1.067340489586374
2238,cicids2017_tue_c0,0.050000000000000044,27.500000000000014,59,0.7954545454545454,1.0,0.8860759493670886,1.0776133670104724
2239,cicids2017_tue_c0,0.050000000000000044,28.400000000000013,59,0.8717948717948718,0.9714285714285714,0.9189189189189189,1.1110284107060557
2240,cicids2017_wed_c1,0.050000000000000044,-17.200000000000003,59,0.2682926829268293,1.0,0.4230769230769231,1.1624467730603771
2241,cicids2017_fri_c0,0.050000000000000044,30.80000000000001,59,0.8536585365853658,1.0,0.9210526315789475,1.1115058482072766
2242,cicids2017_wed_c0,0.050000000000000044,6.199999999999999,59,0.6,0.9428571428571428,0.7333333333333334,1.1073933089479913
2243,cicids2017_tue_c0,0.050000000000000044,17.200000000000003,59,0.7333333333333333,0.9428571428571428,0.8250000000000001,1.1720877157760585
2244,cicids2017_fri_c0,0.050000000000000044,27.1,59,0.9166666666666666,0.9428571428571428,0.9295774647887323,1.1827782169618937
2245,cicids2017_wed_c0,0.050000000000000044,6.199999999999999,59,0.6,0.9428571428571428,0.7333333333333334,1.147822246240827
2246,cicids2017_wed_c1,0.050000000000000044,-16.3,59,0.2777777777777778,0.9090909090909091,0.4255319148936171,1.125768947689661
2247,cicids2017_wed_c0,0.050000000000000044,15.400000000000004,59,0.6363636363636364,1.0,0.7777777777777778,1.1253634348625203
2248,cicids2017_fri_c0,0.050000000000000044,12.200000000000014,59,0.8108108108108109,0.8571428571428571,0.8333333333333334,1.1816862923389062
2249,cicids2017_fri_c0,0.050000000000000044,17.7,59,0.9375,0.8571428571428571,0.8955223880597014,1.159759360562679
2250,cicids2017_tue_c0,0.050000000000000044,22.90000000000001,59,0.7727272727272727,0.9714285714285714,0.8607594936708862,1.139543096990002
2251,cicids2017_wed_c0,0.050000000000000044,11.899999999999999,59,0.6296296296296297,0.9714285714285714,0.7640449438202247,1.1383695841727506
2252,cicids2017_wed_c0,0.050000000000000044,9.499999999999998,59,0.6346153846153846,0.9428571428571428,0.7586206896551724,1.0899339027286283
2253,cicids2017_fri_c0,0.050000000000000044,27.30000000000002,59,0.85,0.9714285714285714,0.9066666666666667,1.1624719569175517
2254,cicids2017_wed_c0,0.050000000000000044,11.899999999999999,59,0.6296296296296297,0.9714285714285714,0.7640449438202247,1.1260298682351852
2255,cicids2017_tue_c0,0.050000000000000044,18.30000000000001,59,0.75,0.9428571428571428,0.8354430379746834,1.1315253731383335
2256,cicids2017_wed_c0,0.050000000000000044,9.7,59,0.6071428571428571,0.9714285714285714,0.7472527472527473,1.190168006275037
2257,cicids2017_wed_c1,0.050000000000000044,-18.5,59,0.2631578947368421,0.9090909090909091,0.4081632653061224,1.1866047661737509
2258,cicids2017_wed_c0,0.050000000000000044,19.6,59,0.723404255319149,0.9714285714285714,0.8292682926829269,1.15755316373699
2259,cicids2017_fri_c0,0.050000000000000044,15.699999999999996,59,0.8157894736842105,0.8857142857142857,0.8493150684931505,1.1763557853203104
2260,cicids2017_wed_c1,0.050000000000000044,-12.800000000000002,59,0.2972972972972973,1.0,0.4583333333333333,1.168529975489486
2261,cicids2017_fri_c0,0.050000000000000044,20.30000000000002,59,0.8421052631578947,0.9142857142857143,0.8767123287671234,1.1274836221924769
2262,cicids2017_wed_c1,0.050000000000000044,-0.6999999999999985,59,0.4230769230769231,1.0,0.5945945945945945,1.1649431267893988
2263,cicids2017_fri_c0,0.050000000000000044,26.200000000000006,59,0.8292682926829268,0.9714285714285714,0.8947368421052632,1.1694386817764313
2264,cicids2017_wed_c0,0.050000000000000044,15.400000000000002,59,0.6363636363636364,1.0,0.7777777777777778,1.1167488541322685
2265,cicids2017_fri_c0,0.050000000000000044,14.599999999999998,59,0.7948717948717948,0.8857142857142857,0.8378378378378378,1.130599443634942
2266,cicids2017_fri_c0,0.050000000000000044,30.8,59,0.8536585365853658,1.0,0.9210526315789475,1.1103312384152277
2267,cicids2017_wed_c0,0.050000000000000044,20.900000000000013,59,0.7,1.0,0.8235294117647058,1.1099597313330036
2268,cicids2017_wed_c0,0.050000000000000044,15.199999999999998,59,0.6666666666666666,0.9714285714285714,0.7906976744186046,1.0862081711481257
2269,cicids2017_fri_c0,0.050000000000000044,13.499999999999996,59,0.775,0.8857142857142857,0.8266666666666667,1.1300538908198416
2270,cicids2017_wed_c1,0.050000000000000044,-15.000000000000004,59,0.28205128205128205,1.0,0.44000000000000006,1.139320509220007
2271,cicids2017_tue_c0,0.050000000000000044,14.6,59,0.7948717948717948,0.8857142857142857,0.8378378378378378,1.185698427074175
2272,cicids2017_tue_c0,0.050000000000000044,11.999999999999995,59,0.8787878787878788,0.8285714285714286,0.8529411764705883,1.1115685026114286
2273,cicids2017_tue_c0,0.050000000000000044,24.000000000000007,59,0.7906976744186046,0.9714285714285714,0.8717948717948717,1.1904572807035159
2274,cicids2017_tue_c0,0.050000000000000044,25.30000000000001,59,0.7608695652173914,1.0,0.8641975308641976,1.1323204125559678
2275,cicids2017_fri_c0,0.050000000000000044,23.80000000000001,59,0.8461538461538461,0.9428571428571428,0.8918918918918919,1.1661984551756974
2276,cicids2017_tue_c0,0.050000000000000044,19.60000000000001,59,0.723404255319149,0.9714285714285714,0.8292682926829269,1.1275476122317751
2277,cicids2017_fri_c0,0.050000000000000044,20.299999999999997,59,0.8421052631578947,0.9142857142857143,0.8767123287671234,1.1859246088957418
2278,cicids2017_fri_c0,0.050000000000000044,22.699999999999996,59,0.825,0.9428571428571428,0.88,1.1878881295956358
2279,cicids2017_tue_c0,0.050000000000000044,21.80000000000002,59,0.7555555555555555,0.9714285714285714,0.85,1.1453615408452291
2280,cicids2017_wed_c0,0.050000000000000044,1.1999999999999988,59,0.6382978723404256,0.8571428571428571,0.7317073170731707,1.180536170462335
2281,cicids2017_wed_c1,0.050000000000000044,-7.300000000000005,59,0.34375,1.0,0.5116279069767442,1.1472169705813087
2282,cicids2017_tue_c0,0.050000000000000044,17.199999999999996,59,0.7333333333333333,0.9428571428571428,0.8250000000000001,1.217327929334766
2283,cicids2017_tue_c0,0.050000000000000044,28.400000000000013,59,0.8717948717948718,0.9714285714285714,0.9189189189189189,1.176548181903976
2284,cicids2017_wed_c1,0.050000000000000044,-7.300000000000001,59,0.34375,1.0,0.5116279069767442,1.177912917497039
2285,cicids2017_wed_c0,0.050000000000000044,14.3,59,0.625,1.0,0.7692307692307693,1.2119198380444314
2286,cicids2017_wed_c1,0.050000000000000044,-1.999999999999997,59,0.43478260869565216,0.9090909090909091,0.5882352941176471,1.1948769111773185
2287,cicids2017_wed_c1,0.050000000000000044,10.099999999999987,59,0.8333333333333334,0.9090909090909091,0.8695652173913043,1.1747856442441542
2288,cicids2017_wed_c1,0.050000000000000044,-9.500000000000004,59,0.3235294117647059,1.0,0.48888888888888893,1.1790543654234253
2289,cicids2017_wed_c1,0.050000000000000044,-15.000000000000004,59,0.28205128205128205,1.0,0.44000000000000006,1.1717412411584083
2290,cicids2017_tue_c0,0.050000000000000044,17.00000000000001,59,0.7804878048780488,0.9142857142857143,0.8421052631578947,1.1787018041881667
2291,cicids2017_tue_c0,0.050000000000000044,28.600000000000005,59,0.813953488372093,1.0,0.8974358974358974,1.1257656854811278
2292,cicids2017_tue_c0,0.050000000000000044,18.300000000000004,59,0.75,0.9428571428571428,0.8354430379746834,1.171483569445777
2293,cicids2017_fri_c0,0.050000000000000044,11.299999999999997,59,0.7380952380952381,0.8857142857142857,0.8051948051948051,1.1408103744582778
2294,cicids2017_wed_c0,0.050000000000000044,9.7,59,0.6071428571428571,0.9714285714285714,0.7472527472527473,1.1222014021708142
2295,cicids2017_wed_c0,0.050000000000000044,9.7,59,0.6071428571428571,0.9714285714285714,0.7472527472527473,1.096155138265757
2296,cicids2017_wed_c1,0.050000000000000044,-2.9000000000000052,59,0.39285714285714285,1.0,0.5641025641025641,1.1434585894085756
2297,cicids2017_fri_c0,0.050000000000000044,21.599999999999994,59,0.8048780487804879,0.9428571428571428,0.868421052631579,1.1135062362578083
2298,cicids2017_tue_c0,0.050000000000000044,24.20000000000001,59,0.7446808510638298,1.0,0.8536585365853657,1.1290790457452384
2299,cicids2017_fri_c0,0.050000000000000044,22.700000000000003,59,0.825,0.9428571428571428,0.88,1.1569145724479357
2300,cicids2017_wed_c1,0.050000000000000044,1.5000000000000018,59,0.4583333333333333,1.0,0.6285714285714286,1.164071066603393
2301,cicids2017_tue_c0,0.050000000000000044,24.900000000000013,59,0.868421052631579,0.9428571428571428,0.904109589041096,1.0711848341059966
2302,cicids2017_fri_c0,0.050000000000000044,23.799999999999997,59,0.8461538461538461,0.9428571428571428,0.8918918918918919,1.1168745246424012
2303,cicids2017_wed_c0,0.050000000000000044,15.200000000000003,59,0.6666666666666666,0.9714285714285714,0.7906976744186046,1.1252581641746608
2304,cicids2017_wed_c1,0.050000000000000044,-11.700000000000008,59,0.3055555555555556,1.0,0.46808510638297873,1.12552680888111
2305,cicids2017_wed_c1,0.050000000000000044,-42.39999999999999,59,0.13953488372093023,0.5454545454545454,0.22222222222222218,1.1242232848144018
2306,cicids2017_fri_c0,0.050000000000000044,18.10000000000001,59,0.8,0.9142857142857143,0.8533333333333333,1.1025421112948945
2307,cicids2017_tue_c0,0.050000000000000044,19.60000000000001,59,0.723404255319149,0.9714285714285714,0.8292682926829269,1.143547521039577
2308,cicids2017_fri_c0,0.050000000000000044,20.299999999999997,59,0.8421052631578947,0.9142857142857143,0.8767123287671234,1.1538445503530614
2309,cicids2017_tue_c0,0.050000000000000044,19.600000000000005,59,0.723404255319149,0.9714285714285714,0.8292682926829269,1.1784225198500795
2310,cicids2017_wed_c0,0.050000000000000044,13.899999999999995,59,0.6875,0.9428571428571428,0.7951807228915663,1.078708724751065
2311,cicids2017_tue_c0,0.050000000000000044,28.60000000000001,59,0.813953488372093,1.0,0.8974358974358974,1.1250296428369746
2312,cicids2017_fri_c0,0.050000000000000044,13.499999999999998,59,0.775,0.8857142857142857,0.8266666666666667,1.1446976799859316
2313,cicids2017_wed_c0,0.050000000000000044,16.300000000000004,59,0.68,0.9714285714285714,0.8,1.0982416160915298
2314,cicids2017_fri_c0,0.050000000000000044,-2.7000000000000046,59,0.7105263157894737,0.7714285714285715,0.7397260273972601,1.1027345105152542
2315,cicids2017_fri_c0,0.050000000000000044,16.799999999999997,59,0.8378378378378378,0.8857142857142857,0.8611111111111112,1.138363611068724
2316,cicids2017_fri_c0,0.050000000000000044,14.599999999999994,59,0.7948717948717948,0.8857142857142857,0.8378378378378378,1.1107519650198159
2317,cicids2017_fri_c0,0.050000000000000044,24.2,59,0.7446808510638298,1.0,0.8536585365853657,1.164857010047038
2318,cicids2017_tue_c0,0.050000000000000044,27.500000000000007,59,0.7954545454545454,1.0,0.8860759493670886,1.1641780413313103
2319,cicids2017_wed_c1,0.050000000000000044,-7.500000000000005,59,0.35714285714285715,0.9090909090909091,0.5128205128205129,1.1920435636806348
2320,cicids2017_wed_c1,0.050000000000000044,-10.600000000000007,59,0.3142857142857143,1.0,0.4782608695652174,1.2165563050905528
2321,cicids2017_fri_c0,0.050000000000000044,22.7,59,0.825,0.9428571428571428,0.88,1.1402935327241863
2322,cicids2017_fri_c0,0.050000000000000044,5.199999999999994,59,0.8,0.8,0.8000000000000002,1.1685599119510375
2323,cicids2017_tue_c0,0.050000000000000044,21.800000000000004,59,0.7555555555555555,0.9714285714285714,0.85,1.1157014222570631
2324,cicids2017_wed_c0,0.050000000000000044,14.099999999999998,59,0.6538461538461539,0.9714285714285714,0.7816091954022988,1.189402713540033
2325,cicids2017_wed_c0,0.050000000000000044,11.500000000000007,59,0.6956521739130435,0.9142857142857143,0.7901234567901234,1.1656027164639458
2326,cicids2017_wed_c1,0.050000000000000044,-0.7000000000000066,59,0.4230769230769231,1.0,0.5945945945945945,1.1011164701114544
2327,cicids2017_tue_c0,0.050000000000000044,20.500000000000007,59,0.7857142857142857,0.9428571428571428,0.8571428571428571,1.1434477268894816
2328,cicids2017_fri_c0,0.050000000000000044,21.400000000000013,59,0.8648648648648649,0.9142857142857143,0.888888888888889,1.1814175083409628
2329,cicids2017_fri_c0,0.050000000000000044,20.299999999999997,59,0.8421052631578947,0.9142857142857143,0.8767123287671234,1.2246624685407623
2330,cicids2017_fri_c0,0.050000000000000044,27.30000000000001,59,0.85,0.9714285714285714,0.9066666666666667,1.161918968352929
2331,cicids2017_fri_c0,0.050000000000000044,25.099999999999998,59,0.8095238095238095,0.9714285714285714,0.8831168831168832,1.1403422918489907
2332,cicids2017_wed_c1,0.050000000000000044,-6.400000000000004,59,0.37037037037037035,0.9090909090909091,0.5263157894736842,1.160507874698865
2333,cicids2017_tue_c0,0.050000000000000044,-15.399999999999999,59,0.6486486486486487,0.6857142857142857,0.6666666666666667,1.126882966717699
2334,cicids2017_wed_c1,0.050000000000000044,-19.6,59,0.2564102564102564,0.9090909090909091,0.3999999999999999,1.2091249337648913
2335,cicids2017_wed_c0,0.050000000000000044,3.799999999999999,59,0.6037735849056604,0.9142857142857143,0.7272727272727272,1.189500650176386
2336,cicids2017_wed_c0,0.050000000000000044,10.600000000000007,59,0.6470588235294118,0.9428571428571428,0.7674418604651163,1.167986443947756
2337,cicids2017_tue_c0,0.050000000000000044,9.100000000000005,59,0.7045454545454546,0.8857142857142857,0.7848101265822784,1.1294411805993438
2338,cicids2017_wed_c1,0.050000000000000044,-16.1,59,0.275,1.0,0.4313725490196079,1.1649691896267866
2339,cicids2017_fri_c0,0.050000000000000044,11.100000000000007,59,0.7894736842105263,0.8571428571428571,0.8219178082191781,1.1321275776350794
2340,cicids2017_fri_c0,0.050000000000000044,3.5999999999999988,59,0.6326530612244898,0.8857142857142857,0.7380952380952381,1.1813972931168617
2341,cicids2017_tue_c0,0.050000000000000044,20.500000000000007,59,0.7857142857142857,0.9428571428571428,0.8571428571428571,1.2490844310651577
2342,cicids2017_tue_c0,0.050000000000000044,27.30000000000001,59,0.85,0.9714285714285714,0.9066666666666667,1.203657622058523
2343,cicids2017_wed_c0,0.050000000000000044,10.8,59,0.6181818181818182,0.9714285714285714,0.7555555555555554,1.2336001601210933
2344,cicids2017_wed_c0,0.050000000000000044,14.300000000000004,59,0.625,1.0,0.7692307692307693,1.1525891513745572
2345,cicids2017_wed_c0,0.050000000000000044,10.600000000000005,59,0.6470588235294118,0.9428571428571428,0.7674418604651163,1.134263053524102
2346,cicids2017_tue_c0,0.050000000000000044,16.799999999999997,59,0.8378378378378378,0.8857142857142857,0.8611111111111112,1.1929945895335297
2347,cicids2017_tue_c0,0.050000000000000044,27.30000000000001,59,0.85,0.9714285714285714,0.9066666666666667,1.1801564512032658
2348,cicids2017_wed_c1,0.050000000000000044,-15.000000000000005,59,0.28205128205128205,1.0,0.44000000000000006,1.1184603598553051
2349,cicids2017_fri_c0,0.050000000000000044,12.199999999999998,59,0.8108108108108109,0.8571428571428571,0.8333333333333334,1.1859112023172629
2350,cicids2017_wed_c0,0.050000000000000044,5.999999999999998,59,0.6274509803921569,0.9142857142857143,0.7441860465116279,1.1907339267512465
2351,cicids2017_wed_c0,0.050000000000000044,12.999999999999998,59,0.6415094339622641,0.9714285714285714,0.7727272727272727,1.1754261530118486
2352,cicids2017_wed_c1,0.050000000000000044,-11.900000000000007,59,0.3125,0.9090909090909091,0.4651162790697674,1.1620710373011265
2353,cicids2017_wed_c0,0.050000000000000044,12.999999999999998,59,0.6415094339622641,0.9714285714285714,0.7727272727272727,1.1563102930523024
2354,cicids2017_tue_c0,0.050000000000000044,31.900000000000013,59,0.875,1.0,0.9333333333333333,1.1174051301140067
2355,cicids2017_tue_c0,0.050000000000000044,28.600000000000016,59,0.813953488372093,1.0,0.8974358974358974,1.1379898927532388
2356,cicids2017_tue_c0,0.050000000000000044,25.30000000000002,59,0.7608695652173914,1.0,0.8641975308641976,1.128336638182416
2357,cicids2017_tue_c0,0.050000000000000044,24.00000000000001,59,0.7906976744186046,0.9714285714285714,0.8717948717948717,1.2063373603453114
2358,cicids2017_fri_c0,0.050000000000000044,23.60000000000001,59,0.9142857142857143,0.9142857142857143,0.9142857142857143,1.1844752083944972
2359,cicids2017_wed_c0,0.050000000000000044,13.900000000000011,59,0.6875,0.9428571428571428,0.7951807228915663,1.190938449093699
2360,cicids2017_fri_c0,0.050000000000000044,20.300000000000008,59,0.8421052631578947,0.9142857142857143,0.8767123287671234,1.1739781025282383
2361,cicids2017_wed_c0,0.050000000000000044,15.200000000000005,59,0.6666666666666666,0.9714285714285714,0.7906976744186046,1.1879727829568916
2362,cicids2017_wed_c1,0.050000000000000044,-9.500000000000005,59,0.3235294117647059,1.0,0.48888888888888893,1.2058154663004939
2363,cicids2017_wed_c1,0.050000000000000044,-12.800000000000004,59,0.2972972972972973,1.0,0.4583333333333333,1.1885046011649674
2364,cicids2017_fri_c0,0.050000000000000044,22.700000000000003,59,0.825,0.9428571428571428,0.88,1.2081057362511973
2365,cicids2017_wed_c1,0.050000000000000044,-2.9000000000000026,59,0.39285714285714285,1.0,0.5641025641025641,1.1978014281163554
2366,cicids2017_fri_c0,0.050000000000000044,23.800000000000004,59,0.8461538461538461,0.9428571428571428,0.8918918918918919,1.2319214398844205
2367,cicids2017_tue_c0,0.050000000000000044,22.7,59,0.825,0.9428571428571428,0.88,1.158462089353127
2368,cicids2017_fri_c0,0.050000000000000044,11.099999999999998,59,0.7894736842105263,0.8571428571428571,0.8219178082191781,1.1975655669796441
2369,cicids2017_fri_c0,0.050000000000000044,0.7999999999999989,59,0.717948717948718,0.8,0.7567567567567569,1.2084975011091734
2370,cicids2017_fri_c0,0.050000000000000044,6.499999999999995,59,0.7631578947368421,0.8285714285714286,0.7945205479452055,1.1972211419800642
2371,cicids2017_fri_c0,0.050000000000000044,7.399999999999999,59,0.8484848484848485,0.8,0.823529411764706,1.129536091198018
2372,cicids2017_wed_c1,0.050000000000000044,-10.600000000000005,59,0.3142857142857143,1.0,0.4782608695652174,1.1363278641105232
2373,cicids2017_fri_c0,0.050000000000000044,23.6,59,0.9142857142857143,0.9142857142857143,0.9142857142857143,1.134611463692687
2374,cicids2017_tue_c0,0.050000000000000044,21.600000000000016,59,0.8048780487804879,0.9428571428571428,0.868421052631579,1.1268002787553644
2375,cicids2017_wed_c0,0.050000000000000044,20.9,59,0.7,1.0,0.8235294117647058,1.110268468093587
2376,cicids2017_wed_c1,0.050000000000000044,-8.400000000000006,59,0.3333333333333333,1.0,0.5,1.0978005193763072
2377,cicids2017_wed_c1,0.050000000000000044,-5.100000000000008,59,0.36666666666666664,1.0,0.5365853658536585,1.1760337375757821
2378,cicids2017_fri_c0,0.050000000000000044,13.300000000000006,59,0.8333333333333334,0.8571428571428571,0.8450704225352113,1.165471292256255
2379,cicids2017_wed_c1,0.050000000000000044,-12.800000000000002,59,0.2972972972972973,1.0,0.4583333333333333,1.1897805215832291
2380,cicids2017_wed_c0,0.050000000000000044,16.5,59,0.6481481481481481,1.0,0.7865168539325843,1.13854856532831
2381,cicids2017_fri_c0,0.050000000000000044,31.700000000000017,59,0.9444444444444444,0.9714285714285714,0.9577464788732395,1.120014549424775
2382,cicids2017_tue_c0,0.050000000000000044,26.20000000000001,59,0.8292682926829268,0.9714285714285714,0.8947368421052632,1.1895543764113872
2383,cicids2017_wed_c1,0.050000000000000044,-8.400000000000004,59,0.3333333333333333,1.0,0.5,1.1198077343068973
2384,cicids2017_tue_c0,0.050000000000000044,25.10000000000001,59,0.8095238095238095,0.9714285714285714,0.8831168831168832,1.1498637370896343
2385,cicids2017_fri_c0,0.050000000000000044,16.599999999999994,59,0.9090909090909091,0.8571428571428571,0.8823529411764706,1.151397577207587
2386,cicids2017_wed_c1,0.050000000000000044,-18.299999999999997,59,0.2619047619047619,1.0,0.41509433962264153,1.153514804765178
2387,cicids2017_wed_c1,0.050000000000000044,-13.900000000000004,59,0.2894736842105263,1.0,0.4489795918367347,1.1361355181514154
2388,cicids2017_wed_c1,0.050000000000000044,-11.700000000000005,59,0.3055555555555556,1.0,0.46808510638297873,1.1974386578581544
2389,cicids2017_wed_c1,0.050000000000000044,-13.900000000000002,59,0.2894736842105263,1.0,0.4489795918367347,1.1180635694679513
2390,cicids2017_wed_c1,0.050000000000000044,-0.7000000000000087,59,0.4230769230769231,1.0,0.5945945945945945,1.1646507734412117
2391,cicids2017_tue_c0,0.050000000000000044,19.400000000000006,59,0.7674418604651163,0.9428571428571428,0.8461538461538461,1.156838869078438
2392,cicids2017_fri_c0,0.050000000000000044,11.300000000000004,59,0.7380952380952381,0.8857142857142857,0.8051948051948051,1.1622539902248548
2393,cicids2017_wed_c0,0.050000000000000044,9.700000000000001,59,0.6071428571428571,0.9714285714285714,0.7472527472527473,1.1901186883126678
2394,cicids2017_fri_c0,0.050000000000000044,14.600000000000003,59,0.7948717948717948,0.8857142857142857,0.8378378378378378,1.199428197818631
2395,cicids2017_tue_c0,0.050000000000000044,21.6,59,0.8048780487804879,0.9428571428571428,0.868421052631579,1.1664008287613048
2396,cicids2017_wed_c0,0.050000000000000044,9.499999999999998,59,0.6346153846153846,0.9428571428571428,0.7586206896551724,1.141269549894816
2397,cicids2017_wed_c1,0.050000000000000044,-8.800000000000004,59,0.36,0.8181818181818182,0.5,1.1739864555559738
2398,cicids2017_tue_c0,0.050000000000000044,14.600000000000007,59,0.7948717948717948,0.8857142857142857,0.8378378378378378,1.165008796426991
2399,cicids2017_tue_c0,0.050000000000000044,16.100000000000005,59,0.717391304347826,0.9428571428571428,0.8148148148148148,1.211174517337049
2400,cicids2017_wed_c0,0.050000000000000044,7.299999999999999,59,0.6111111111111112,0.9428571428571428,0.7415730337078652,1.2572632129452377
2401,cicids2017_fri_c0,0.050000000000000044,13.299999999999997,59,0.8333333333333334,0.8571428571428571,0.8450704225352113,1.2337539782529483
2402,cicids2017_wed_c0,0.050000000000000044,15.400000000000006,59,0.6363636363636364,1.0,0.7777777777777778,1.2035906387208684
2403,cicids2017_wed_c0,0.050000000000000044,15.4,59,0.6363636363636364,1.0,0.7777777777777778,1.2407675031449963
2404,cicids2017_wed_c0,0.050000000000000044,10.6,59,0.6470588235294118,0.9428571428571428,0.7674418604651163,1.1846090779017782
2405,cicids2017_tue_c0,0.050000000000000044,28.60000000000001,59,0.813953488372093,1.0,0.8974358974358974,1.145017519023012
2406,cicids2017_wed_c1,0.050000000000000044,-2.000000000000001,59,0.43478260869565216,0.9090909090909091,0.5882352941176471,1.2488121957684104
2407,cicids2017_tue_c0,0.050000000000000044,23.10000000000001,59,0.7291666666666666,1.0,0.8433734939759037,1.241071317998389
2408,cicids2017_wed_c0,0.050000000000000044,14.100000000000001,59,0.6538461538461539,0.9714285714285714,0.7816091954022988,1.230863377836647
2409,cicids2017_tue_c0,0.050000000000000044,29.70000000000001,59,0.8333333333333334,1.0,0.9090909090909091,1.1983118448948797
2410,cicids2017_fri_c0,0.050000000000000044,26.200000000000014,59,0.8292682926829268,0.9714285714285714,0.8947368421052632,1.168820325162053
2411,cicids2017_wed_c0,0.050000000000000044,14.099999999999998,59,0.6538461538461539,0.9714285714285714,0.7816091954022988,1.1858230412877975
2412,cicids2017_fri_c0,0.050000000000000044,25.099999999999994,59,0.8095238095238095,0.9714285714285714,0.8831168831168832,1.1284025324038989
2413,cicids2017_wed_c1,0.050000000000000044,-15.000000000000004,59,0.28205128205128205,1.0,0.44000000000000006,1.168573954231883
2414,cicids2017_wed_c0,0.050000000000000044,9.499999999999998,59,0.6346153846153846,0.9428571428571428,0.7586206896551724,1.1753511196448687
2415,cicids2017_tue_c0,0.050000000000000044,25.3,59,0.7608695652173914,1.0,0.8641975308641976,1.1415748478326748
2416,cicids2017_tue_c0,0.050000000000000044,27.500000000000007,59,0.7954545454545454,1.0,0.8860759493670886,1.091043762738806
2417,cicids2017_wed_c0,0.050000000000000044,12.799999999999999,59,0.673469387755102,0.9428571428571428,0.7857142857142857,1.165096770993631
2418,cicids2017_tue_c0,0.050000000000000044,20.700000000000014,59,0.7391304347826086,0.9714285714285714,0.8395061728395062,1.1139774413317038
2419,cicids2017_tue_c0,0.050000000000000044,20.700000000000003,59,0.7391304347826086,0.9714285714285714,0.8395061728395062,1.22701063156487
2420,cicids2017_tue_c0,0.050000000000000044,19.400000000000006,59,0.7674418604651163,0.9428571428571428,0.8461538461538461,1.232773170573546
2421,cicids2017_tue_c0,0.050000000000000044,27.300000000000015,59,0.85,0.9714285714285714,0.9066666666666667,1.2033209718477647
2422,cicids2017_wed_c1,0.050000000000000044,-13.200000000000005,59,0.3103448275862069,0.8181818181818182,0.45000000000000007,1.1868001126633687
2423,cicids2017_fri_c0,0.050000000000000044,23.60000000000001,59,0.9142857142857143,0.9142857142857143,0.9142857142857143,1.1343156960513399
2424,cicids2017_wed_c1,0.050000000000000044,-21.599999999999994,59,0.24444444444444444,1.0,0.39285714285714285,1.1904543966583538
2425,cicids2017_tue_c0,0.050000000000000044,26.20000000000001,59,0.8292682926829268,0.9714285714285714,0.8947368421052632,1.1507082175671515
2426,cicids2017_wed_c0,0.050000000000000044,6.199999999999999,59,0.6,0.9428571428571428,0.7333333333333334,1.0949015351185616
2427,cicids2017_fri_c0,0.050000000000000044,18.300000000000004,59,0.75,0.9428571428571428,0.8354430379746834,1.1772869523260656
2428,cicids2017_tue_c0,0.050000000000000044,25.10000000000001,59,0.8095238095238095,0.9714285714285714,0.8831168831168832,1.1369364667950106
2429,cicids2017_wed_c1,0.050000000000000044,-2.000000000000008,59,0.43478260869565216,0.9090909090909091,0.5882352941176471,1.125574007103634
2430,cicids2017_tue_c0,0.050000000000000044,21.8,59,0.7555555555555555,0.9714285714285714,0.85,1.1607607342867097
2431,cicids2017_fri_c0,0.050000000000000044,29.700000000000006,59,0.8333333333333334,1.0,0.9090909090909091,1.1275063893198758
2432,cicids2017_wed_c0,0.050000000000000044,8.399999999999999,59,0.6226415094339622,0.9428571428571428,0.7500000000000001,1.1675742597013181
2433,cicids2017_fri_c0,0.050000000000000044,15.699999999999996,59,0.8157894736842105,0.8857142857142857,0.8493150684931505,1.163436858265643
2434,cicids2017_tue_c0,0.050000000000000044,23.800000000000015,59,0.8461538461538461,0.9428571428571428,0.8918918918918919,1.113633532491198
2435,cicids2017_tue_c0,0.050000000000000044,22.900000000000013,59,0.7727272727272727,0.9714285714285714,0.8607594936708862,1.1576497741811294
2436,cicids2017_wed_c0,0.050000000000000044,7.299999999999999,59,0.6111111111111112,0.9428571428571428,0.7415730337078652,1.181110114174479
2437,cicids2017_wed_c0,0.050000000000000044,10.799999999999999,59,0.6181818181818182,0.9714285714285714,0.7555555555555554,1.1960075841402569
2438,cicids2017_wed_c0,0.050000000000000044,14.100000000000001,59,0.6538461538461539,0.9714285714285714,0.7816091954022988,1.153378624600831
2439,cicids2017_wed_c1,0.050000000000000044,-6.200000000000006,59,0.3548387096774194,1.0,0.5238095238095238,1.1441658634093135
2440,cicids2017_fri_c0,0.050000000000000044,24.000000000000004,59,0.7906976744186046,0.9714285714285714,0.8717948717948717,1.2034885712421242
2441,cicids2017_tue_c0,0.050000000000000044,28.60000000000001,59,0.813953488372093,1.0,0.8974358974358974,1.1311948232620292
2442,cicids2017_fri_c0,0.050000000000000044,12.199999999999996,59,0.8108108108108109,0.8571428571428571,0.8333333333333334,1.1404233671959865
2443,cicids2017_fri_c0,0.050000000000000044,19.200000000000006,59,0.8205128205128205,0.9142857142857143,0.8648648648648648,1.1021475914627568
2444,cicids2017_fri_c0,0.050000000000000044,29.700000000000003,59,0.8333333333333334,1.0,0.9090909090909091,1.150541423375619
2445,cicids2017_wed_c0,0.050000000000000044,15.200000000000008,59,0.6666666666666666,0.9714285714285714,0.7906976744186046,1.10595684356111
2446,cicids2017_wed_c1,0.050000000000000044,-4.200000000000005,59,0.4,0.9090909090909091,0.5555555555555556,1.1538508110055525
2447,cicids2017_wed_c1,0.050000000000000044,-11.900000000000006,59,0.3125,0.9090909090909091,0.4651162790697674,1.1703480295419157
2448,cicids2017_wed_c0,0.050000000000000044,12.999999999999998,59,0.6415094339622641,0.9714285714285714,0.7727272727272727,1.1403845469505172
2449,cicids2017_wed_c1,0.050000000000000044,5.89999999999999,59,0.55,1.0,0.7096774193548387,1.122876909314031
2450,cicids2017_fri_c0,0.050000000000000044,-0.6999999999999922,59,0.8125,0.7428571428571429,0.7761194029850748,1.207436960262039
2451,cicids2017_wed_c1,0.050000000000000044,-9.500000000000005,59,0.3235294117647059,1.0,0.48888888888888893,1.1564657732366836
2452,cicids2017_wed_c1,0.050000000000000044,-2.9000000000000026,59,0.39285714285714285,1.0,0.5641025641025641,1.175630309326224
2453,cicids2017_fri_c0,0.050000000000000044,15.899999999999999,59,0.7619047619047619,0.9142857142857143,0.8311688311688312,1.2481652328586343
2454,cicids2017_tue_c0,0.050000000000000044,17.000000000000014,59,0.7804878048780488,0.9142857142857143,0.8421052631578947,1.186663716464813
2455,cicids2017_wed_c1,0.050000000000000044,-0.9000000000000085,59,0.45454545454545453,0.9090909090909091,0.6060606060606061,1.1465561335393666
2456,cicids2017_tue_c0,0.050000000000000044,20.500000000000007,59,0.7857142857142857,0.9428571428571428,0.8571428571428571,1.1703519310888082
2457,cicids2017_wed_c1,0.050000000000000044,-13.000000000000005,59,0.30303030303030304,0.9090909090909091,0.45454545454545453,1.1826478197832115
2458,cicids2017_wed_c1,0.050000000000000044,-13.900000000000002,59,0.2894736842105263,1.0,0.4489795918367347,1.1538582101159107
2459,cicids2017_tue_c0,0.050000000000000044,24.20000000000001,59,0.7446808510638298,1.0,0.8536585365853657,1.2177266676618161
2460,cicids2017_fri_c0,0.050000000000000044,10.2,59,0.7209302325581395,0.8857142857142857,0.7948717948717948,1.1854756632427257
2461,cicids2017_tue_c0,0.050000000000000044,14.999999999999998,59,0.7021276595744681,0.9428571428571428,0.8048780487804879,1.183552358936227
2462,cicids2017_fri_c0,0.050000000000000044,28.40000000000001,59,0.8717948717948718,0.9714285714285714,0.9189189189189189,1.1822423503909858
2463,cicids2017_tue_c0,0.050000000000000044,18.500000000000004,59,0.7083333333333334,0.9714285714285714,0.8192771084337349,1.184643085978327
2464,cicids2017_wed_c0,0.050000000000000044,10.599999999999998,59,0.6470588235294118,0.9428571428571428,0.7674418604651163,1.2262116701464323
2465,cicids2017_tue_c0,0.050000000000000044,20.70000000000001,59,0.7391304347826086,0.9714285714285714,0.8395061728395062,1.1855832826532802
2466,cicids2017_fri_c0,0.050000000000000044,25.1,59,0.8095238095238095,0.9714285714285714,0.8831168831168832,1.1928273015961366
2467,cicids2017_tue_c0,0.050000000000000044,19.6,59,0.723404255319149,0.9714285714285714,0.8292682926829269,1.1984860614411121
2468,cicids2017_wed_c0,0.050000000000000044,3.5999999999999996,59,0.6326530612244898,0.8857142857142857,0.7380952380952381,1.1842397856669382
2469,cicids2017_fri_c0,0.050000000000000044,22.700000000000003,59,0.825,0.9428571428571428,0.88,1.1794177240188046
2470,cicids2017_fri_c0,0.050000000000000044,14.400000000000007,59,0.8571428571428571,0.8571428571428571,0.8571428571428571,1.1379598842018623
2471,cicids2017_wed_c1,0.050000000000000044,6.999999999999988,59,0.5789473684210527,1.0,0.7333333333333334,1.1622506632106653
2472,cicids2017_fri_c0,0.050000000000000044,21.4,59,0.8648648648648649,0.9142857142857143,0.888888888888889,1.1699976227255862
2473,cicids2017_tue_c0,0.050000000000000044,22.70000000000001,59,0.825,0.9428571428571428,0.88,1.1989171898952151
2474,cicids2017_fri_c0,0.050000000000000044,9.6,59,0.9032258064516129,0.8,0.8484848484848486,1.2287694685833361
2475,cicids2017_fri_c0,0.050000000000000044,17.900000000000006,59,0.8611111111111112,0.8857142857142857,0.8732394366197184,1.2417417445294778
2476,cicids2017_tue_c0,0.050000000000000044,26.200000000000006,59,0.8292682926829268,0.9714285714285714,0.8947368421052632,1.2477657744890671
2477,cicids2017_wed_c0,0.050000000000000044,7.299999999999999,59,0.6111111111111112,0.9428571428571428,0.7415730337078652,1.1607329211284798
2478,cicids2017_fri_c0,0.050000000000000044,7.799999999999997,59,0.7317073170731707,0.8571428571428571,0.7894736842105263,1.148257024086409
2479,cicids2017_fri_c0,0.050000000000000044,26.20000000000001,59,0.8292682926829268,0.9714285714285714,0.8947368421052632,1.0696492006897071
2480,cicids2017_fri_c0,0.050000000000000044,15.700000000000008,59,0.8157894736842105,0.8857142857142857,0.8493150684931505,1.1655304710259238
2481,cicids2017_wed_c0,0.050000000000000044,14.100000000000001,59,0.6538461538461539,0.9714285714285714,0.7816091954022988,1.102123074237419
2482,cicids2017_wed_c1,0.050000000000000044,-5.100000000000006,59,0.36666666666666664,1.0,0.5365853658536585,1.1014089342866997
2483,cicids2017_fri_c0,0.050000000000000044,22.499999999999996,59,0.8888888888888888,0.9142857142857143,0.9014084507042254,1.1456581286427154
2484,cicids2017_tue_c0,0.050000000000000044,25.10000000000001,59,0.8095238095238095,0.9714285714285714,0.8831168831168832,1.1748973196960883
2485,cicids2017_tue_c0,0.050000000000000044,21.600000000000005,59,0.8048780487804879,0.9428571428571428,0.868421052631579,1.1806051778061135
2486,cicids2017_tue_c0,0.050000000000000044,18.300000000000004,59,0.75,0.9428571428571428,0.8354430379746834,1.111874493107292
2487,cicids2017_fri_c0,0.050000000000000044,20.299999999999997,59,0.8421052631578947,0.9142857142857143,0.8767123287671234,1.1435030068173981
2488,cicids2017_fri_c0,0.050000000000000044,20.5,59,0.7857142857142857,0.9428571428571428,0.8571428571428571,1.1108792181572278
2489,cicids2017_wed_c0,0.050000000000000044,13.0,59,0.6415094339622641,0.9714285714285714,0.7727272727272727,1.080199317096566
2490,cicids2017_tue_c0,0.050000000000000044,11.300000000000004,59,0.7380952380952381,0.8857142857142857,0.8051948051948051,1.147885940987488
2491,cicids2017_tue_c0,0.050000000000000044,29.700000000000017,59,0.8333333333333334,1.0,0.9090909090909091,1.142785967043431
2492,cicids2017_tue_c0,0.050000000000000044,24.000000000000004,59,0.7906976744186046,0.9714285714285714,0.8717948717948717,1.207225035940092
2493,cicids2017_wed_c1,0.050000000000000044,-15.000000000000005,59,0.28205128205128205,1.0,0.44000000000000006,1.1801546358082748
2494,cicids2017_wed_c0,0.050000000000000044,11.700000000000001,59,0.66,0.9428571428571428,0.7764705882352942,1.156194094239096
2495,cicids2017_tue_c0,0.050000000000000044,5.0000000000000036,59,0.8709677419354839,0.7714285714285715,0.8181818181818182,1.1208612038243195
2496,cicids2017_fri_c0,0.050000000000000044,7.399999999999997,59,0.8484848484848485,0.8,0.823529411764706,1.1725844550381197
2497,cicids2017_wed_c1,0.050000000000000044,1.4999999999999931,59,0.4583333333333333,1.0,0.6285714285714286,1.106130410228197
2498,cicids2017_wed_c1,0.050000000000000044,-0.9000000000000076,59,0.45454545454545453,0.9090909090909091,0.6060606060606061,1.0920819270726563
2499,cicids2017_fri_c0,0.050000000000000044,-9.700000000000001,59,0.6944444444444444,0.7142857142857143,0.7042253521126761,1.1532059781402593
2500,cicids2017_wed_c1,0.050000000000000044,-22.9,59,0.23809523809523808,0.9090909090909091,0.3773584905660377,1.182525048322734
2501,cicids2017_wed_c0,0.050000000000000044,12.100000000000001,59,0.603448275862069,1.0,0.7526881720430108,1.2902493218680162
2502,cicids2017_fri_c0,0.050000000000000044,33.00000000000001,59,0.8974358974358975,1.0,0.945945945945946,1.194361655755111
2503,cicids2017_wed_c1,0.050000000000000044,-10.800000000000004,59,0.3225806451612903,0.9090909090909091,0.4761904761904761,1.218982134377489
2504,cicids2017_fri_c0,0.050000000000000044,11.099999999999996,59,0.7894736842105263,0.8571428571428571,0.8219178082191781,1.2810508696847989
2505,cicids2017_fri_c0,0.050000000000000044,33.00000000000001,59,0.8974358974358975,1.0,0.945945945945946,1.2375242932152861
2506,cicids2017_fri_c0,0.050000000000000044,12.000000000000004,59,0.8787878787878788,0.8285714285714286,0.8529411764705883,1.2956931196342507
2507,cicids2017_tue_c0,0.050000000000000044,14.800000000000002,59,0.7441860465116279,0.9142857142857143,0.8205128205128205,1.1954931920762637
2508,cicids2017_wed_c0,0.050000000000000044,7.299999999999999,59,0.6111111111111112,0.9428571428571428,0.7415730337078652,1.2342068945389209
2509,cicids2017_tue_c0,0.050000000000000044,26.20000000000001,59,0.8292682926829268,0.9714285714285714,0.8947368421052632,1.203832942461811
2510,cicids2017_fri_c0,0.050000000000000044,21.6,59,0.8048780487804879,0.9428571428571428,0.868421052631579,1.2035786916779365
2511,cicids2017_fri_c0,0.050000000000000044,28.399999999999995,59,0.8717948717948718,0.9714285714285714,0.9189189189189189,1.1349420807602986
2512,cicids2017_wed_c1,0.050000000000000044,-10.600000000000003,59,0.3142857142857143,1.0,0.4782608695652174,1.1783776495857468
2513,cicids2017_wed_c1,0.050000000000000044,1.499999999999996,59,0.4583333333333333,1.0,0.6285714285714286,1.2177188761549171
2514,cicids2017_wed_c1,0.050000000000000044,-23.8,59,0.23404255319148937,1.0,0.3793103448275862,1.1823473741154868
2515,cicids2017_fri_c0,0.050000000000000044,21.400000000000006,59,0.8648648648648649,0.9142857142857143,0.888888888888889,1.2014599191461097
2516,cicids2017_wed_c1,0.050000000000000044,-6.199999999999999,59,0.3548387096774194,1.0,0.5238095238095238,1.2113377601465467
2517,cicids2017_wed_c0,0.050000000000000044,17.6,59,0.660377358490566,1.0,0.7954545454545454,1.115795719939655
2518,cicids2017_wed_c0,0.050000000000000044,18.700000000000003,59,0.6730769230769231,1.0,0.8045977011494253,1.187120769097214
2519,cicids2017_fri_c0,0.050000000000000044,22.5,59,0.8888888888888888,0.9142857142857143,0.9014084507042254,1.1691058687074398
2520,cicids2017_wed_c1,0.050000000000000044,-13.900000000000002,59,0.2894736842105263,1.0,0.4489795918367347,1.1672646138376166
2521,cicids2017_tue_c0,0.050000000000000044,5.399999999999995,59,0.7435897435897436,0.8285714285714286,0.7837837837837838,1.1570559747165796
2522,cicids2017_fri_c0,0.050000000000000044,22.700000000000003,59,0.825,0.9428571428571428,0.88,1.1621357380811648
2523,cicids2017_fri_c0,0.050000000000000044,18.300000000000004,59,0.75,0.9428571428571428,0.8354430379746834,1.0763586735068507
2524,cicids2017_tue_c0,0.050000000000000044,24.200000000000003,59,0.7446808510638298,1.0,0.8536585365853657,1.2025038815588096
2525,cicids2017_fri_c0,0.050000000000000044,26.400000000000006,59,0.7777777777777778,1.0,0.8750000000000001,1.175386451119274
2526,cicids2017_tue_c0,0.050000000000000044,20.50000000000001,59,0.7857142857142857,0.9428571428571428,0.8571428571428571,1.233399930609333
2527,cicids2017_tue_c0,0.050000000000000044,28.600000000000016,59,0.813953488372093,1.0,0.8974358974358974,1.2359937810119808
2528,cicids2017_wed_c1,0.050000000000000044,-9.700000000000006,59,0.3333333333333333,0.9090909090909091,0.4878048780487804,1.2286328517128031
2529,cicids2017_fri_c0,0.050000000000000044,19.4,59,0.7674418604651163,0.9428571428571428,0.8461538461538461,1.2352646221183388
2530,cicids2017_wed_c0,0.050000000000000044,18.700000000000006,59,0.6730769230769231,1.0,0.8045977011494253,1.2040190562804554
2531,cicids2017_wed_c1,0.050000000000000044,-17.199999999999996,59,0.2682926829268293,1.0,0.4230769230769231,1.1595445145513343
2532,cicids2017_wed_c1,0.050000000000000044,-8.400000000000002,59,0.3333333333333333,1.0,0.5,1.130368755848485
2533,cicids2017_wed_c1,0.050000000000000044,-10.800000000000004,59,0.3225806451612903,0.9090909090909091,0.4761904761904761,1.1425665182168678
2534,cicids2017_fri_c0,0.050000000000000044,17.9,59,0.8611111111111112,0.8857142857142857,0.8732394366197184,1.1740787782621258
2535,cicids2017_wed_c1,0.050000000000000044,-6.200000000000001,59,0.3548387096774194,1.0,0.5238095238095238,1.1605517992666847
2536,cicids2017_wed_c1,0.050000000000000044,-6.200000000000006,59,0.3548387096774194,1.0,0.5238095238095238,1.1553553244678918
2537,cicids2017_tue_c0,0.050000000000000044,23.800000000000015,59,0.8461538461538461,0.9428571428571428,0.8918918918918919,1.1872742028123664
2538,cicids2017_tue_c0,0.050000000000000044,14.8,59,0.7441860465116279,0.9142857142857143,0.8205128205128205,1.1970132288416266
2539,cicids2017_wed_c0,0.050000000000000044,8.6,59,0.5964912280701754,0.9714285714285714,0.7391304347826086,1.2057385131987213
2540,cicids2017_tue_c0,0.050000000000000044,17.20000000000001,59,0.7333333333333333,0.9428571428571428,0.8250000000000001,1.184562803555817
2541,cicids2017_tue_c0,0.050000000000000044,16.099999999999994,59,0.717391304347826,0.9428571428571428,0.8148148148148148,1.1143011666121359
2542,cicids2017_wed_c1,0.050000000000000044,-8.600000000000007,59,0.3448275862068966,0.9090909090909091,0.5000000000000001,1.1187147934559145
2543,cicids2017_wed_c1,0.050000000000000044,-0.7000000000000034,59,0.4230769230769231,1.0,0.5945945945945945,1.1724938357162749
2544,cicids2017_tue_c0,0.050000000000000044,16.1,59,0.717391304347826,0.9428571428571428,0.8148148148148148,1.1611740509221111
2545,cicids2017_wed_c1,0.050000000000000044,-10.800000000000002,59,0.3225806451612903,0.9090909090909091,0.4761904761904761,1.162861214060257
2546,cicids2017_tue_c0,0.050000000000000044,14.800000000000002,59,0.7441860465116279,0.9142857142857143,0.8205128205128205,1.1389350275713968
2547,cicids2017_wed_c1,0.050000000000000044,-11.900000000000007,59,0.3125,0.9090909090909091,0.4651162790697674,1.1344521780864782
2548,cicids2017_wed_c0,0.050000000000000044,6.199999999999999,59,0.6,0.9428571428571428,0.7333333333333334,1.20335705845351
2549,cicids2017_tue_c0,0.050000000000000044,18.1,59,0.8,0.9142857142857143,0.8533333333333333,1.1991497311706414
2550,cicids2017_fri_c0,0.050000000000000044,14.399999999999999,59,0.8571428571428571,0.8571428571428571,0.8571428571428571,1.1982178009285807
2551,cicids2017_wed_c0,0.050000000000000044,4.6999999999999975,59,0.6458333333333334,0.8857142857142857,0.7469879518072288,1.1749391209641253
2552,cicids2017_tue_c0,0.050000000000000044,25.10000000000001,59,0.8095238095238095,0.9714285714285714,0.8831168831168832,1.2116344077332502
2553,cicids2017_fri_c0,0.050000000000000044,28.6,59,0.813953488372093,1.0,0.8974358974358974,1.1203217161055286
2554,cicids2017_fri_c0,0.050000000000000044,22.700000000000003,59,0.825,0.9428571428571428,0.88,1.1889803435813746
2555,cicids2017_wed_c1,0.050000000000000044,-13.000000000000007,59,0.30303030303030304,0.9090909090909091,0.45454545454545453,1.1581159936265755
2556,cicids2017_fri_c0,0.050000000000000044,24.0,59,0.7906976744186046,0.9714285714285714,0.8717948717948717,1.116163464423715
2557,cicids2017_wed_c1,0.050000000000000044,-13.9,59,0.2894736842105263,1.0,0.4489795918367347,1.1295338867607096
2558,cicids2017_wed_c1,0.050000000000000044,-2.900000000000008,59,0.39285714285714285,1.0,0.5641025641025641,1.2592149300656748
2559,cicids2017_fri_c0,0.050000000000000044,27.300000000000004,59,0.85,0.9714285714285714,0.9066666666666667,1.1948491060279784
2560,cicids2017_wed_c0,0.050000000000000044,9.7,59,0.6071428571428571,0.9714285714285714,0.7472527472527473,1.1730151433184235
2561,cicids2017_wed_c0,0.050000000000000044,9.700000000000001,59,0.6071428571428571,0.9714285714285714,0.7472527472527473,1.1976086976853544
2562,cicids2017_tue_c0,0.050000000000000044,27.30000000000001,59,0.85,0.9714285714285714,0.9066666666666667,1.1677255696023572
2563,cicids2017_wed_c0,0.050000000000000044,1.5999999999999996,59,0.5818181818181818,0.9142857142857143,0.7111111111111111,1.1422936792901657
2564,cicids2017_tue_c0,0.050000000000000044,21.80000000000001,59,0.7555555555555555,0.9714285714285714,0.85,1.1651563787543215
2565,cicids2017_tue_c0,0.050000000000000044,22.90000000000001,59,0.7727272727272727,0.9714285714285714,0.8607594936708862,1.165532887015064
2566,cicids2017_tue_c0,0.050000000000000044,19.40000000000001,59,0.7674418604651163,0.9428571428571428,0.8461538461538461,1.1652544616201959
2567,cicids2017_wed_c1,0.050000000000000044,1.499999999999998,59,0.4583333333333333,1.0,0.6285714285714286,1.1422197703331771
2568,cicids2017_wed_c0,0.050000000000000044,11.899999999999999,59,0.6296296296296297,0.9714285714285714,0.7640449438202247,1.1223520035859476
2569,cicids2017_tue_c0,0.050000000000000044,25.100000000000005,59,0.8095238095238095,0.9714285714285714,0.8831168831168832,1.1921627736009306
2570,cicids2017_wed_c1,0.050000000000000044,-12.800000000000002,59,0.2972972972972973,1.0,0.4583333333333333,1.1972357901217794
2571,cicids2017_wed_c1,0.050000000000000044,-8.600000000000003,59,0.3448275862068966,0.9090909090909091,0.5000000000000001,1.1639986211001687
2572,cicids2017_wed_c1,0.050000000000000044,-4.0000000000000036,59,0.3793103448275862,1.0,0.5499999999999999,1.1404674122434928
2573,cicids2017_wed_c0,0.050000000000000044,14.3,59,0.625,1.0,0.7692307692307693,1.0834847080258263
2574,cicids2017_tue_c0,0.050000000000000044,29.500000000000018,59,0.8947368421052632,0.9714285714285714,0.9315068493150684,1.1215192513264312
2575,cicids2017_wed_c1,0.050000000000000044,-1.7999999999999976,59,0.4074074074074074,1.0,0.5789473684210525,1.198356851960984
2576,cicids2017_tue_c0,0.050000000000000044,24.00000000000001,59,0.7906976744186046,0.9714285714285714,0.8717948717948717,1.125149904043654
2577,cicids2017_tue_c0,0.050000000000000044,21.80000000000001,59,0.7555555555555555,0.9714285714285714,0.85,1.1142781821494139
2578,cicids2017_tue_c0,0.050000000000000044,24.000000000000007,59,0.7906976744186046,0.9714285714285714,0.8717948717948717,1.1681974025837172
2579,cicids2017_wed_c1,0.050000000000000044,-13.900000000000004,59,0.2894736842105263,1.0,0.4489795918367347,1.1824218042576913
2580,cicids2017_wed_c0,0.050000000000000044,14.3,59,0.625,1.0,0.7692307692307693,1.183118658034699
2581,cicids2017_tue_c0,0.050000000000000044,20.50000000000001,59,0.7857142857142857,0.9428571428571428,0.8571428571428571,1.151210222089236
2582,cicids2017_tue_c0,0.050000000000000044,26.200000000000006,59,0.8292682926829268,0.9714285714285714,0.8947368421052632,1.1719681816650462
2583,cicids2017_tue_c0,0.050000000000000044,25.300000000000004,59,0.7608695652173914,1.0,0.8641975308641976,1.1962429651079642
2584,cicids2017_wed_c0,0.050000000000000044,8.6,59,0.5964912280701754,0.9714285714285714,0.7391304347826086,1.1516722387680334
2585,cicids2017_tue_c0,0.050000000000000044,21.60000000000001,59,0.8048780487804879,0.9428571428571428,0.868421052631579,1.1857603610618488
2586,cicids2017_wed_c0,0.050000000000000044,13.200000000000003,59,0.6140350877192983,1.0,0.7608695652173912,1.159995443291985
2587,cicids2017_tue_c0,0.050000000000000044,28.60000000000001,59,0.813953488372093,1.0,0.8974358974358974,1.195762138941804
2588,cicids2017_tue_c0,0.050000000000000044,28.600000000000016,59,0.813953488372093,1.0,0.8974358974358974,1.1425118940185592
2589,cicids2017_wed_c1,0.050000000000000044,-6.200000000000006,59,0.3548387096774194,1.0,0.5238095238095238,1.1955032720979877
2590,cicids2017_tue_c0,0.050000000000000044,16.1,59,0.717391304347826,0.9428571428571428,0.8148148148148148,1.134718633312968
2591,cicids2017_fri_c0,0.050000000000000044,23.800000000000008,59,0.8461538461538461,0.9428571428571428,0.8918918918918919,1.1736254722384378
2592,cicids2017_tue_c0,0.050000000000000044,25.3,59,0.7608695652173914,1.0,0.8641975308641976,1.103558276659565
2593,cicids2017_wed_c0,0.050000000000000044,1.3999999999999995,59,0.6078431372549019,0.8857142857142857,0.7209302325581395,1.1553161015212543
2594,cicids2017_fri_c0,0.050000000000000044,28.600000000000005,59,0.813953488372093,1.0,0.8974358974358974,1.0896042219758535
2595,cicids2017_tue_c0,0.050000000000000044,19.600000000000005,59,0.723404255319149,0.9714285714285714,0.8292682926829269,1.0857386609805484
2596,cicids2017_fri_c0,0.050000000000000044,7.799999999999997,59,0.7317073170731707,0.8571428571428571,0.7894736842105263,1.1283828611775648
2597,cicids2017_wed_c0,0.050000000000000044,14.299999999999997,59,0.625,1.0,0.7692307692307693,1.1423346651442512
2598,cicids2017_wed_c0,0.050000000000000044,9.7,59,0.6071428571428571,0.9714285714285714,0.7472527472527473,1.1244634089079204
2599,cicids2017_wed_c1,0.050000000000000044,-19.400000000000002,59,0.2558139534883721,1.0,0.40740740740740744,1.2290062160192516
2600,cicids2017_tue_c0,0.050000000000000044,24.20000000000001,59,0.7446808510638298,1.0,0.8536585365853657,1.2409900619231644
2601,cicids2017_wed_c1,0.050000000000000044,-13.0,59,0.30303030303030304,0.9090909090909091,0.45454545454545453,1.2224084682402194
2602,cicids2017_fri_c0,0.050000000000000044,35.2,59,0.9459459459459459,1.0,0.9722222222222222,1.1887354005798283
2603,cicids2017_wed_c1,0.050000000000000044,-11.700000000000001,59,0.3055555555555556,1.0,0.46808510638297873,1.1333016096138864
2604,cicids2017_wed_c0,0.050000000000000044,17.60000000000001,59,0.660377358490566,1.0,0.7954545454545454,1.1958351013707427
2605,cicids2017_wed_c1,0.050000000000000044,-5.100000000000005,59,0.36666666666666664,1.0,0.5365853658536585,1.201602433460453
2606,cicids2017_wed_c1,0.050000000000000044,-10.800000000000006,59,0.3225806451612903,0.9090909090909091,0.4761904761904761,1.1205989093701447
2607,cicids2017_wed_c0,0.050000000000000044,9.499999999999998,59,0.6346153846153846,0.9428571428571428,0.7586206896551724,1.1695111755139835
2608,cicids2017_tue_c0,0.050000000000000044,25.100000000000012,59,0.8095238095238095,0.9714285714285714,0.8831168831168832,1.1695611827834789
2609,cicids2017_wed_c0,0.050000000000000044,9.5,59,0.6346153846153846,0.9428571428571428,0.7586206896551724,1.17599375112791
2610,cicids2017_wed_c1,0.050000000000000044,-2.899999999999999,59,0.39285714285714285,1.0,0.5641025641025641,1.1441441402046761
2611,cicids2017_wed_c1,0.050000000000000044,-13.9,59,0.2894736842105263,1.0,0.4489795918367347,1.1520957451475258
2612,cicids2017_wed_c1,0.050000000000000044,-3.099999999999998,59,0.4166666666666667,0.9090909090909091,0.5714285714285715,1.1920979088582757
2613,cicids2017_fri_c0,0.050000000000000044,22.900000000000006,59,0.7727272727272727,0.9714285714285714,0.8607594936708862,1.1692931405290472
2614,cicids2017_wed_c0,0.050000000000000044,6.199999999999999,59,0.6,0.9428571428571428,0.7333333333333334,1.2111816737718069
2615,cicids2017_fri_c0,0.050000000000000044,26.200000000000003,59,0.8292682926829268,0.9714285714285714,0.8947368421052632,1.2729721353425116
2616,cicids2017_wed_c0,0.050000000000000044,9.299999999999999,59,0.6666666666666666,0.9142857142857143,0.7710843373493975,1.1257281544361977
2617,cicids2017_wed_c1,0.050000000000000044,-5.100000000000007,59,0.36666666666666664,1.0,0.5365853658536585,1.1136593624795583
2618,cicids2017_fri_c0,0.050000000000000044,24.9,59,0.868421052631579,0.9428571428571428,0.904109589041096,1.0803386711630227
2619,cicids2017_wed_c0,0.050000000000000044,13.200000000000001,59,0.6140350877192983,1.0,0.7608695652173912,1.1755920027649953
2620,cicids2017_wed_c1,0.050000000000000044,-20.5,59,0.25,1.0,0.4,1.170076944346754
2621,cicids2017_wed_c1,0.050000000000000044,-1.8000000000000027,59,0.4074074074074074,1.0,0.5789473684210525,1.185409362706035
2622,cicids2017_tue_c0,0.050000000000000044,25.10000000000001,59,0.8095238095238095,0.9714285714285714,0.8831168831168832,1.125688741510689
2623,cicids2017_fri_c0,0.050000000000000044,14.799999999999995,59,0.7441860465116279,0.9142857142857143,0.8205128205128205,1.154166741968612
2624,cicids2017_wed_c1,0.050000000000000044,-4.000000000000007,59,0.3793103448275862,1.0,0.5499999999999999,1.1344998896793281
2625,cicids2017_wed_c1,0.050000000000000044,-10.600000000000001,59,0.3142857142857143,1.0,0.4782608695652174,1.1389607385535476
2626,cicids2017_wed_c0,0.050000000000000044,11.900000000000002,59,0.6296296296296297,0.9714285714285714,0.7640449438202247,1.1821463728854515
2627,cicids2017_wed_c1,0.050000000000000044,3.699999999999993,59,0.5,1.0,0.6666666666666666,1.188209094785154
2628,cicids2017_fri_c0,0.050000000000000044,17.0,59,0.7804878048780488,0.9142857142857143,0.8421052631578947,1.1827957754124356
2629,cicids2017_wed_c0,0.050000000000000044,16.5,59,0.6481481481481481,1.0,0.7865168539325843,1.1792138040212534
2630,cicids2017_fri_c0,0.050000000000000044,-15.999999999999993,59,0.84,0.6,0.7000000000000001,1.1624634081275036
2631,cicids2017_wed_c1,0.050000000000000044,-14.100000000000007,59,0.29411764705882354,0.9090909090909091,0.4444444444444445,1.1617632779380291
2632,cicids2017_wed_c0,0.050000000000000044,5.999999999999998,59,0.6274509803921569,0.9142857142857143,0.7441860465116279,1.1424001822978733
2633,cicids2017_wed_c1,0.050000000000000044,-10.6,59,0.3142857142857143,1.0,0.4782608695652174,1.1979771180893897
2634,cicids2017_wed_c0,0.050000000000000044,8.6,59,0.5964912280701754,0.9714285714285714,0.7391304347826086,1.1633506468421608
2635,cicids2017_fri_c0,0.050000000000000044,16.999999999999996,59,0.7804878048780488,0.9142857142857143,0.8421052631578947,1.151361561723821
2636,cicids2017_fri_c0,0.050000000000000044,20.699999999999996,59,0.7391304347826086,0.9714285714285714,0.8395061728395062,1.1916264892166102
2637,cicids2017_tue_c0,0.050000000000000044,24.00000000000001,59,0.7906976744186046,0.9714285714285714,0.8717948717948717,1.1931457689083094
2638,cicids2017_wed_c0,0.050000000000000044,15.400000000000004,59,0.6363636363636364,1.0,0.7777777777777778,1.1460886729596087
2639,cicids2017_fri_c0,0.050000000000000044,19.199999999999996,59,0.8205128205128205,0.9142857142857143,0.8648648648648648,1.1633283169681796
2640,cicids2017_wed_c1,0.050000000000000044,-13.000000000000002,59,0.30303030303030304,0.9090909090909091,0.45454545454545453,1.1783019540780542
2641,cicids2017_fri_c0,0.050000000000000044,6.299999999999995,59,0.8235294117647058,0.8,0.8115942028985507,1.2019951808961367
2642,cicids2017_tue_c0,0.050000000000000044,19.400000000000006,59,0.7674418604651163,0.9428571428571428,0.8461538461538461,1.170491149131282
2643,cicids2017_fri_c0,0.050000000000000044,27.30000000000001,59,0.85,0.9714285714285714,0.9066666666666667,1.164991852812027
2644,cicids2017_tue_c0,0.050000000000000044,28.600000000000012,59,0.813953488372093,1.0,0.8974358974358974,1.1335903770026816
2645,cicids2017_tue_c0,0.050000000000000044,29.70000000000001,59,0.8333333333333334,1.0,0.9090909090909091,1.1350802415990158
2646,cicids2017_fri_c0,0.050000000000000044,24.9,59,0.868421052631579,0.9428571428571428,0.904109589041096,1.0946897799445245
2647,cicids2017_wed_c0,0.050000000000000044,17.400000000000013,59,0.6938775510204082,0.9714285714285714,0.8095238095238094,1.0966832957157455
2648,cicids2017_wed_c1,0.050000000000000044,-14.100000000000001,59,0.29411764705882354,0.9090909090909091,0.4444444444444445,1.1763904801028704
2649,cicids2017_wed_c1,0.050000000000000044,2.400000000000001,59,0.5263157894736842,0.9090909090909091,0.6666666666666666,1.1444214313186931
2650,cicids2017_tue_c0,0.050000000000000044,18.50000000000001,59,0.7083333333333334,0.9714285714285714,0.8192771084337349,1.142471412332144
2651,cicids2017_wed_c1,0.050000000000000044,-16.5,59,0.28125,0.8181818181818182,0.41860465116279066,1.1150866664238743
2652,cicids2017_wed_c1,0.050000000000000044,-21.999999999999996,59,0.24324324324324326,0.8181818181818182,0.375,1.1184218293456303
2653,cicids2017_wed_c1,0.050000000000000044,-18.29999999999999,59,0.2619047619047619,1.0,0.41509433962264153,1.1440644322517444
2654,cicids2017_tue_c0,0.050000000000000044,17.200000000000006,59,0.7333333333333333,0.9428571428571428,0.8250000000000001,1.1088896093243892
2655,cicids2017_wed_c1,0.050000000000000044,-8.400000000000004,59,0.3333333333333333,1.0,0.5,1.1224599469186816
2656,cicids2017_wed_c0,0.050000000000000044,13.0,59,0.6415094339622641,0.9714285714285714,0.7727272727272727,1.1175082185306633
2657,cicids2017_fri_c0,0.050000000000000044,20.30000000000001,59,0.8421052631578947,0.9142857142857143,0.8767123287671234,1.1308579127914296
2658,cicids2017_tue_c0,0.050000000000000044,18.300000000000008,59,0.75,0.9428571428571428,0.8354430379746834,1.12567371084582
2659,cicids2017_wed_c0,0.050000000000000044,-5.6,59,0.5918367346938775,0.8285714285714286,0.6904761904761905,1.196033880476321
2660,cicids2017_fri_c0,0.050000000000000044,10.199999999999998,59,0.7209302325581395,0.8857142857142857,0.7948717948717948,1.111092056691387
2661,cicids2017_tue_c0,0.050000000000000044,9.099999999999996,59,0.7045454545454546,0.8857142857142857,0.7848101265822784,1.1108905965461444
2662,cicids2017_wed_c1,0.050000000000000044,-9.500000000000004,59,0.3235294117647059,1.0,0.48888888888888893,1.1274655790729857
2663,cicids2017_fri_c0,0.050000000000000044,9.799999999999995,59,0.8285714285714286,0.8285714285714286,0.8285714285714286,1.142164578981825
2664,cicids2017_tue_c0,0.050000000000000044,18.500000000000007,59,0.7083333333333334,0.9714285714285714,0.8192771084337349,1.1766462758266536
2665,cicids2017_fri_c0,0.050000000000000044,21.799999999999997,59,0.7555555555555555,0.9714285714285714,0.85,1.0945423699622958
2666,cicids2017_wed_c0,0.050000000000000044,9.700000000000001,59,0.6071428571428571,0.9714285714285714,0.7472527472527473,1.1216139013899435
2667,cicids2017_fri_c0,0.050000000000000044,15.700000000000006,59,0.8157894736842105,0.8857142857142857,0.8493150684931505,1.1303916831068983
2668,cicids2017_wed_c1,0.050000000000000044,-8.600000000000009,59,0.3448275862068966,0.9090909090909091,0.5000000000000001,1.0537439476417187
2669,cicids2017_fri_c0,0.050000000000000044,16.1,59,0.717391304347826,0.9428571428571428,0.8148148148148148,1.1722684650988437
2670,cicids2017_wed_c1,0.050000000000000044,-5.100000000000003,59,0.36666666666666664,1.0,0.5365853658536585,1.1049182817490968
2671,cicids2017_wed_c1,0.050000000000000044,-13.9,59,0.2894736842105263,1.0,0.4489795918367347,1.1228639081422462
2672,cicids2017_wed_c1,0.050000000000000044,-6.400000000000004,59,0.37037037037037035,0.9090909090909091,0.5263157894736842,1.1127907236798082
2673,cicids2017_wed_c1,0.050000000000000044,-1.8000000000000038,59,0.4074074074074074,1.0,0.5789473684210525,1.1411898074699336
2674,cicids2017_fri_c0,0.050000000000000044,11.999999999999998,59,0.8787878787878788,0.8285714285714286,0.8529411764705883,1.1551343060271257
2675,cicids2017_wed_c1,0.050000000000000044,-16.5,59,0.28125,0.8181818181818182,0.41860465116279066,1.1981752032504334
2676,cicids2017_wed_c0,0.050000000000000044,17.600000000000005,59,0.660377358490566,1.0,0.7954545454545454,1.1475816614574594
2677,cicids2017_wed_c1,0.050000000000000044,2.4000000000000026,59,0.5263157894736842,0.9090909090909091,0.6666666666666666,1.1826250513540664
2678,cicids2017_wed_c1,0.050000000000000044,4.799999999999989,59,0.5238095238095238,1.0,0.6875000000000001,1.2030338167526393
2679,cicids2017_wed_c0,0.050000000000000044,11.9,59,0.6296296296296297,0.9714285714285714,0.7640449438202247,1.1213303950553757
2680,cicids2017_tue_c0,0.050000000000000044,17.200000000000003,59,0.7333333333333333,0.9428571428571428,0.8250000000000001,1.1983773161115374
2681,cicids2017_fri_c0,0.050000000000000044,22.900000000000006,59,0.7727272727272727,0.9714285714285714,0.8607594936708862,1.198725707700106
2682,cicids2017_fri_c0,0.050000000000000044,20.5,59,0.7857142857142857,0.9428571428571428,0.8571428571428571,1.1439677137749082
2683,cicids2017_tue_c0,0.050000000000000044,16.799999999999997,59,0.8378378378378378,0.8857142857142857,0.8611111111111112,1.1199983594159078
2684,cicids2017_wed_c1,0.050000000000000044,-15.000000000000004,59,0.28205128205128205,1.0,0.44000000000000006,1.0988825708353078
2685,cicids2017_wed_c0,0.050000000000000044,13.0,59,0.6415094339622641,0.9714285714285714,0.7727272727272727,1.1740175112423383
2686,cicids2017_tue_c0,0.050000000000000044,24.00000000000001,59,0.7906976744186046,0.9714285714285714,0.8717948717948717,1.197993712818545
2687,cicids2017_fri_c0,0.050000000000000044,28.400000000000006,59,0.8717948717948718,0.9714285714285714,0.9189189189189189,1.1140373401681372
2688,cicids2017_wed_c0,0.050000000000000044,10.599999999999998,59,0.6470588235294118,0.9428571428571428,0.7674418604651163,1.2083699401226058
2689,cicids2017_wed_c0,0.050000000000000044,3.799999999999999,59,0.6037735849056604,0.9142857142857143,0.7272727272727272,1.1550495393396754
2690,cicids2017_wed_c1,0.050000000000000044,-23.099999999999987,59,0.23684210526315788,0.8181818181818182,0.3673469387755102,1.0954241836561946
2691,cicids2017_wed_c0,0.050000000000000044,11.699999999999998,59,0.66,0.9428571428571428,0.7764705882352942,1.1668349673082519
2692,cicids2017_wed_c0,0.050000000000000044,7.299999999999999,59,0.6111111111111112,0.9428571428571428,0.7415730337078652,1.125647142377923
2693,cicids2017_wed_c1,0.050000000000000044,-4.000000000000004,59,0.3793103448275862,1.0,0.5499999999999999,1.1722441149684468
2694,cicids2017_tue_c0,0.050000000000000044,17.200000000000003,59,0.7333333333333333,0.9428571428571428,0.8250000000000001,1.204852750727722
2695,cicids2017_wed_c1,0.050000000000000044,-10.600000000000005,59,0.3142857142857143,1.0,0.4782608695652174,1.1993494868942898
2696,cicids2017_tue_c0,0.050000000000000044,13.9,59,0.6875,0.9428571428571428,0.7951807228915663,1.207473188217193
2697,cicids2017_fri_c0,0.050000000000000044,22.7,59,0.825,0.9428571428571428,0.88,1.1829967643917405
2698,cicids2017_tue_c0,0.050000000000000044,13.499999999999996,59,0.775,0.8857142857142857,0.8266666666666667,1.1763312390717902
2699,cicids2017_fri_c0,0.050000000000000044,34.10000000000001,59,0.9210526315789473,1.0,0.958904109589041,1.11852477355375
2700,cicids2017_fri_c0,0.050000000000000044,23.8,59,0.8461538461538461,0.9428571428571428,0.8918918918918919,1.1919529383852145
2701,cicids2017_wed_c1,0.050000000000000044,-14.100000000000001,59,0.29411764705882354,0.9090909090909091,0.4444444444444445,1.1097105139236396
2702,cicids2017_wed_c1,0.050000000000000044,-10.800000000000006,59,0.3225806451612903,0.9090909090909091,0.4761904761904761,1.0948920658977386
2703,cicids2017_fri_c0,0.050000000000000044,20.5,59,0.7857142857142857,0.9428571428571428,0.8571428571428571,1.1176162460836647
2704,cicids2017_wed_c1,0.050000000000000044,-1.799999999999998,59,0.4074074074074074,1.0,0.5789473684210525,1.1868585290039726
2705,cicids2017_fri_c0,0.050000000000000044,10.000000000000007,59,0.7692307692307693,0.8571428571428571,0.8108108108108107,1.1546719162365295
2706,cicids2017_tue_c0,0.050000000000000044,19.400000000000002,59,0.7674418604651163,0.9428571428571428,0.8461538461538461,1.1463504499490904
2707,cicids2017_wed_c0,0.050000000000000044,10.800000000000002,59,0.6181818181818182,0.9714285714285714,0.7555555555555554,1.1432852546993286
2708,cicids2017_tue_c0,0.050000000000000044,17.900000000000013,59,0.8611111111111112,0.8857142857142857,0.8732394366197184,1.1923298499489712
2709,cicids2017_wed_c0,0.050000000000000044,3.799999999999999,59,0.6037735849056604,0.9142857142857143,0.7272727272727272,1.1742258905892178
2710,cicids2017_wed_c1,0.050000000000000044,-4.200000000000002,59,0.4,0.9090909090909091,0.5555555555555556,1.189067546489684
2711,cicids2017_fri_c0,0.050000000000000044,26.400000000000006,59,0.7777777777777778,1.0,0.8750000000000001,1.1900449971919393
2712,cicids2017_fri_c0,0.050000000000000044,17.699999999999996,59,0.9375,0.8571428571428571,0.8955223880597014,1.1585417661732476
2713,cicids2017_wed_c1,0.050000000000000044,-7.500000000000005,59,0.35714285714285715,0.9090909090909091,0.5128205128205129,1.1104442450352154
2714,cicids2017_wed_c0,0.050000000000000044,0.09999999999999867,59,0.625,0.8571428571428571,0.7228915662650602,1.17674699882137
2715,cicids2017_wed_c0,0.050000000000000044,19.800000000000004,59,0.6862745098039216,1.0,0.813953488372093,1.1637109851076564
2716,cicids2017_tue_c0,0.050000000000000044,19.20000000000001,59,0.8205128205128205,0.9142857142857143,0.8648648648648648,1.1754007590766316
2717,cicids2017_tue_c0,0.050000000000000044,13.700000000000005,59,0.7272727272727273,0.9142857142857143,0.810126582278481,1.1663436412385635
2718,cicids2017_wed_c0,0.050000000000000044,11.899999999999999,59,0.6296296296296297,0.9714285714285714,0.7640449438202247,1.1239566772475094
2719,cicids2017_wed_c0,0.050000000000000044,10.799999999999999,59,0.6181818181818182,0.9714285714285714,0.7555555555555554,1.1520445513875366
2720,cicids2017_fri_c0,0.050000000000000044,6.299999999999997,59,0.8235294117647058,0.8,0.8115942028985507,1.1311327734392418
2721,cicids2017_wed_c0,0.050000000000000044,13.000000000000004,59,0.6415094339622641,0.9714285714285714,0.7727272727272727,1.1422706913782368
2722,cicids2017_wed_c0,0.050000000000000044,11.899999999999999,59,0.6296296296296297,0.9714285714285714,0.7640449438202247,1.1576901197674592
2723,cicids2017_fri_c0,0.050000000000000044,22.700000000000003,59,0.825,0.9428571428571428,0.88,1.2022097794568598
2724,cicids2017_tue_c0,0.050000000000000044,17.200000000000003,59,0.7333333333333333,0.9428571428571428,0.8250000000000001,1.1857360869287343
2725,cicids2017_wed_c1,0.050000000000000044,-8.400000000000004,59,0.3333333333333333,1.0,0.5,1.1751595706286488
2726,cicids2017_wed_c0,0.050000000000000044,18.70000000000001,59,0.6730769230769231,1.0,0.8045977011494253,1.123930951019806
2727,cicids2017_fri_c0,0.050000000000000044,25.1,59,0.8095238095238095,0.9714285714285714,0.8831168831168832,1.180184993470244
2728,cicids2017_fri_c0,0.050000000000000044,24.900000000000013,59,0.868421052631579,0.9428571428571428,0.904109589041096,1.185994570585577
2729,cicids2017_wed_c0,0.050000000000000044,13.0,59,0.6415094339622641,0.9714285714285714,0.7727272727272727,1.1514061799712392
2730,cicids2017_tue_c0,0.050000000000000044,17.40000000000001,59,0.6938775510204082,0.9714285714285714,0.8095238095238094,1.1773470546796498
2731,cicids2017_wed_c1,0.050000000000000044,-14.1,59,0.29411764705882354,0.9090909090909091,0.4444444444444445,1.1521672969253351
2732,cicids2017_wed_c0,0.050000000000000044,16.500000000000007,59,0.6481481481481481,1.0,0.7865168539325843,1.1037067273171288
2733,cicids2017_wed_c1,0.050000000000000044,-8.400000000000002,59,0.3333333333333333,1.0,0.5,1.1344598824616363
2734,cicids2017_fri_c0,0.050000000000000044,17.000000000000004,59,0.7804878048780488,0.9142857142857143,0.8421052631578947,1.1288075202256718
2735,cicids2017_tue_c0,0.050000000000000044,22.000000000000007,59,0.7142857142857143,1.0,0.8333333333333333,1.1101972587534128
2736,cicids2017_fri_c0,0.050000000000000044,8.900000000000006,59,0.75,0.8571428571428571,0.7999999999999999,1.0967486166891685
2737,cicids2017_wed_c0,0.050000000000000044,13.000000000000005,59,0.6415094339622641,0.9714285714285714,0.7727272727272727,1.1295937574090007
2738,cicids2017_fri_c0,0.050000000000000044,25.100000000000005,59,0.8095238095238095,0.9714285714285714,0.8831168831168832,1.1808936476643888
2739,cicids2017_tue_c0,0.050000000000000044,25.30000000000001,59,0.7608695652173914,1.0,0.8641975308641976,1.2155225180643776
2740,cicids2017_tue_c0,0.050000000000000044,24.000000000000007,59,0.7906976744186046,0.9714285714285714,0.8717948717948717,1.1383385379851554
2741,cicids2017_fri_c0,0.050000000000000044,17.000000000000004,59,0.7804878048780488,0.9142857142857143,0.8421052631578947,1.0971167911326158
2742,cicids2017_fri_c0,0.050000000000000044,33.0,59,0.8974358974358975,1.0,0.945945945945946,1.0981341871570462
2743,cicids2017_wed_c0,0.050000000000000044,11.899999999999997,59,0.6296296296296297,0.9714285714285714,0.7640449438202247,1.1075401601924688
2744,cicids2017_wed_c1,0.050000000000000044,-13.000000000000004,59,0.30303030303030304,0.9090909090909091,0.45454545454545453,1.0953259060355558
2745,cicids2017_fri_c0,0.050000000000000044,15.899999999999995,59,0.7619047619047619,0.9142857142857143,0.8311688311688312,1.1375112019126343
2746,cicids2017_tue_c0,0.050000000000000044,27.30000000000002,59,0.85,0.9714285714285714,0.9066666666666667,1.1261567821995788
2747,cicids2017_fri_c0,0.050000000000000044,19.2,59,0.8205128205128205,0.9142857142857143,0.8648648648648648,1.1107757599766535
2748,cicids2017_wed_c1,0.050000000000000044,-2.900000000000002,59,0.39285714285714285,1.0,0.5641025641025641,1.1559699130129695
2749,cicids2017_tue_c0,0.050000000000000044,19.200000000000003,59,0.8205128205128205,0.9142857142857143,0.8648648648648648,1.182415177423669
2750,cicids2017_wed_c1,0.050000000000000044,-18.5,59,0.2631578947368421,0.9090909090909091,0.4081632653061224,1.1605623508202312
2751,cicids2017_fri_c0,0.050000000000000044,28.4,59,0.8717948717948718,0.9714285714285714,0.9189189189189189,1.1588917751353622
2752,cicids2017_fri_c0,0.050000000000000044,13.300000000000008,59,0.8333333333333334,0.8571428571428571,0.8450704225352113,1.1188559584425093
2753,cicids2017_wed_c0,0.050000000000000044,14.100000000000001,59,0.6538461538461539,0.9714285714285714,0.7816091954022988,1.119516338976968
2754,cicids2017_wed_c0,0.050000000000000044,13.200000000000003,59,0.6140350877192983,1.0,0.7608695652173912,1.1709121618644152
2755,cicids2017_wed_c1,0.050000000000000044,-6.200000000000004,59,0.3548387096774194,1.0,0.5238095238095238,1.1144532177093156
2756,cicids2017_wed_c1,0.050000000000000044,-10.600000000000005,59,0.3142857142857143,1.0,0.4782608695652174,1.1681716999293916
2757,cicids2017_wed_c1,0.050000000000000044,-6.200000000000008,59,0.3548387096774194,1.0,0.5238095238095238,1.1007824096397794
2758,cicids2017_wed_c0,0.050000000000000044,11.900000000000006,59,0.6296296296296297,0.9714285714285714,0.7640449438202247,1.0982624843577715
2759,cicids2017_tue_c0,0.050000000000000044,17.400000000000013,59,0.6938775510204082,0.9714285714285714,0.8095238095238094,1.0996681282614966
2760,cicids2017_tue_c0,0.050000000000000044,13.700000000000001,59,0.7272727272727273,0.9142857142857143,0.810126582278481,1.1712844562135565
2761,cicids2017_fri_c0,0.050000000000000044,18.300000000000008,59,0.75,0.9428571428571428,0.8354430379746834,1.0807720262597014
2762,cicids2017_tue_c0,0.050000000000000044,13.899999999999999,59,0.6875,0.9428571428571428,0.7951807228915663,1.1172196897087217
2763,cicids2017_tue_c0,0.050000000000000044,26.400000000000006,59,0.7777777777777778,1.0,0.8750000000000001,1.084791580564325
2764,cicids2017_fri_c0,0.050000000000000044,33.0,59,0.8974358974358975,1.0,0.945945945945946,1.0895254322617036
2765,cicids2017_fri_c0,0.050000000000000044,10.0,59,0.7692307692307693,0.8571428571428571,0.8108108108108107,1.1009997356882957
2766,cicids2017_wed_c0,0.050000000000000044,8.6,59,0.5964912280701754,0.9714285714285714,0.7391304347826086,1.0840058427123713
2767,cicids2017_tue_c0,0.050000000000000044,17.200000000000003,59,0.7333333333333333,0.9428571428571428,0.8250000000000001,1.1070553303439261
2768,cicids2017_wed_c1,0.050000000000000044,8.099999999999989,59,0.6111111111111112,1.0,0.7586206896551725,1.078424669137533
2769,cicids2017_tue_c0,0.050000000000000044,15.0,59,0.7021276595744681,0.9428571428571428,0.8048780487804879,1.0924829250474881
2770,cicids2017_wed_c1,0.050000000000000044,-9.500000000000005,59,0.3235294117647059,1.0,0.48888888888888893,1.0376805017891946
2771,cicids2017_wed_c0,0.050000000000000044,8.399999999999999,59,0.6226415094339622,0.9428571428571428,0.7500000000000001,1.0467060584225607
2772,cicids2017_fri_c0,0.050000000000000044,20.5,59,0.7857142857142857,0.9428571428571428,0.8571428571428571,1.1301443009875147
2773,cicids2017_fri_c0,0.050000000000000044,26.199999999999996,59,0.8292682926829268,0.9714285714285714,0.8947368421052632,1.1048310725484838
2774,cicids2017_wed_c0,0.050000000000000044,7.3000000000000025,59,0.6111111111111112,0.9428571428571428,0.7415730337078652,1.1066517965618907
2775,cicids2017_wed_c0,0.050000000000000044,14.1,59,0.6538461538461539,0.9714285714285714,0.7816091954022988,1.0786062453141614
2776,cicids2017_tue_c0,0.050000000000000044,27.500000000000007,59,0.7954545454545454,1.0,0.8860759493670886,1.122881158022341
2777,cicids2017_wed_c0,0.050000000000000044,17.600000000000005,59,0.660377358490566,1.0,0.7954545454545454,1.1419963615055921
2778,cicids2017_wed_c1,0.050000000000000044,-3.1000000000000036,59,0.4166666666666667,0.9090909090909091,0.5714285714285715,1.123291743635911
2779,cicids2017_tue_c0,0.050000000000000044,24.200000000000003,59,0.7446808510638298,1.0,0.8536585365853657,1.146108612776531
2780,cicids2017_fri_c0,0.050000000000000044,20.500000000000004,59,0.7857142857142857,0.9428571428571428,0.8571428571428571,1.1100700005969555
2781,cicids2017_tue_c0,0.050000000000000044,28.400000000000013,59,0.8717948717948718,0.9714285714285714,0.9189189189189189,1.1112287014412272
2782,cicids2017_wed_c1,0.050000000000000044,-6.200000000000006,59,0.3548387096774194,1.0,0.5238095238095238,1.1353419454493843
2783,cicids2017_wed_c1,0.050000000000000044,-1.9999999999999991,59,0.43478260869565216,0.9090909090909091,0.5882352941176471,1.1158015506729406
2784,cicids2017_wed_c1,0.050000000000000044,1.499999999999997,59,0.4583333333333333,1.0,0.6285714285714286,1.1412428354777655
2785,cicids2017_wed_c1,0.050000000000000044,-5.100000000000005,59,0.36666666666666664,1.0,0.5365853658536585,1.1204331084805346
2786,cicids2017_fri_c0,0.050000000000000044,23.800000000000008,59,0.8461538461538461,0.9428571428571428,0.8918918918918919,1.0832656450565783
2787,cicids2017_tue_c0,0.050000000000000044,16.300000000000004,59,0.68,0.9714285714285714,0.8,1.120706600321242
2788,cicids2017_fri_c0,0.050000000000000044,18.300000000000004,59,0.75,0.9428571428571428,0.8354430379746834,1.126669494745985
2789,cicids2017_fri_c0,0.050000000000000044,21.400000000000002,59,0.8648648648648649,0.9142857142857143,0.888888888888889,1.1926508471805826
2790,cicids2017_wed_c1,0.050000000000000044,-15.200000000000006,59,0.2857142857142857,0.9090909090909091,0.43478260869565216,1.157344631738411
2791,cicids2017_wed_c1,0.050000000000000044,-11.700000000000006,59,0.3055555555555556,1.0,0.46808510638297873,1.158054482551474
2792,cicids2017_fri_c0,0.050000000000000044,17.0,59,0.7804878048780488,0.9142857142857143,0.8421052631578947,1.0840488060129334
2793,cicids2017_wed_c0,0.050000000000000044,8.2,59,0.6530612244897959,0.9142857142857143,0.7619047619047618,1.125444499820207
2794,cicids2017_wed_c0,0.050000000000000044,11.899999999999999,59,0.6296296296296297,0.9714285714285714,0.7640449438202247,1.129153582789423
2795,cicids2017_fri_c0,0.050000000000000044,31.900000000000006,59,0.875,1.0,0.9333333333333333,1.1555918055123393
2796,cicids2017_wed_c1,0.050000000000000044,-5.745404152435185e-15,59,0.5294117647058824,0.8181818181818182,0.6428571428571428,1.1523194055447321
2797,cicids2017_wed_c1,0.050000000000000044,-6.2000000000000055,59,0.3548387096774194,1.0,0.5238095238095238,1.17886201149114
2798,cicids2017_wed_c0,0.050000000000000044,13.200000000000003,59,0.6140350877192983,1.0,0.7608695652173912,1.1431185473262184
2799,cicids2017_wed_c0,0.050000000000000044,18.7,59,0.6730769230769231,1.0,0.8045977011494253,1.1435238946409214
2800,cicids2017_tue_c0,0.050000000000000044,18.500000000000004,59,0.7083333333333334,0.9714285714285714,0.8192771084337349,1.1547876605771734
2801,cicids2017_wed_c1,0.050000000000000044,1.2999999999999987,59,0.5,0.9090909090909091,0.6451612903225806,1.1076858845728628
2802,cicids2017_tue_c0,0.050000000000000044,20.700000000000003,59,0.7391304347826086,0.9714285714285714,0.8395061728395062,1.1433491469929296
2803,cicids2017_wed_c1,0.050000000000000044,-11.900000000000004,59,0.3125,0.9090909090909091,0.4651162790697674,1.1351952641542176
2804,cicids2017_fri_c0,0.050000000000000044,13.299999999999997,59,0.8333333333333334,0.8571428571428571,0.8450704225352113,1.1376170452050325
2805,cicids2017_fri_c0,0.050000000000000044,22.9,59,0.7727272727272727,0.9714285714285714,0.8607594936708862,1.1813285243966056
2806,cicids2017_wed_c1,0.050000000000000044,-7.5000000000000036,59,0.35714285714285715,0.9090909090909091,0.5128205128205129,1.1455369598463243
2807,cicids2017_tue_c0,0.050000000000000044,24.200000000000003,59,0.7446808510638298,1.0,0.8536585365853657,1.164993426916603
2808,cicids2017_tue_c0,0.050000000000000044,20.50000000000001,59,0.7857142857142857,0.9428571428571428,0.8571428571428571,1.092718528600609
2809,cicids2017_wed_c1,0.050000000000000044,-18.300000000000004,59,0.2619047619047619,1.0,0.41509433962264153,1.1312954235917618
2810,cicids2017_fri_c0,0.050000000000000044,14.399999999999999,59,0.8571428571428571,0.8571428571428571,0.8571428571428571,1.1099021685865444
2811,cicids2017_wed_c0,0.050000000000000044,10.8,59,0.6181818181818182,0.9714285714285714,0.7555555555555554,1.126405299386337
2812,cicids2017_tue_c0,0.050000000000000044,18.30000000000001,59,0.75,0.9428571428571428,0.8354430379746834,1.0927805451853891
2813,cicids2017_fri_c0,0.050000000000000044,19.4,59,0.7674418604651163,0.9428571428571428,0.8461538461538461,1.0833732938811234
2814,cicids2017_wed_c1,0.050000000000000044,9.199999999999989,59,0.6470588235294118,1.0,0.7857142857142858,1.139747496837213
2815,cicids2017_fri_c0,0.050000000000000044,21.400000000000006,59,0.8648648648648649,0.9142857142857143,0.888888888888889,1.1171775696006503
2816,cicids2017_fri_c0,0.050000000000000044,26.200000000000003,59,0.8292682926829268,0.9714285714285714,0.8947368421052632,1.0852910636925375
2817,cicids2017_wed_c0,0.050000000000000044,9.499999999999998,59,0.6346153846153846,0.9428571428571428,0.7586206896551724,1.132194438892463
2818,cicids2017_wed_c1,0.050000000000000044,-6.200000000000007,59,0.3548387096774194,1.0,0.5238095238095238,1.139010295618215
2819,cicids2017_fri_c0,0.050000000000000044,25.300000000000004,59,0.7608695652173914,1.0,0.8641975308641976,1.1551305456470113
2820,cicids2017_wed_c0,0.050000000000000044,2.5000000000000004,59,0.62,0.8857142857142857,0.7294117647058823,1.0914933056727842
2821,cicids2017_wed_c0,0.050000000000000044,15.199999999999996,59,0.6666666666666666,0.9714285714285714,0.7906976744186046,1.063134610397286
2822,cicids2017_wed_c1,0.050000000000000044,-10.600000000000003,59,0.3142857142857143,1.0,0.4782608695652174,1.117639172149191
2823,cicids2017_fri_c0,0.050000000000000044,22.5,59,0.8888888888888888,0.9142857142857143,0.9014084507042254,1.110032223870416
2824,cicids2017_wed_c1,0.050000000000000044,0.20000000000000268,59,0.47619047619047616,0.9090909090909091,0.6249999999999999,1.0784534853225989
2825,cicids2017_wed_c0,0.050000000000000044,13.000000000000004,59,0.6415094339622641,0.9714285714285714,0.7727272727272727,1.1570510007252597
2826,cicids2017_wed_c1,0.050000000000000044,-15.000000000000002,59,0.28205128205128205,1.0,0.44000000000000006,1.120582149660492
2827,cicids2017_tue_c0,0.050000000000000044,11.299999999999997,59,0.7380952380952381,0.8857142857142857,0.8051948051948051,1.1541238061744274
2828,cicids2017_wed_c1,0.050000000000000044,-9.500000000000007,59,0.3235294117647059,1.0,0.48888888888888893,1.1088043262040888
2829,cicids2017_wed_c0,0.050000000000000044,7.299999999999999,59,0.6111111111111112,0.9428571428571428,0.7415730337078652,1.1449925451496636
2830,cicids2017_fri_c0,0.050000000000000044,23.800000000000004,59,0.8461538461538461,0.9428571428571428,0.8918918918918919,1.126818619188794
2831,cicids2017_wed_c1,0.050000000000000044,-1.7999999999999994,59,0.4074074074074074,1.0,0.5789473684210525,1.1052793279184985
2832,cicids2017_wed_c1,0.050000000000000044,-5.7,59,0.4444444444444444,0.7272727272727273,0.5517241379310345,1.1393324003569938
2833,cicids2017_tue_c0,0.050000000000000044,28.400000000000013,59,0.8717948717948718,0.9714285714285714,0.9189189189189189,1.0919292373679745
2834,cicids2017_wed_c0,0.050000000000000044,6.0,59,0.6274509803921569,0.9142857142857143,0.7441860465116279,1.1058606418877328
2835,cicids2017_tue_c0,0.050000000000000044,21.80000000000001,59,0.7555555555555555,0.9714285714285714,0.85,1.1194601244424316
2836,cicids2017_wed_c0,0.050000000000000044,16.500000000000007,59,0.6481481481481481,1.0,0.7865168539325843,1.088780383030918
2837,cicids2017_wed_c1,0.050000000000000044,-8.400000000000006,59,0.3333333333333333,1.0,0.5,1.0863933656195859
2838,cicids2017_wed_c1,0.050000000000000044,-11.700000000000006,59,0.3055555555555556,1.0,0.46808510638297873,1.0780046392783815
2839,cicids2017_fri_c0,0.050000000000000044,22.900000000000002,59,0.7727272727272727,0.9714285714285714,0.8607594936708862,1.0684815016155662
2840,cicids2017_wed_c1,0.050000000000000044,4.79999999999999,59,0.5238095238095238,1.0,0.6875000000000001,1.0960711585170395
2841,cicids2017_tue_c0,0.050000000000000044,11.699999999999996,59,0.66,0.9428571428571428,0.7764705882352942,1.0859826090827636
2842,cicids2017_wed_c0,0.050000000000000044,10.799999999999999,59,0.6181818181818182,0.9714285714285714,0.7555555555555554,1.0889121524691043
2843,cicids2017_wed_c1,0.050000000000000044,-0.7000000000000058,59,0.4230769230769231,1.0,0.5945945945945945,1.1324469451988168
2844,cicids2017_tue_c0,0.050000000000000044,26.400000000000013,59,0.7777777777777778,1.0,0.8750000000000001,1.1118612657263174
2845,cicids2017_tue_c0,0.050000000000000044,8.899999999999999,59,0.75,0.8571428571428571,0.7999999999999999,1.116311210421657
2846,cicids2017_tue_c0,0.050000000000000044,15.900000000000006,59,0.7619047619047619,0.9142857142857143,0.8311688311688312,1.1221174801267149
2847,cicids2017_wed_c1,0.050000000000000044,-9.500000000000004,59,0.3235294117647059,1.0,0.48888888888888893,1.1007529825238458
2848,cicids2017_tue_c0,0.050000000000000044,22.700000000000006,59,0.825,0.9428571428571428,0.88,1.0808476012923411
2849,cicids2017_tue_c0,0.050000000000000044,17.000000000000004,59,0.7804878048780488,0.9142857142857143,0.8421052631578947,1.0480787501574806
2850,cicids2017_tue_c0,0.050000000000000044,21.60000000000001,59,0.8048780487804879,0.9428571428571428,0.868421052631579,1.0824958610190745
2851,cicids2017_fri_c0,0.050000000000000044,18.1,59,0.8,0.9142857142857143,0.8533333333333333,1.0629216674536728
2852,cicids2017_tue_c0,0.050000000000000044,22.900000000000006,59,0.7727272727272727,0.9714285714285714,0.8607594936708862,1.0686248653188395
2853,cicids2017_fri_c0,0.050000000000000044,26.2,59,0.8292682926829268,0.9714285714285714,0.8947368421052632,1.1084991964142734
2854,cicids2017_fri_c0,0.050000000000000044,23.6,59,0.9142857142857143,0.9142857142857143,0.9142857142857143,1.1171002608586154
2855,cicids2017_wed_c0,0.050000000000000044,4.899999999999999,59,0.6153846153846154,0.9142857142857143,0.7356321839080461,1.092715948152659
2856,cicids2017_fri_c0,0.050000000000000044,11.299999999999995,59,0.7380952380952381,0.8857142857142857,0.8051948051948051,1.0798584942342786
2857,cicids2017_wed_c0,0.050000000000000044,6.899999999999997,59,0.6739130434782609,0.8857142857142857,0.7654320987654321,1.0587065798934794
2858,cicids2017_wed_c1,0.050000000000000044,3.699999999999999,59,0.5,1.0,0.6666666666666666,1.0829496905801734
2859,cicids2017_wed_c0,0.050000000000000044,15.2,59,0.6666666666666666,0.9714285714285714,0.7906976744186046,1.1137869612872124
2860,cicids2017_tue_c0,0.050000000000000044,25.30000000000001,59,0.7608695652173914,1.0,0.8641975308641976,1.0893462987145812
2861,cicids2017_fri_c0,0.050000000000000044,25.10000000000001,59,0.8095238095238095,0.9714285714285714,0.8831168831168832,1.1419686745907607
2862,cicids2017_wed_c1,0.050000000000000044,-30.29999999999999,59,0.1875,0.5454545454545454,0.27906976744186046,1.1139145804554784
2863,cicids2017_wed_c1,0.050000000000000044,-12.800000000000004,59,0.2972972972972973,1.0,0.4583333333333333,1.1628795184240348
2864,cicids2017_wed_c0,0.050000000000000044,16.300000000000004,59,0.68,0.9714285714285714,0.8,1.1826355775547657
2865,cicids2017_fri_c0,0.050000000000000044,14.599999999999998,59,0.7948717948717948,0.8857142857142857,0.8378378378378378,1.1390242169850942
2866,cicids2017_fri_c0,0.050000000000000044,30.800000000000004,59,0.8536585365853658,1.0,0.9210526315789475,1.1622909311129805
2867,cicids2017_tue_c0,0.050000000000000044,14.799999999999997,59,0.7441860465116279,0.9142857142857143,0.8205128205128205,1.0906637853223369
2868,cicids2017_fri_c0,0.050000000000000044,16.800000000000008,59,0.8378378378378378,0.8857142857142857,0.8611111111111112,1.1728970363445512
2869,cicids2017_wed_c1,0.050000000000000044,-15.000000000000004,59,0.28205128205128205,1.0,0.44000000000000006,1.085893767315077
2870,cicids2017_fri_c0,0.050000000000000044,24.000000000000007,59,0.7906976744186046,0.9714285714285714,0.8717948717948717,1.1524507402778976
2871,cicids2017_tue_c0,0.050000000000000044,19.799999999999997,59,0.6862745098039216,1.0,0.813953488372093,1.161326139938781
2872,cicids2017_wed_c1,0.050000000000000044,-9.500000000000005,59,0.3235294117647059,1.0,0.48888888888888893,1.1566194808314574
2873,cicids2017_wed_c1,0.050000000000000044,-21.799999999999997,59,0.24390243902439024,0.9090909090909091,0.38461538461538464,1.1528882309627795
2874,cicids2017_fri_c0,0.050000000000000044,31.9,59,0.875,1.0,0.9333333333333333,1.0643405902904566
2875,cicids2017_tue_c0,0.050000000000000044,30.800000000000004,59,0.8536585365853658,1.0,0.9210526315789475,1.083279522365942
2876,cicids2017_wed_c0,0.050000000000000044,12.599999999999998,59,0.7111111111111111,0.9142857142857143,0.8,1.1001131480873971
2877,cicids2017_wed_c0,0.050000000000000044,-4.3,59,0.5769230769230769,0.8571428571428571,0.689655172413793,1.1009103256422452
2878,cicids2017_wed_c1,0.050000000000000044,-18.5,59,0.2631578947368421,0.9090909090909091,0.4081632653061224,1.1403692401286185
2879,cicids2017_wed_c1,0.050000000000000044,-5.100000000000006,59,0.36666666666666664,1.0,0.5365853658536585,1.0900848985644722
2880,cicids2017_wed_c1,0.050000000000000044,-8.400000000000004,59,0.3333333333333333,1.0,0.5,1.1000070278870764
2881,cicids2017_fri_c0,0.050000000000000044,24.9,59,0.868421052631579,0.9428571428571428,0.904109589041096,1.1392582274409242
2882,cicids2017_fri_c0,0.050000000000000044,23.800000000000004,59,0.8461538461538461,0.9428571428571428,0.8918918918918919,1.1044722655494184
2883,cicids2017_wed_c0,0.050000000000000044,7.299999999999999,59,0.6111111111111112,0.9428571428571428,0.7415730337078652,1.1226565302267009
2884,cicids2017_fri_c0,0.050000000000000044,16.099999999999998,59,0.717391304347826,0.9428571428571428,0.8148148148148148,1.1259627454716756
2885,cicids2017_tue_c0,0.050000000000000044,24.000000000000014,59,0.7906976744186046,0.9714285714285714,0.8717948717948717,1.1426590796169955
2886,cicids2017_fri_c0,0.050000000000000044,20.299999999999997,59,0.8421052631578947,0.9142857142857143,0.8767123287671234,1.0894553273510796
2887,cicids2017_wed_c1,0.050000000000000044,4.599999999999989,59,0.5882352941176471,0.9090909090909091,0.7142857142857143,1.1158304424296026
2888,cicids2017_fri_c0,0.050000000000000044,28.6,59,0.813953488372093,1.0,0.8974358974358974,1.0957157947025866
2889,cicids2017_fri_c0,0.050000000000000044,21.800000000000004,59,0.7555555555555555,0.9714285714285714,0.85,1.1021426952831304
2890,cicids2017_fri_c0,0.050000000000000044,17.900000000000006,59,0.8611111111111112,0.8857142857142857,0.8732394366197184,1.1305051420123584
2891,cicids2017_fri_c0,0.050000000000000044,17.899999999999995,59,0.8611111111111112,0.8857142857142857,0.8732394366197184,1.1564187474913645
2892,cicids2017_wed_c0,0.050000000000000044,8.600000000000001,59,0.5964912280701754,0.9714285714285714,0.7391304347826086,1.0929689580782245
2893,cicids2017_tue_c0,0.050000000000000044,24.000000000000007,59,0.7906976744186046,0.9714285714285714,0.8717948717948717,1.0819092556887433
2894,cicids2017_wed_c1,0.050000000000000044,-11.700000000000003,59,0.3055555555555556,1.0,0.46808510638297873,1.0773900305019632
2895,cicids2017_tue_c0,0.050000000000000044,26.20000000000001,59,0.8292682926829268,0.9714285714285714,0.8947368421052632,1.1084509320779434
2896,cicids2017_wed_c0,0.050000000000000044,16.5,59,0.6481481481481481,1.0,0.7865168539325843,1.1084695594297147
2897,cicids2017_wed_c0,0.050000000000000044,11.899999999999999,59,0.6296296296296297,0.9714285714285714,0.7640449438202247,1.0648827552512854
2898,cicids2017_wed_c0,0.050000000000000044,20.900000000000013,59,0.7,1.0,0.8235294117647058,1.1178769887547304
2899,cicids2017_wed_c1,0.050000000000000044,-12.800000000000006,59,0.2972972972972973,1.0,0.4583333333333333,1.112688392389714
2900,cicids2017_fri_c0,0.050000000000000044,26.200000000000003,59,0.8292682926829268,0.9714285714285714,0.8947368421052632,1.0983274719979716
2901,cicids2017_wed_c0,0.050000000000000044,14.099999999999998,59,0.6538461538461539,0.9714285714285714,0.7816091954022988,1.110521299534737
2902,cicids2017_wed_c1,0.050000000000000044,-1.8000000000000016,59,0.4074074074074074,1.0,0.5789473684210525,1.1382412051452313
2903,cicids2017_wed_c1,0.050000000000000044,-2.9000000000000075,59,0.39285714285714285,1.0,0.5641025641025641,1.1298341168928767
2904,cicids2017_wed_c0,0.050000000000000044,14.299999999999997,59,0.625,1.0,0.7692307692307693,1.158107555177245
2905,cicids2017_wed_c0,0.050000000000000044,10.799999999999999,59,0.6181818181818182,0.9714285714285714,0.7555555555555554,1.1337235284160971
2906,cicids2017_wed_c1,0.050000000000000044,-1.8000000000000056,59,0.4074074074074074,1.0,0.5789473684210525,1.1394074412662842
2907,cicids2017_wed_c0,0.050000000000000044,8.399999999999999,59,0.6226415094339622,0.9428571428571428,0.7500000000000001,1.1226844883054996
2908,cicids2017_wed_c1,0.050000000000000044,-11.700000000000005,59,0.3055555555555556,1.0,0.46808510638297873,1.1410080713913264
2909,cicids2017_fri_c0,0.050000000000000044,28.200000000000003,59,0.9428571428571428,0.9428571428571428,0.9428571428571428,1.097110306728668
2910,cicids2017_tue_c0,0.050000000000000044,33.000000000000014,59,0.8974358974358975,1.0,0.945945945945946,1.1273085240780665
2911,cicids2017_fri_c0,0.050000000000000044,9.8,59,0.8285714285714286,0.8285714285714286,0.8285714285714286,1.2349782894543702
2912,cicids2017_fri_c0,0.050000000000000044,21.6,59,0.8048780487804879,0.9428571428571428,0.868421052631579,1.1302371173187884
2913,cicids2017_tue_c0,0.050000000000000044,25.100000000000005,59,0.8095238095238095,0.9714285714285714,0.8831168831168832,1.187511328916659
2914,cicids2017_fri_c0,0.050000000000000044,23.799999999999997,59,0.8461538461538461,0.9428571428571428,0.8918918918918919,1.068091138499046
2915,cicids2017_tue_c0,0.050000000000000044,17.200000000000003,59,0.7333333333333333,0.9428571428571428,0.8250000000000001,1.1598038024021247
2916,cicids2017_tue_c0,0.050000000000000044,15.90000000000001,59,0.7619047619047619,0.9142857142857143,0.8311688311688312,1.1133240390117825
2917,cicids2017_wed_c0,0.050000000000000044,9.299999999999999,59,0.6666666666666666,0.9142857142857143,0.7710843373493975,1.1363705620016986
2918,cicids2017_wed_c1,0.050000000000000044,-11.700000000000003,59,0.3055555555555556,1.0,0.46808510638297873,1.085029076073838
2919,cicids2017_wed_c1,0.050000000000000044,-5.100000000000006,59,0.36666666666666664,1.0,0.5365853658536585,1.0818606331407898
2920,cicids2017_tue_c0,0.050000000000000044,27.500000000000007,59,0.7954545454545454,1.0,0.8860759493670886,1.1146588820398728
2921,cicids2017_tue_c0,0.050000000000000044,21.800000000000008,59,0.7555555555555555,0.9714285714285714,0.85,1.134952122053492
2922,cicids2017_wed_c1,0.050000000000000044,-19.6,59,0.2564102564102564,0.9090909090909091,0.3999999999999999,1.095904875804879
2923,cicids2017_fri_c0,0.050000000000000044,21.6,59,0.8048780487804879,0.9428571428571428,0.868421052631579,1.1601654935775518
2924,cicids2017_wed_c0,0.050000000000000044,13.200000000000003,59,0.6140350877192983,1.0,0.7608695652173912,1.1291941566423396
2925,cicids2017_tue_c0,0.050000000000000044,18.500000000000007,59,0.7083333333333334,0.9714285714285714,0.8192771084337349,1.1412912358125225
2926,cicids2017_fri_c0,0.050000000000000044,6.299999999999995,59,0.8235294117647058,0.8,0.8115942028985507,1.0751464193338405
2927,cicids2017_wed_c0,0.050000000000000044,4.6999999999999975,59,0.6458333333333334,0.8857142857142857,0.7469879518072288,1.1497466627313448
2928,cicids2017_tue_c0,0.050000000000000044,23.800000000000008,59,0.8461538461538461,0.9428571428571428,0.8918918918918919,1.085379126224341
2929,cicids2017_fri_c0,0.050000000000000044,11.100000000000001,59,0.7894736842105263,0.8571428571428571,0.8219178082191781,1.0650113821981497
2930,cicids2017_wed_c0,0.050000000000000044,11.899999999999999,59,0.6296296296296297,0.9714285714285714,0.7640449438202247,1.0957549088824936
2931,cicids2017_fri_c0,0.050000000000000044,17.0,59,0.7804878048780488,0.9142857142857143,0.8421052631578947,1.1176314651567105
2932,cicids2017_wed_c0,0.050000000000000044,16.500000000000007,59,0.6481481481481481,1.0,0.7865168539325843,1.1100246464122734
2933,cicids2017_fri_c0,0.050000000000000044,10.200000000000003,59,0.7209302325581395,0.8857142857142857,0.7948717948717948,1.146855005743219
2934,cicids2017_tue_c0,0.050000000000000044,22.900000000000006,59,0.7727272727272727,0.9714285714285714,0.8607594936708862,1.1053488474262452
2935,cicids2017_wed_c1,0.050000000000000044,5.89999999999999,59,0.55,1.0,0.7096774193548387,1.1283475999423866
2936,cicids2017_fri_c0,0.050000000000000044,21.400000000000006,59,0.8648648648648649,0.9142857142857143,0.888888888888889,1.1303502119699593
2937,cicids2017_wed_c1,0.050000000000000044,-5.300000000000002,59,0.38461538461538464,0.9090909090909091,0.5405405405405405,1.1165496394575454
2938,cicids2017_wed_c0,0.050000000000000044,8.399999999999999,59,0.6226415094339622,0.9428571428571428,0.7500000000000001,1.1377653949278608
2939,cicids2017_wed_c1,0.050000000000000044,-6.400000000000004,59,0.37037037037037035,0.9090909090909091,0.5263157894736842,1.1116529485897104
2940,cicids2017_fri_c0,0.050000000000000044,6.499999999999998,59,0.7631578947368421,0.8285714285714286,0.7945205479452055,1.0914096476938446
2941,cicids2017_wed_c0,0.050000000000000044,8.399999999999999,59,0.6226415094339622,0.9428571428571428,0.7500000000000001,1.1207220262052637
2942,cicids2017_wed_c1,0.050000000000000044,-11.700000000000003,59,0.3055555555555556,1.0,0.46808510638297873,1.0983820598642298
2943,cicids2017_wed_c1,0.050000000000000044,-10.800000000000006,59,0.3225806451612903,0.9090909090909091,0.4761904761904761,1.1175982094839771
2944,cicids2017_fri_c0,0.050000000000000044,24.900000000000006,59,0.868421052631579,0.9428571428571428,0.904109589041096,1.1174601983702712
2945,cicids2017_wed_c1,0.050000000000000044,-10.800000000000004,59,0.3225806451612903,0.9090909090909091,0.4761904761904761,1.1101781995239226
2946,cicids2017_fri_c0,0.050000000000000044,18.099999999999994,59,0.8,0.9142857142857143,0.8533333333333333,1.0628734827623378
2947,cicids2017_wed_c0,0.050000000000000044,10.799999999999999,59,0.6181818181818182,0.9714285714285714,0.7555555555555554,1.108000066668716
2948,cicids2017_tue_c0,0.050000000000000044,24.00000000000001,59,0.7906976744186046,0.9714285714285714,0.8717948717948717,1.0958256577553442
2949,cicids2017_wed_c0,0.050000000000000044,15.400000000000002,59,0.6363636363636364,1.0,0.7777777777777778,1.0465524962621795
2950,cicids2017_wed_c0,0.050000000000000044,14.300000000000004,59,0.625,1.0,0.7692307692307693,1.0728652415533686
2951,cicids2017_fri_c0,0.050000000000000044,16.800000000000004,59,0.8378378378378378,0.8857142857142857,0.8611111111111112,1.0772861223639774
2952,cicids2017_wed_c0,0.050000000000000044,7.299999999999999,59,0.6111111111111112,0.9428571428571428,0.7415730337078652,1.112127354901733
2953,cicids2017_wed_c1,0.050000000000000044,-5.100000000000003,59,0.36666666666666664,1.0,0.5365853658536585,1.144843273101994
2954,cicids2017_tue_c0,0.050000000000000044,28.600000000000016,59,0.813953488372093,1.0,0.8974358974358974,1.0758709257528356
2955,cicids2017_tue_c0,0.050000000000000044,21.600000000000016,59,0.8048780487804879,0.9428571428571428,0.868421052631579,1.091389630252034
2956,cicids2017_wed_c1,0.050000000000000044,-5.100000000000005,59,0.36666666666666664,1.0,0.5365853658536585,1.1001199479601025
2957,cicids2017_fri_c0,0.050000000000000044,13.499999999999995,59,0.775,0.8857142857142857,0.8266666666666667,1.14762209400587
2958,cicids2017_tue_c0,0.050000000000000044,17.200000000000003,59,0.7333333333333333,0.9428571428571428,0.8250000000000001,1.1220673056255457
2959,cicids2017_wed_c0,0.050000000000000044,7.299999999999999,59,0.6111111111111112,0.9428571428571428,0.7415730337078652,1.1401395317196876
2960,cicids2017_tue_c0,0.050000000000000044,21.800000000000004,59,0.7555555555555555,0.9714285714285714,0.85,1.0922215464062806
2961,cicids2017_wed_c1,0.050000000000000044,-10.600000000000007,59,0.3142857142857143,1.0,0.4782608695652174,1.1367654831218605
2962,cicids2017_tue_c0,0.050000000000000044,26.20000000000001,59,0.8292682926829268,0.9714285714285714,0.8947368421052632,1.130884059749312
2963,cicids2017_wed_c1,0.050000000000000044,-6.200000000000006,59,0.3548387096774194,1.0,0.5238095238095238,1.1312234304111652
2964,cicids2017_fri_c0,0.050000000000000044,18.099999999999998,59,0.8,0.9142857142857143,0.8533333333333333,1.1468241152151821
2965,cicids2017_wed_c0,0.050000000000000044,13.200000000000001,59,0.6140350877192983,1.0,0.7608695652173912,1.134028038994944
2966,cicids2017_wed_c0,0.050000000000000044,14.300000000000004,59,0.625,1.0,0.7692307692307693,1.1316138808069696
2967,cicids2017_fri_c0,0.050000000000000044,29.5,59,0.8947368421052632,0.9714285714285714,0.9315068493150684,1.1502123430840823
2968,cicids2017_fri_c0,0.050000000000000044,9.999999999999998,59,0.7692307692307693,0.8571428571428571,0.8108108108108107,1.1745513531502854
2969,cicids2017_wed_c0,0.050000000000000044,14.300000000000002,59,0.625,1.0,0.7692307692307693,1.1524547820197886
2970,cicids2017_wed_c0,0.050000000000000044,5.1,59,0.5892857142857143,0.9428571428571428,0.7252747252747254,1.1536196625598567
2971,cicids2017_wed_c0,0.050000000000000044,16.3,59,0.68,0.9714285714285714,0.8,1.1662137480634074
2972,cicids2017_fri_c0,0.050000000000000044,20.299999999999997,59,0.8421052631578947,0.9142857142857143,0.8767123287671234,1.0988363654087128
2973,cicids2017_wed_c0,0.050000000000000044,15.399999999999999,59,0.6363636363636364,1.0,0.7777777777777778,1.1410411957167963
2974,cicids2017_wed_c1,0.050000000000000044,-15.200000000000001,59,0.2857142857142857,0.9090909090909091,0.43478260869565216,1.13787175796591
2975,cicids2017_fri_c0,0.050000000000000044,21.60000000000001,59,0.8048780487804879,0.9428571428571428,0.868421052631579,1.1345214698055412
2976,cicids2017_tue_c0,0.050000000000000044,21.600000000000012,59,0.8048780487804879,0.9428571428571428,0.868421052631579,1.1591850529525924
2977,cicids2017_tue_c0,0.050000000000000044,29.50000000000002,59,0.8947368421052632,0.9714285714285714,0.9315068493150684,1.1231475624424352
2978,cicids2017_wed_c1,0.050000000000000044,2.599999999999995,59,0.4782608695652174,1.0,0.6470588235294118,1.1706858069210742
2979,cicids2017_tue_c0,0.050000000000000044,17.400000000000006,59,0.6938775510204082,0.9714285714285714,0.8095238095238094,1.1136005837406484
2980,cicids2017_tue_c0,0.050000000000000044,26.400000000000006,59,0.7777777777777778,1.0,0.8750000000000001,1.1726474850495596
2981,cicids2017_wed_c0,0.050000000000000044,15.399999999999999,59,0.6363636363636364,1.0,0.7777777777777778,1.1090598298371195
2982,cicids2017_fri_c0,0.050000000000000044,20.500000000000014,59,0.7857142857142857,0.9428571428571428,0.8571428571428571,1.142182868396501
2983,cicids2017_wed_c1,0.050000000000000044,-6.4000000000000075,59,0.37037037037037035,0.9090909090909091,0.5263157894736842,1.0908825431441111
2984,cicids2017_wed_c1,0.050000000000000044,-9.500000000000005,59,0.3235294117647059,1.0,0.48888888888888893,1.143575884304723
2985,cicids2017_wed_c0,0.050000000000000044,12.999999999999998,59,0.6415094339622641,0.9714285714285714,0.7727272727272727,1.0876734838807827
2986,cicids2017_wed_c0,0.050000000000000044,14.299999999999997,59,0.625,1.0,0.7692307692307693,1.0470990927891402
2987,cicids2017_wed_c0,0.050000000000000044,13.0,59,0.6415094339622641,0.9714285714285714,0.7727272727272727,1.0938418106214307
2988,cicids2017_wed_c1,0.050000000000000044,-11.700000000000005,59,0.3055555555555556,1.0,0.46808510638297873,1.090547046311603
2989,cicids2017_wed_c1,0.050000000000000044,8.99999999999999,59,0.7692307692307693,0.9090909090909091,0.8333333333333333,1.1305848633139408
2990,cicids2017_tue_c0,0.050000000000000044,-5.100000000000003,59,0.7222222222222222,0.7428571428571429,0.732394366197183,1.121453989797713
2991,cicids2017_tue_c0,0.050000000000000044,29.70000000000001,59,0.8333333333333334,1.0,0.9090909090909091,1.1362315247673098
2992,cicids2017_wed_c0,0.050000000000000044,13.000000000000005,59,0.6415094339622641,0.9714285714285714,0.7727272727272727,1.1257352309304953
2993,cicids2017_fri_c0,0.050000000000000044,21.800000000000004,59,0.7555555555555555,0.9714285714285714,0.85,1.1400942367995464
2994,cicids2017_wed_c1,0.050000000000000044,-12.800000000000004,59,0.2972972972972973,1.0,0.4583333333333333,1.1312653160509774
2995,cicids2017_wed_c1,0.050000000000000044,-12.800000000000006,59,0.2972972972972973,1.0,0.4583333333333333,1.140201255254748
2996,cicids2017_wed_c0,0.050000000000000044,18.70000000000001,59,0.6730769230769231,1.0,0.8045977011494253,1.1670738581627953
2997,cicids2017_tue_c0,0.050000000000000044,21.800000000000004,59,0.7555555555555555,0.9714285714285714,0.85,1.1918520493059042
2998,cicids2017_tue_c0,0.050000000000000044,16.1,59,0.717391304347826,0.9428571428571428,0.8148148148148148,1.1601795731160611
2999,cicids2017_tue_c0,0.050000000000000044,27.50000000000001,59,0.7954545454545454,1.0,0.8860759493670886,1.0724926280171367
3000,cicids2017_wed_c0,0.050000000000000044,8.4,59,0.6226415094339622,0.9428571428571428,0.7500000000000001,1.1404922394992336
